lap_key,season,round,Driver,LapNumber,status,car_rows,pos_rows,merged_rows
2018_r01_Q_HAM_lap19,2018,1,HAM,19.0,ok,342,273,273
2018_r01_Q_SAI_lap16,2018,1,SAI,16.0,ok,351,282,282
2018_r01_Q_VER_lap17,2018,1,VER,17.0,ok,345,275,275
2018_r02_Q_HAM_lap12,2018,2,HAM,12.0,ok,372,297,297
2018_r02_Q_LEC_lap5,2018,2,LEC,5.0,ok,386,307,307
2018_r02_Q_OCO_lap15,2018,2,OCO,15.0,ok,379,302,302
2018_r02_Q_SAI_lap11,2018,2,SAI,11.0,ok,378,302,302
2018_r02_Q_STR_lap4,2018,2,STR,4.0,ok,388,310,310
2018_r02_Q_VER_lap3,2018,2,VER,3.0,ok,546,437,437
2018_r03_Q_HAM_lap14,2018,3,HAM,14.0,ok,386,309,309
2018_r03_Q_LEC_lap8,2018,3,LEC,8.0,ok,391,318,318
2018_r03_Q_OCO_lap8,2018,3,OCO,8.0,ok,385,313,313
2018_r03_Q_SAI_lap17,2018,3,SAI,17.0,ok,393,313,313
2018_r03_Q_STR_lap6,2018,3,STR,6.0,ok,391,317,317
2018_r03_Q_VER_lap11,2018,3,VER,11.0,ok,390,309,309
2018_r04_Q_HAM_lap19,2018,4,HAM,19.0,ok,423,342,342
2018_r04_Q_LEC_lap9,2018,4,LEC,9.0,ok,431,350,350
2018_r04_Q_OCO_lap13,2018,4,OCO,13.0,ok,428,346,346
2018_r04_Q_SAI_lap19,2018,4,SAI,19.0,ok,431,347,347
2018_r04_Q_STR_lap15,2018,4,STR,15.0,ok,432,349,349
2018_r04_Q_VER_lap18,2018,4,VER,18.0,ok,425,343,343
2018_r05_Q_HAM_lap15,2018,5,HAM,15.0,ok,315,256,256
2018_r05_Q_LEC_lap12,2018,5,LEC,12.0,ok,326,266,266
2018_r05_Q_OCO_lap13,2018,5,OCO,13.0,ok,325,265,265
2018_r05_Q_SAI_lap18,2018,5,SAI,18.0,ok,321,262,262
2018_r05_Q_VER_lap12,2018,5,VER,12.0,ok,316,259,259
2018_r06_Q_HAM_lap21,2018,6,HAM,21.0,ok,294,240,240
2018_r06_Q_LEC_lap18,2018,6,LEC,18.0,ok,298,245,245
2018_r06_Q_OCO_lap26,2018,6,OCO,26.0,ok,299,242,242
2018_r06_Q_SAI_lap27,2018,6,SAI,27.0,ok,298,243,243
2018_r06_Q_STR_lap4,2018,6,STR,4.0,ok,303,248,248
2018_r07_Q_HAM_lap20,2018,7,HAM,20.0,ok,293,239,239
2018_r07_Q_LEC_lap19,2018,7,LEC,19.0,ok,298,245,245
2018_r07_Q_OCO_lap13,2018,7,OCO,13.0,ok,297,242,242
2018_r07_Q_SAI_lap5,2018,7,SAI,5.0,ok,298,243,243
2018_r07_Q_VER_lap15,2018,7,VER,15.0,ok,293,239,239
2018_r08_Q_HAM_lap18,2018,8,HAM,18.0,ok,372,303,303
2018_r08_Q_LEC_lap17,2018,8,LEC,17.0,ok,381,310,310
2018_r08_Q_OCO_lap13,2018,8,OCO,13.0,ok,381,310,310
2018_r08_Q_SAI_lap15,2018,8,SAI,15.0,ok,382,309,309
2018_r08_Q_VER_lap15,2018,8,VER,15.0,ok,376,305,305
2018_r09_Q_HAM_lap19,2018,9,HAM,19.0,ok,266,213,213
2018_r09_Q_LEC_lap9,2018,9,LEC,9.0,ok,269,218,218
2018_r09_Q_OCO_lap18,2018,9,OCO,18.0,ok,268,219,219
2018_r09_Q_SAI_lap10,2018,9,SAI,10.0,ok,266,218,218
2018_r09_Q_STR_lap16,2018,9,STR,16.0,ok,269,220,220
2018_r09_Q_VER_lap17,2018,9,VER,17.0,ok,270,215,215
2018_r10_Q_HAM_lap14,2018,10,HAM,14.0,ok,355,289,289
2018_r10_Q_LEC_lap12,2018,10,LEC,12.0,ok,363,295,295
2018_r10_Q_OCO_lap10,2018,10,OCO,10.0,ok,363,296,296
2018_r10_Q_SAI_lap7,2018,10,SAI,7.0,ok,366,297,297
2018_r10_Q_VER_lap13,2018,10,VER,13.0,ok,357,292,292
2018_r11_Q_LEC_lap22,2018,11,LEC,22.0,ok,299,245,245
2018_r11_Q_SAI_lap18,2018,11,SAI,18.0,ok,299,245,245
2018_r11_Q_VER_lap17,2018,11,VER,17.0,ok,295,241,241
2018_r14_Q_HAM_lap18,2018,14,HAM,18.0,ok,327,268,268
2018_r14_Q_LEC_lap7,2018,14,LEC,7.0,ok,337,276,276
2018_r14_Q_OCO_lap16,2018,14,OCO,16.0,ok,335,273,273
2018_r14_Q_SAI_lap16,2018,14,SAI,16.0,ok,334,272,272
2018_r14_Q_STR_lap10,2018,14,STR,10.0,ok,337,274,274
2018_r14_Q_VER_lap8,2018,14,VER,8.0,ok,332,270,270
2018_r15_Q_HAM_lap14,2018,15,HAM,14.0,ok,397,324,324
2018_r15_Q_LEC_lap13,2018,15,LEC,13.0,ok,408,332,332
2018_r15_Q_OCO_lap19,2018,15,OCO,19.0,ok,417,330,330
2018_r15_Q_SAI_lap8,2018,15,SAI,8.0,ok,409,332,332
2018_r15_Q_STR_lap2,2018,15,STR,2.0,ok,419,341,341
2018_r15_Q_VER_lap9,2018,15,VER,9.0,ok,398,325,325
2018_r16_Q_HAM_lap15,2018,16,HAM,15.0,ok,384,308,308
2018_r16_Q_LEC_lap13,2018,16,LEC,13.0,ok,392,314,314
2018_r16_Q_OCO_lap13,2018,16,OCO,13.0,ok,391,315,315
2018_r16_Q_SAI_lap2,2018,16,SAI,2.0,ok,399,319,319
2018_r16_Q_STR_lap4,2018,16,STR,4.0,ok,405,325,325
2018_r16_Q_VER_lap2,2018,16,VER,2.0,ok,392,314,314
2018_r18_Q_HAM_lap18,2018,18,HAM,18.0,ok,387,310,310
2018_r18_Q_LEC_lap10,2018,18,LEC,10.0,ok,386,317,317
2018_r18_Q_OCO_lap17,2018,18,OCO,17.0,ok,395,317,317
2018_r18_Q_SAI_lap11,2018,18,SAI,11.0,ok,388,319,319
2018_r18_Q_STR_lap7,2018,18,STR,7.0,ok,394,321,321
2018_r18_Q_VER_lap2,2018,18,VER,2.0,ok,392,319,319
2018_r19_Q_HAM_lap19,2018,19,HAM,19.0,ok,306,252,252
2018_r19_Q_LEC_lap19,2018,19,LEC,19.0,ok,314,257,257
2018_r19_Q_OCO_lap7,2018,19,OCO,7.0,ok,315,256,256
2018_r19_Q_SAI_lap17,2018,19,SAI,17.0,ok,312,257,257
2018_r19_Q_STR_lap2,2018,19,STR,2.0,ok,318,261,261
2018_r19_Q_VER_lap11,2018,19,VER,11.0,ok,307,252,252
2018_r20_Q_HAM_lap16,2018,20,HAM,16.0,ok,276,226,226
2018_r20_Q_LEC_lap16,2018,20,LEC,16.0,ok,279,230,230
2018_r20_Q_OCO_lap14,2018,20,OCO,14.0,ok,281,231,231
2018_r20_Q_SAI_lap8,2018,20,SAI,8.0,ok,285,233,233
2018_r20_Q_STR_lap8,2018,20,STR,8.0,ok,285,235,235
2018_r20_Q_VER_lap12,2018,20,VER,12.0,ok,280,229,229
2018_r21_Q_HAM_lap17,2018,21,HAM,17.0,ok,389,320,320
2018_r21_Q_LEC_lap19,2018,21,LEC,19.0,ok,396,324,324
2018_r21_Q_OCO_lap17,2018,21,OCO,17.0,ok,397,325,325
2018_r21_Q_SAI_lap5,2018,21,SAI,5.0,ok,398,326,326
2018_r21_Q_STR_lap5,2018,21,STR,5.0,ok,405,333,333
2018_r21_Q_VER_lap11,2018,21,VER,11.0,ok,391,322,322
2019_r01_Q_HAM_lap17,2019,1,HAM,17.0,ok,334,271,271
2019_r01_Q_LEC_lap13,2019,1,LEC,13.0,ok,336,274,274
2019_r01_Q_SAI_lap5,2019,1,SAI,5.0,ok,343,280,280
2019_r01_Q_STR_lap5,2019,1,STR,5.0,ok,343,279,279
2019_r01_Q_VER_lap16,2019,1,VER,16.0,ok,337,274,274
2019_r02_Q_HAM_lap11,2019,2,HAM,11.0,ok,365,297,297
2019_r02_Q_LEC_lap12,2019,2,LEC,12.0,ok,364,296,296
2019_r02_Q_SAI_lap16,2019,2,SAI,16.0,ok,367,299,299
2019_r02_Q_STR_lap5,2019,2,STR,5.0,ok,372,303,303
2019_r02_Q_VER_lap11,2019,2,VER,11.0,ok,366,298,298
2019_r03_Q_HAM_lap11,2019,3,HAM,11.0,ok,375,308,308
2019_r03_Q_LEC_lap15,2019,3,LEC,15.0,ok,375,309,309
2019_r03_Q_SAI_lap11,2019,3,SAI,11.0,ok,385,316,316
2019_r03_Q_STR_lap5,2019,3,STR,5.0,ok,385,317,317
2019_r03_Q_VER_lap11,2019,3,VER,11.0,ok,378,310,310
2019_r04_Q_HAM_lap20,2019,4,HAM,20.0,ok,416,338,338
2019_r04_Q_LEC_lap4,2019,4,LEC,4.0,ok,419,341,341
2019_r04_Q_SAI_lap7,2019,4,SAI,7.0,ok,419,343,343
2019_r04_Q_STR_lap7,2019,4,STR,7.0,ok,422,345,345
2019_r04_Q_VER_lap14,2019,4,VER,14.0,ok,419,341,341
2019_r05_Q_HAM_lap8,2019,5,HAM,8.0,ok,313,256,256
2019_r05_Q_LEC_lap18,2019,5,LEC,18.0,ok,322,258,258
2019_r05_Q_SAI_lap8,2019,5,SAI,8.0,ok,320,261,261
2019_r05_Q_STR_lap8,2019,5,STR,8.0,ok,324,264,264
2019_r05_Q_VER_lap8,2019,5,VER,8.0,ok,319,257,257
2019_r06_Q_HAM_lap27,2019,6,HAM,27.0,ok,289,236,236
2019_r06_Q_LEC_lap4,2019,6,LEC,4.0,ok,297,243,243
2019_r06_Q_SAI_lap29,2019,6,SAI,29.0,ok,294,240,240
2019_r06_Q_STR_lap9,2019,6,STR,9.0,ok,301,246,246
2019_r06_Q_VER_lap12,2019,6,VER,12.0,ok,291,238,238
2019_r07_Q_HAM_lap20,2019,7,HAM,20.0,ok,291,238,238
2019_r07_Q_LEC_lap21,2019,7,LEC,21.0,ok,292,239,239
2019_r07_Q_SAI_lap10,2019,7,SAI,10.0,ok,296,242,242
2019_r07_Q_STR_lap8,2019,7,STR,8.0,ok,298,243,243
2019_r07_Q_VER_lap4,2019,7,VER,4.0,ok,296,242,242
2019_r08_Q_HAM_lap19,2019,8,HAM,19.0,ok,364,297,297
2019_r08_Q_LEC_lap18,2019,8,LEC,18.0,ok,365,300,300
2019_r08_Q_SAI_lap20,2019,8,SAI,20.0,ok,368,301,301
2019_r08_Q_STR_lap8,2019,8,STR,8.0,ok,380,309,309
2019_r08_Q_VER_lap18,2019,8,VER,18.0,ok,368,301,301
2019_r09_Q_HAM_lap25,2019,9,HAM,25.0,ok,264,213,213
2019_r09_Q_LEC_lap17,2019,9,LEC,17.0,ok,263,212,212
2019_r09_Q_SAI_lap7,2019,9,SAI,7.0,ok,271,217,217
2019_r09_Q_STR_lap8,2019,9,STR,8.0,ok,273,218,218
2019_r09_Q_VER_lap16,2019,9,VER,16.0,ok,265,213,213
2019_r10_Q_HAM_lap15,2019,10,HAM,15.0,ok,353,286,286
2019_r10_Q_LEC_lap16,2019,10,LEC,16.0,ok,352,286,286
2019_r10_Q_SAI_lap4,2019,10,SAI,4.0,ok,355,291,291
2019_r10_Q_STR_lap5,2019,10,STR,5.0,ok,358,292,292
2019_r10_Q_VER_lap20,2019,10,VER,20.0,ok,352,287,287
2019_r11_Q_HAM_lap15,2019,11,HAM,15.0,ok,295,241,241
2019_r11_Q_LEC_lap2,2019,11,LEC,2.0,ok,298,243,243
2019_r11_Q_SAI_lap11,2019,11,SAI,11.0,ok,299,245,245
2019_r11_Q_STR_lap2,2019,11,STR,2.0,ok,302,247,247
2019_r11_Q_VER_lap13,2019,11,VER,13.0,ok,297,243,243
2019_r12_Q_HAM_lap20,2019,12,HAM,20.0,ok,309,252,252
2019_r12_Q_LEC_lap16,2019,12,LEC,16.0,ok,310,252,252
2019_r12_Q_SAI_lap19,2019,12,SAI,19.0,ok,313,255,255
2019_r12_Q_STR_lap8,2019,12,STR,8.0,ok,320,261,261
2019_r12_Q_VER_lap14,2019,12,VER,14.0,ok,307,251,251
2019_r13_Q_HAM_lap14,2019,13,HAM,14.0,ok,431,348,348
2019_r13_Q_LEC_lap15,2019,13,LEC,15.0,ok,426,346,346
2019_r13_Q_SAI_lap3,2019,13,SAI,3.0,ok,436,359,359
2019_r13_Q_STR_lap7,2019,13,STR,7.0,ok,429,353,353
2019_r13_Q_VER_lap15,2019,13,VER,15.0,ok,432,349,349
2019_r14_Q_HAM_lap2,2019,14,HAM,2.0,ok,327,270,270
2019_r14_Q_LEC_lap4,2019,14,LEC,4.0,ok,326,270,270
2019_r14_Q_SAI_lap13,2019,14,SAI,13.0,ok,326,271,271
2019_r14_Q_STR_lap16,2019,14,STR,16.0,ok,326,271,271
2019_r15_Q_HAM_lap17,2019,15,HAM,17.0,ok,397,325,325
2019_r15_Q_LEC_lap16,2019,15,LEC,16.0,ok,396,324,324
2019_r15_Q_SAI_lap18,2019,15,SAI,18.0,ok,402,329,329
2019_r15_Q_STR_lap7,2019,15,STR,7.0,ok,412,337,337
2019_r15_Q_VER_lap14,2019,15,VER,14.0,ok,398,326,326
2019_r16_Q_HAM_lap17,2019,16,HAM,17.0,ok,379,310,310
2019_r16_Q_LEC_lap16,2019,16,LEC,16.0,ok,377,308,308
2019_r16_Q_SAI_lap19,2019,16,SAI,19.0,ok,384,314,314
2019_r16_Q_STR_lap10,2019,16,STR,10.0,ok,389,317,317
2019_r16_Q_VER_lap14,2019,16,VER,14.0,ok,381,311,311
2019_r17_Q_HAM_lap19,2019,17,HAM,19.0,ok,365,293,293
2019_r17_Q_LEC_lap15,2019,17,LEC,15.0,ok,365,294,294
2019_r17_Q_SAI_lap20,2019,17,SAI,20.0,ok,369,297,297
2019_r17_Q_STR_lap11,2019,17,STR,11.0,ok,372,300,300
2019_r17_Q_VER_lap15,2019,17,VER,15.0,ok,369,295,295
2019_r18_Q_HAM_lap19,2019,18,HAM,19.0,ok,308,253,253
2019_r18_Q_LEC_lap13,2019,18,LEC,13.0,ok,306,252,252
2019_r18_Q_SAI_lap18,2019,18,SAI,18.0,ok,311,256,256
2019_r18_Q_STR_lap7,2019,18,STR,7.0,ok,319,263,263
2019_r18_Q_VER_lap14,2019,18,VER,14.0,ok,305,252,252
2019_r19_Q_HAM_lap14,2019,19,HAM,14.0,ok,386,311,311
2019_r19_Q_LEC_lap18,2019,19,LEC,18.0,ok,387,310,310
2019_r19_Q_SAI_lap11,2019,19,SAI,11.0,ok,386,313,313
2019_r19_Q_STR_lap7,2019,19,STR,7.0,ok,389,316,316
2019_r19_Q_VER_lap14,2019,19,VER,14.0,ok,388,310,310
2019_r20_Q_HAM_lap15,2019,20,HAM,15.0,ok,278,228,228
2019_r20_Q_LEC_lap16,2019,20,LEC,16.0,ok,278,228,228
2019_r20_Q_STR_lap8,2019,20,STR,8.0,ok,287,235,235
2019_r20_Q_VER_lap5,2019,20,VER,5.0,ok,278,228,228
2019_r21_Q_HAM_lap17,2019,21,HAM,17.0,ok,389,319,319
2019_r21_Q_LEC_lap13,2019,21,LEC,13.0,ok,389,320,320
2019_r21_Q_SAI_lap10,2019,21,SAI,10.0,ok,396,325,325
2019_r21_Q_STR_lap13,2019,21,STR,13.0,ok,400,327,327
2019_r21_Q_VER_lap11,2019,21,VER,11.0,ok,390,321,321
2020_r01_Q_HAM_lap16,2020,1,HAM,16.0,ok,260,288,260
2020_r01_Q_LEC_lap13,2020,1,LEC,13.0,ok,264,292,264
2020_r01_Q_OCO_lap11,2020,1,OCO,11.0,ok,268,295,268
2020_r01_Q_SAI_lap11,2020,1,SAI,11.0,ok,264,292,264
2020_r01_Q_STR_lap10,2020,1,STR,10.0,ok,262,291,262
2020_r01_Q_VER_lap18,2020,1,VER,18.0,ok,262,290,262
2020_r03_Q_HAM_lap21,2020,3,HAM,21.0,ok,310,335,310
2020_r03_Q_LEC_lap19,2020,3,LEC,19.0,ok,315,341,315
2020_r03_Q_OCO_lap7,2020,3,OCO,7.0,ok,313,345,313
2020_r03_Q_SAI_lap18,2020,3,SAI,18.0,ok,315,342,315
2020_r03_Q_STR_lap21,2020,3,STR,21.0,ok,314,339,314
2020_r03_Q_VER_lap17,2020,3,VER,17.0,ok,315,341,315
2020_r04_Q_HAM_lap21,2020,4,HAM,21.0,ok,348,385,348
2020_r04_Q_LEC_lap15,2020,4,LEC,15.0,ok,353,390,353
2020_r04_Q_OCO_lap19,2020,4,OCO,19.0,ok,355,393,355
2020_r04_Q_SAI_lap19,2020,4,SAI,19.0,ok,354,392,354
2020_r04_Q_STR_lap19,2020,4,STR,19.0,ok,353,391,353
2020_r04_Q_VER_lap14,2020,4,VER,14.0,ok,353,389,353
2020_r05_Q_HAM_lap19,2020,5,HAM,19.0,ok,349,389,349
2020_r05_Q_LEC_lap15,2020,5,LEC,15.0,ok,355,395,355
2020_r05_Q_OCO_lap11,2020,5,OCO,11.0,ok,356,397,356
2020_r05_Q_SAI_lap11,2020,5,SAI,11.0,ok,358,397,358
2020_r05_Q_STR_lap17,2020,5,STR,17.0,ok,355,394,355
2020_r05_Q_VER_lap11,2020,5,VER,11.0,ok,354,393,354
2020_r06_Q_HAM_lap11,2020,6,HAM,11.0,ok,312,345,312
2020_r06_Q_LEC_lap8,2020,6,LEC,8.0,ok,315,351,315
2020_r06_Q_OCO_lap11,2020,6,OCO,11.0,ok,318,353,318
2020_r06_Q_SAI_lap7,2020,6,SAI,7.0,ok,316,351,316
2020_r06_Q_STR_lap11,2020,6,STR,11.0,ok,316,350,316
2020_r06_Q_VER_lap11,2020,6,VER,11.0,ok,314,348,314
2020_r07_Q_HAM_lap14,2020,7,HAM,14.0,ok,417,462,417
2020_r07_Q_LEC_lap11,2020,7,LEC,11.0,ok,423,470,423
2020_r07_Q_OCO_lap14,2020,7,OCO,14.0,ok,423,467,423
2020_r07_Q_SAI_lap11,2020,7,SAI,11.0,ok,419,467,419
2020_r07_Q_STR_lap11,2020,7,STR,11.0,ok,422,468,422
2020_r07_Q_VER_lap16,2020,7,VER,16.0,ok,420,464,420
2020_r08_Q_HAM_lap17,2020,8,HAM,17.0,ok,325,360,325
2020_r08_Q_LEC_lap8,2020,8,LEC,8.0,ok,330,367,330
2020_r08_Q_OCO_lap8,2020,8,OCO,8.0,ok,330,366,330
2020_r08_Q_SAI_lap15,2020,8,SAI,15.0,ok,328,363,328
2020_r08_Q_STR_lap9,2020,8,STR,9.0,ok,328,364,328
2020_r08_Q_VER_lap7,2020,8,VER,7.0,ok,329,364,329
2020_r09_Q_HAM_lap10,2020,9,HAM,10.0,ok,311,342,311
2020_r09_Q_LEC_lap8,2020,9,LEC,8.0,ok,316,348,316
2020_r09_Q_OCO_lap8,2020,9,OCO,8.0,ok,315,349,315
2020_r09_Q_SAI_lap8,2020,9,SAI,8.0,ok,319,351,319
2020_r09_Q_STR_lap5,2020,9,STR,5.0,ok,315,348,315
2020_r09_Q_VER_lap5,2020,9,VER,5.0,ok,312,344,312
2020_r10_Q_HAM_lap18,2020,10,HAM,18.0,ok,376,416,376
2020_r10_Q_LEC_lap5,2020,10,LEC,5.0,ok,386,425,386
2020_r10_Q_OCO_lap19,2020,10,OCO,19.0,ok,382,422,382
2020_r10_Q_SAI_lap14,2020,10,SAI,14.0,ok,381,422,381
2020_r10_Q_STR_lap8,2020,10,STR,8.0,ok,385,426,385
2020_r10_Q_VER_lap20,2020,10,VER,20.0,ok,378,419,378
2020_r11_Q_HAM_lap11,2020,11,HAM,11.0,ok,350,389,350
2020_r11_Q_LEC_lap17,2020,11,LEC,17.0,ok,356,392,356
2020_r11_Q_OCO_lap19,2020,11,OCO,19.0,ok,356,393,356
2020_r11_Q_SAI_lap13,2020,11,SAI,13.0,ok,357,393,357
2020_r11_Q_VER_lap8,2020,11,VER,8.0,ok,355,390,355
2020_r12_Q_HAM_lap20,2020,12,HAM,20.0,ok,312,350,312
2020_r12_Q_LEC_lap22,2020,12,LEC,22.0,ok,314,351,314
2020_r12_Q_OCO_lap13,2020,12,OCO,13.0,ok,319,354,319
2020_r12_Q_SAI_lap14,2020,12,SAI,14.0,ok,317,352,317
2020_r12_Q_STR_lap11,2020,12,STR,11.0,ok,318,354,318
2020_r12_Q_VER_lap5,2020,12,VER,5.0,ok,314,350,314
2020_r13_Q_HAM_lap21,2020,13,HAM,21.0,ok,302,336,302
2020_r13_Q_LEC_lap19,2020,13,LEC,19.0,ok,305,341,305
2020_r13_Q_OCO_lap10,2020,13,OCO,10.0,ok,309,342,309
2020_r13_Q_SAI_lap18,2020,13,SAI,18.0,ok,306,341,306
2020_r13_Q_STR_lap12,2020,13,STR,12.0,ok,310,345,310
2020_r13_Q_VER_lap15,2020,13,VER,15.0,ok,303,338,303
2020_r15_Q_HAM_lap15,2020,15,HAM,15.0,ok,360,398,360
2020_r15_Q_LEC_lap5,2020,15,LEC,5.0,ok,369,407,369
2020_r15_Q_OCO_lap13,2020,15,OCO,13.0,ok,364,403,364
2020_r15_Q_SAI_lap2,2020,15,SAI,2.0,ok,368,406,368
2020_r15_Q_STR_lap5,2020,15,STR,5.0,ok,367,404,367
2020_r15_Q_VER_lap14,2020,15,VER,14.0,ok,361,400,361
2020_r16_Q_LEC_lap20,2020,16,LEC,20.0,ok,221,244,221
2020_r16_Q_OCO_lap12,2020,16,OCO,12.0,ok,224,246,224
2020_r16_Q_SAI_lap11,2020,16,SAI,11.0,ok,222,246,222
2020_r16_Q_STR_lap9,2020,16,STR,9.0,ok,221,246,221
2020_r16_Q_VER_lap16,2020,16,VER,16.0,ok,221,244,221
2020_r17_Q_HAM_lap19,2020,17,HAM,19.0,ok,390,435,390
2020_r17_Q_LEC_lap13,2020,17,LEC,13.0,ok,395,437,395
2020_r17_Q_OCO_lap11,2020,17,OCO,11.0,ok,396,440,396
2020_r17_Q_SAI_lap10,2020,17,SAI,10.0,ok,394,437,394
2020_r17_Q_STR_lap14,2020,17,STR,14.0,ok,395,438,395
2020_r17_Q_VER_lap18,2020,17,VER,18.0,ok,392,434,392
2021_r01_Q_HAM_lap17,2021,1,HAM,17.0,ok,373,407,373
2021_r01_Q_LEC_lap14,2021,1,LEC,14.0,ok,374,409,374
2021_r01_Q_OCO_lap2,2021,1,OCO,2.0,ok,383,422,383
2021_r01_Q_SAI_lap10,2021,1,SAI,10.0,ok,373,411,373
2021_r01_Q_STR_lap14,2021,1,STR,14.0,ok,376,413,376
2021_r01_Q_VER_lap14,2021,1,VER,14.0,ok,371,406,371
2021_r02_Q_HAM_lap19,2021,2,HAM,19.0,ok,308,339,308
2021_r02_Q_LEC_lap18,2021,2,LEC,18.0,ok,311,341,311
2021_r02_Q_OCO_lap13,2021,2,OCO,13.0,ok,312,343,312
2021_r02_Q_SAI_lap15,2021,2,SAI,15.0,ok,312,343,312
2021_r02_Q_STR_lap13,2021,2,STR,13.0,ok,312,342,312
2021_r02_Q_VER_lap19,2021,2,VER,19.0,ok,310,339,310
2021_r03_Q_HAM_lap12,2021,3,HAM,12.0,ok,323,355,323
2021_r03_Q_LEC_lap20,2021,3,LEC,20.0,ok,327,359,327
2021_r03_Q_OCO_lap10,2021,3,OCO,10.0,ok,326,358,326
2021_r03_Q_SAI_lap14,2021,3,SAI,14.0,ok,327,360,327
2021_r03_Q_STR_lap4,2021,3,STR,4.0,ok,331,365,331
2021_r03_Q_VER_lap16,2021,3,VER,16.0,ok,324,356,324
2021_r04_Q_HAM_lap15,2021,4,HAM,15.0,ok,319,350,319
2021_r04_Q_LEC_lap17,2021,4,LEC,17.0,ok,322,353,322
2021_r04_Q_OCO_lap11,2021,4,OCO,11.0,ok,323,354,323
2021_r04_Q_SAI_lap11,2021,4,SAI,11.0,ok,322,354,322
2021_r04_Q_STR_lap8,2021,4,STR,8.0,ok,322,355,322
2021_r04_Q_VER_lap10,2021,4,VER,10.0,ok,320,350,320
2021_r05_Q_HAM_lap26,2021,5,HAM,26.0,ok,296,324,296
2021_r05_Q_LEC_lap23,2021,5,LEC,23.0,ok,293,321,293
2021_r05_Q_OCO_lap21,2021,5,OCO,21.0,ok,297,326,297
2021_r05_Q_SAI_lap21,2021,5,SAI,21.0,ok,294,322,294
2021_r05_Q_STR_lap19,2021,5,STR,19.0,ok,297,326,297
2021_r05_Q_VER_lap18,2021,5,VER,18.0,ok,293,321,293
2021_r06_Q_HAM_lap18,2021,6,HAM,18.0,ok,424,462,424
2021_r06_Q_LEC_lap16,2021,6,LEC,16.0,ok,420,462,420
2021_r06_Q_OCO_lap7,2021,6,OCO,7.0,ok,426,466,426
2021_r06_Q_SAI_lap15,2021,6,SAI,15.0,ok,422,464,422
2021_r06_Q_VER_lap16,2021,6,VER,16.0,ok,422,463,422
2021_r07_Q_HAM_lap19,2021,7,HAM,19.0,ok,375,411,375
2021_r07_Q_LEC_lap19,2021,7,LEC,19.0,ok,379,415,379
2021_r07_Q_OCO_lap9,2021,7,OCO,9.0,ok,380,418,380
2021_r07_Q_SAI_lap18,2021,7,SAI,18.0,ok,377,415,377
2021_r07_Q_STR_lap3,2021,7,STR,3.0,ok,384,420,384
2021_r07_Q_VER_lap15,2021,7,VER,15.0,ok,374,410,374
2021_r08_Q_HAM_lap20,2021,8,HAM,20.0,ok,265,292,265
2021_r08_Q_LEC_lap17,2021,8,LEC,17.0,ok,268,294,268
2021_r08_Q_OCO_lap5,2021,8,OCO,5.0,ok,271,298,271
2021_r08_Q_SAI_lap14,2021,8,SAI,14.0,ok,270,295,270
2021_r08_Q_STR_lap11,2021,8,STR,11.0,ok,268,295,268
2021_r08_Q_VER_lap15,2021,8,VER,15.0,ok,266,291,266
2021_r09_Q_HAM_lap14,2021,9,HAM,14.0,ok,266,292,266
2021_r09_Q_LEC_lap14,2021,9,LEC,14.0,ok,269,294,269
2021_r09_Q_OCO_lap5,2021,9,OCO,5.0,ok,270,296,270
2021_r09_Q_SAI_lap14,2021,9,SAI,14.0,ok,269,294,269
2021_r09_Q_STR_lap14,2021,9,STR,14.0,ok,269,294,269
2021_r09_Q_VER_lap11,2021,9,VER,11.0,ok,265,291,265
2021_r10_Q_HAM_lap15,2021,10,HAM,15.0,ok,357,392,357
2021_r10_Q_LEC_lap19,2021,10,LEC,19.0,ok,362,396,362
2021_r10_Q_OCO_lap8,2021,10,OCO,8.0,ok,363,398,363
2021_r10_Q_SAI_lap14,2021,10,SAI,14.0,ok,361,396,361
2021_r10_Q_STR_lap11,2021,10,STR,11.0,ok,365,399,365
2021_r10_Q_VER_lap14,2021,10,VER,14.0,ok,360,393,360
2021_r11_Q_HAM_lap14,2021,11,HAM,14.0,ok,314,344,314
2021_r11_Q_LEC_lap16,2021,11,LEC,16.0,ok,318,348,318
2021_r11_Q_OCO_lap14,2021,11,OCO,14.0,ok,319,350,319
2021_r11_Q_SAI_lap2,2021,11,SAI,2.0,ok,317,349,317
2021_r11_Q_STR_lap11,2021,11,STR,11.0,ok,319,350,319
2021_r11_Q_VER_lap10,2021,11,VER,10.0,ok,313,345,313
2021_r13_Q_HAM_lap15,2021,13,HAM,15.0,ok,287,315,287
2021_r13_Q_LEC_lap11,2021,13,LEC,11.0,ok,289,317,289
2021_r13_Q_OCO_lap8,2021,13,OCO,8.0,ok,290,318,290
2021_r13_Q_SAI_lap18,2021,13,SAI,18.0,ok,289,317,289
2021_r13_Q_STR_lap10,2021,13,STR,10.0,ok,293,321,293
2021_r13_Q_VER_lap13,2021,13,VER,13.0,ok,286,314,286
2021_r14_Q_HAM_lap17,2021,14,HAM,17.0,ok,331,363,331
2021_r14_Q_LEC_lap17,2021,14,LEC,17.0,ok,335,367,335
2021_r14_Q_OCO_lap11,2021,14,OCO,11.0,ok,336,369,336
2021_r14_Q_SAI_lap17,2021,14,SAI,17.0,ok,334,367,334
2021_r14_Q_STR_lap12,2021,14,STR,12.0,ok,336,369,336
2021_r14_Q_VER_lap15,2021,14,VER,15.0,ok,334,365,334
2021_r16_Q_HAM_lap25,2021,16,HAM,25.0,ok,345,378,345
2021_r16_Q_LEC_lap29,2021,16,LEC,29.0,ok,346,380,346
2021_r16_Q_OCO_lap14,2021,16,OCO,14.0,ok,353,387,353
2021_r16_Q_SAI_lap11,2021,16,SAI,11.0,ok,353,388,353
2021_r16_Q_STR_lap22,2021,16,STR,22.0,ok,350,384,350
2021_r16_Q_VER_lap24,2021,16,VER,24.0,ok,345,379,345
2021_r17_Q_HAM_lap14,2021,17,HAM,14.0,ok,387,431,387
2021_r17_Q_LEC_lap16,2021,17,LEC,16.0,ok,389,434,389
2021_r17_Q_OCO_lap8,2021,17,OCO,8.0,ok,396,441,396
2021_r17_Q_SAI_lap14,2021,17,SAI,14.0,ok,391,435,391
2021_r17_Q_STR_lap2,2021,17,STR,2.0,ok,399,438,399
2021_r17_Q_VER_lap14,2021,17,VER,14.0,ok,387,430,387
2021_r18_Q_HAM_lap17,2021,18,HAM,17.0,ok,315,347,315
2021_r18_Q_LEC_lap8,2021,18,LEC,8.0,ok,319,349,319
2021_r18_Q_OCO_lap4,2021,18,OCO,4.0,ok,325,356,325
2021_r18_Q_SAI_lap22,2021,18,SAI,22.0,ok,319,350,319
2021_r18_Q_VER_lap13,2021,18,VER,13.0,ok,316,348,316
2021_r19_Q_HAM_lap22,2021,19,HAM,22.0,ok,282,310,282
2021_r19_Q_LEC_lap15,2021,19,LEC,15.0,ok,286,314,286
2021_r19_Q_OCO_lap13,2021,19,OCO,13.0,ok,288,316,288
2021_r19_Q_SAI_lap18,2021,19,SAI,18.0,ok,286,314,286
2021_r19_Q_STR_lap8,2021,19,STR,8.0,ok,290,317,290
2021_r19_Q_VER_lap13,2021,19,VER,13.0,ok,285,311,285
2021_r20_Q_HAM_lap17,2021,20,HAM,17.0,ok,337,368,337
2021_r20_Q_LEC_lap14,2021,20,LEC,14.0,ok,342,376,342
2021_r20_Q_OCO_lap11,2021,20,OCO,11.0,ok,341,374,341
2021_r20_Q_SAI_lap17,2021,20,SAI,17.0,ok,341,373,341
2021_r20_Q_STR_lap14,2021,20,STR,14.0,ok,343,376,343
2021_r20_Q_VER_lap14,2021,20,VER,14.0,ok,338,371,338
2021_r21_Q_HAM_lap22,2021,21,HAM,22.0,ok,364,398,364
2021_r21_Q_LEC_lap23,2021,21,LEC,23.0,ok,367,402,367
2021_r21_Q_OCO_lap16,2021,21,OCO,16.0,ok,369,403,369
2021_r21_Q_SAI_lap8,2021,21,SAI,8.0,ok,367,402,367
2021_r21_Q_STR_lap7,2021,21,STR,7.0,ok,372,407,372
2021_r21_Q_VER_lap16,2021,21,VER,16.0,ok,364,400,364
2021_r22_Q_HAM_lap17,2021,22,HAM,17.0,ok,342,376,342
2021_r22_Q_LEC_lap22,2021,22,LEC,22.0,ok,346,379,346
2021_r22_Q_OCO_lap19,2021,22,OCO,19.0,ok,348,380,348
2021_r22_Q_SAI_lap21,2021,22,SAI,21.0,ok,346,378,346
2021_r22_Q_STR_lap9,2021,22,STR,9.0,ok,350,383,350
2021_r22_Q_VER_lap15,2021,22,VER,15.0,ok,342,375,342
2022_r01_Q_HAM_lap10,2022,1,HAM,10.0,ok,341,350,341
2022_r01_Q_LEC_lap14,2022,1,LEC,14.0,ok,335,360,335
2022_r01_Q_OCO_lap8,2022,1,OCO,8.0,ok,346,345,345
2022_r01_Q_SAI_lap11,2022,1,SAI,11.0,ok,326,343,326
2022_r01_Q_STR_lap5,2022,1,STR,5.0,ok,346,349,346
2022_r01_Q_VER_lap13,2022,1,VER,13.0,ok,336,367,336
2022_r02_Q_HAM_lap10,2022,2,HAM,10.0,ok,350,355,350
2022_r02_Q_LEC_lap20,2022,2,LEC,20.0,ok,330,337,330
2022_r02_Q_OCO_lap16,2022,2,OCO,16.0,ok,339,343,339
2022_r02_Q_SAI_lap17,2022,2,SAI,17.0,ok,339,342,339
2022_r02_Q_STR_lap8,2022,2,STR,8.0,ok,348,351,348
2022_r02_Q_VER_lap21,2022,2,VER,21.0,ok,329,337,329
2022_r03_Q_HAM_lap27,2022,3,HAM,27.0,ok,294,297,294
2022_r03_Q_LEC_lap20,2022,3,LEC,20.0,ok,288,294,288
2022_r03_Q_OCO_lap22,2022,3,OCO,22.0,ok,294,300,294
2022_r03_Q_SAI_lap15,2022,3,SAI,15.0,ok,289,299,289
2022_r03_Q_VER_lap20,2022,3,VER,20.0,ok,289,309,289
2022_r05_Q_HAM_lap20,2022,5,HAM,20.0,ok,327,337,327
2022_r05_Q_LEC_lap23,2022,5,LEC,23.0,ok,330,333,330
2022_r05_Q_SAI_lap24,2022,5,SAI,24.0,ok,329,336,329
2022_r05_Q_STR_lap14,2022,5,STR,14.0,ok,333,344,333
2022_r05_Q_VER_lap13,2022,5,VER,13.0,ok,323,339,323
2022_r06_Q_HAM_lap14,2022,6,HAM,14.0,ok,309,312,309
2022_r06_Q_LEC_lap10,2022,6,LEC,10.0,ok,306,300,300
2022_r06_Q_OCO_lap8,2022,6,OCO,8.0,ok,303,309,303
2022_r06_Q_SAI_lap14,2022,6,SAI,14.0,ok,310,308,308
2022_r06_Q_STR_lap5,2022,6,STR,5.0,ok,310,316,310
2022_r06_Q_VER_lap11,2022,6,VER,11.0,ok,307,294,294
2022_r07_Q_HAM_lap21,2022,7,HAM,21.0,ok,268,280,268
2022_r07_Q_LEC_lap20,2022,7,LEC,20.0,ok,267,266,266
2022_r07_Q_OCO_lap16,2022,7,OCO,16.0,ok,267,280,267
2022_r07_Q_SAI_lap22,2022,7,SAI,22.0,ok,273,271,271
2022_r07_Q_STR_lap7,2022,7,STR,7.0,ok,274,281,274
2022_r07_Q_VER_lap23,2022,7,VER,23.0,ok,268,280,268
2022_r08_Q_HAM_lap21,2022,8,HAM,21.0,ok,388,402,388
2022_r08_Q_LEC_lap18,2022,8,LEC,18.0,ok,383,394,383
2022_r08_Q_OCO_lap9,2022,8,OCO,9.0,ok,394,390,390
2022_r08_Q_SAI_lap15,2022,8,SAI,15.0,ok,389,391,389
2022_r08_Q_STR_lap3,2022,8,STR,3.0,ok,535,539,535
2022_r08_Q_VER_lap18,2022,8,VER,18.0,ok,391,394,391
2022_r11_Q_HAM_lap12,2022,11,HAM,12.0,ok,249,263,249
2022_r11_Q_LEC_lap24,2022,11,LEC,24.0,ok,238,250,238
2022_r11_Q_OCO_lap26,2022,11,OCO,26.0,ok,241,253,241
2022_r11_Q_SAI_lap24,2022,11,SAI,24.0,ok,239,252,239
2022_r11_Q_STR_lap11,2022,11,STR,11.0,ok,257,263,257
2022_r11_Q_VER_lap17,2022,11,VER,17.0,ok,242,252,242
2022_r12_Q_HAM_lap18,2022,12,HAM,18.0,ok,343,345,343
2022_r12_Q_LEC_lap16,2022,12,LEC,16.0,ok,338,343,338
2022_r12_Q_OCO_lap11,2022,12,OCO,11.0,ok,343,358,343
2022_r12_Q_SAI_lap5,2022,12,SAI,5.0,ok,341,361,341
2022_r12_Q_STR_lap8,2022,12,STR,8.0,ok,354,356,354
2022_r12_Q_VER_lap13,2022,12,VER,13.0,ok,341,343,341
2022_r13_Q_HAM_lap15,2022,13,HAM,15.0,ok,290,290,290
2022_r13_Q_LEC_lap21,2022,13,LEC,21.0,ok,283,287,283
2022_r13_Q_OCO_lap19,2022,13,OCO,19.0,ok,288,288,288
2022_r13_Q_SAI_lap21,2022,13,SAI,21.0,ok,283,290,283
2022_r13_Q_STR_lap15,2022,13,STR,15.0,ok,297,306,297
2022_r13_Q_VER_lap12,2022,13,VER,12.0,ok,283,296,283
2022_r14_Q_HAM_lap13,2022,14,HAM,13.0,ok,393,405,393
2022_r14_Q_LEC_lap9,2022,14,LEC,9.0,ok,387,401,387
2022_r14_Q_OCO_lap12,2022,14,OCO,12.0,ok,405,397,397
2022_r14_Q_SAI_lap10,2022,14,SAI,10.0,ok,400,394,394
2022_r14_Q_STR_lap5,2022,14,STR,5.0,ok,400,407,400
2022_r14_Q_VER_lap8,2022,14,VER,8.0,ok,397,389,389
2022_r15_Q_HAM_lap14,2022,15,HAM,14.0,ok,265,267,265
2022_r15_Q_LEC_lap17,2022,15,LEC,17.0,ok,258,264,258
2022_r15_Q_OCO_lap11,2022,15,OCO,11.0,ok,273,282,273
2022_r15_Q_SAI_lap17,2022,15,SAI,17.0,ok,254,264,254
2022_r15_Q_STR_lap11,2022,15,STR,11.0,ok,280,283,280
2022_r15_Q_VER_lap11,2022,15,VER,11.0,ok,252,260,252
2022_r16_Q_HAM_lap16,2022,16,HAM,16.0,ok,314,321,314
2022_r16_Q_LEC_lap12,2022,16,LEC,12.0,ok,306,315,306
2022_r16_Q_OCO_lap11,2022,16,OCO,11.0,ok,320,316,316
2022_r16_Q_SAI_lap11,2022,16,SAI,11.0,ok,307,316,307
2022_r16_Q_STR_lap8,2022,16,STR,8.0,ok,320,326,320
2022_r16_Q_VER_lap14,2022,16,VER,14.0,ok,310,316,310
2022_r18_Q_HAM_lap19,2022,18,HAM,19.0,ok,335,359,335
2022_r18_Q_LEC_lap11,2022,18,LEC,11.0,ok,341,347,341
2022_r18_Q_OCO_lap17,2022,18,OCO,17.0,ok,342,349,342
2022_r18_Q_SAI_lap11,2022,18,SAI,11.0,ok,342,352,342
2022_r18_Q_STR_lap5,2022,18,STR,5.0,ok,333,346,333
2022_r18_Q_VER_lap8,2022,18,VER,8.0,ok,318,339,318
2022_r19_Q_HAM_lap14,2022,19,HAM,14.0,ok,361,381,361
2022_r19_Q_LEC_lap12,2022,19,LEC,12.0,ok,354,365,354
2022_r19_Q_OCO_lap5,2022,19,OCO,5.0,ok,371,368,368
2022_r19_Q_SAI_lap12,2022,19,SAI,12.0,ok,355,363,355
2022_r19_Q_STR_lap14,2022,19,STR,14.0,ok,365,370,365
2022_r19_Q_VER_lap13,2022,19,VER,13.0,ok,352,354,352
2022_r20_Q_HAM_lap18,2022,20,HAM,18.0,ok,286,305,286
2022_r20_Q_LEC_lap17,2022,20,LEC,17.0,ok,295,304,295
2022_r20_Q_OCO_lap17,2022,20,OCO,17.0,ok,299,306,299
2022_r20_Q_SAI_lap13,2022,20,SAI,13.0,ok,307,302,302
2022_r20_Q_STR_lap9,2022,20,STR,9.0,ok,307,313,307
2022_r20_Q_VER_lap15,2022,20,VER,15.0,ok,290,304,290
2022_r22_Q_HAM_lap20,2022,22,HAM,20.0,ok,314,324,314
2022_r22_Q_LEC_lap16,2022,22,LEC,16.0,ok,309,326,309
2022_r22_Q_OCO_lap16,2022,22,OCO,16.0,ok,312,328,312
2022_r22_Q_SAI_lap15,2022,22,SAI,15.0,ok,308,324,308
2022_r22_Q_STR_lap14,2022,22,STR,14.0,ok,320,331,320
2022_r22_Q_VER_lap16,2022,22,VER,16.0,ok,309,323,309
2023_r01_Q_HAM_lap14,2023,1,HAM,14.0,ok,333,358,333
2023_r01_Q_LEC_lap16,2023,1,LEC,16.0,ok,342,347,342
2023_r01_Q_OCO_lap11,2023,1,OCO,11.0,ok,345,351,345
2023_r01_Q_SAI_lap17,2023,1,SAI,17.0,ok,327,341,327
2023_r01_Q_STR_lap17,2023,1,STR,17.0,ok,338,339,338
2023_r01_Q_VER_lap14,2023,1,VER,14.0,ok,318,334,318
2023_r02_Q_HAM_lap17,2023,2,HAM,17.0,ok,321,340,321
2023_r02_Q_LEC_lap18,2023,2,LEC,18.0,ok,325,338,325
2023_r02_Q_OCO_lap23,2023,2,OCO,23.0,ok,331,350,331
2023_r02_Q_SAI_lap23,2023,2,SAI,23.0,ok,326,336,326
2023_r02_Q_STR_lap19,2023,2,STR,19.0,ok,323,344,323
2023_r02_Q_VER_lap2,2023,2,VER,2.0,ok,322,336,322
2023_r04_Q_HAM_lap20,2023,4,HAM,20.0,ok,394,382,382
2023_r04_Q_LEC_lap20,2023,4,LEC,20.0,ok,392,388,388
2023_r04_Q_OCO_lap18,2023,4,OCO,18.0,ok,386,398,386
2023_r04_Q_SAI_lap20,2023,4,SAI,20.0,ok,392,385,385
2023_r04_Q_STR_lap15,2023,4,STR,15.0,ok,385,394,385
2023_r04_Q_VER_lap19,2023,4,VER,19.0,ok,390,391,390
2023_r05_Q_HAM_lap8,2023,5,HAM,8.0,ok,331,343,331
2023_r05_Q_LEC_lap13,2023,5,LEC,13.0,ok,325,337,325
2023_r05_Q_OCO_lap14,2023,5,OCO,14.0,ok,325,338,325
2023_r05_Q_SAI_lap10,2023,5,SAI,10.0,ok,333,347,333
2023_r05_Q_STR_lap7,2023,5,STR,7.0,ok,323,354,323
2023_r05_Q_VER_lap11,2023,5,VER,11.0,ok,325,332,325
2023_r06_Q_HAM_lap29,2023,6,HAM,29.0,ok,282,276,276
2023_r06_Q_LEC_lap25,2023,6,LEC,25.0,ok,272,277,272
2023_r06_Q_OCO_lap25,2023,6,OCO,25.0,ok,282,276,276
2023_r06_Q_SAI_lap27,2023,6,SAI,27.0,ok,271,270,270
2023_r06_Q_STR_lap18,2023,6,STR,18.0,ok,275,277,275
2023_r06_Q_VER_lap29,2023,6,VER,29.0,ok,262,259,259
2023_r09_Q_HAM_lap24,2023,9,HAM,24.0,ok,249,242,242
2023_r09_Q_LEC_lap25,2023,9,LEC,25.0,ok,244,240,240
2023_r09_Q_OCO_lap14,2023,9,OCO,14.0,ok,258,255,255
2023_r09_Q_SAI_lap24,2023,9,SAI,24.0,ok,243,236,236
2023_r09_Q_STR_lap24,2023,9,STR,24.0,ok,244,242,242
2023_r09_Q_VER_lap23,2023,9,VER,23.0,ok,244,241,241
2023_r11_Q_HAM_lap19,2023,11,HAM,19.0,ok,286,278,278
2023_r11_Q_LEC_lap20,2023,11,LEC,20.0,ok,276,294,276
2023_r11_Q_OCO_lap15,2023,11,OCO,15.0,ok,298,299,298
2023_r11_Q_SAI_lap14,2023,11,SAI,14.0,ok,289,294,289
2023_r11_Q_STR_lap12,2023,11,STR,12.0,ok,287,291,287
2023_r11_Q_VER_lap17,2023,11,VER,17.0,ok,293,294,293
2023_r14_Q_HAM_lap20,2023,14,HAM,20.0,ok,307,308,307
2023_r14_Q_LEC_lap20,2023,14,LEC,20.0,ok,296,304,296
2023_r14_Q_OCO_lap7,2023,14,OCO,7.0,ok,317,323,317
2023_r14_Q_SAI_lap19,2023,14,SAI,19.0,ok,296,304,296
2023_r14_Q_STR_lap6,2023,14,STR,6.0,ok,311,299,299
2023_r14_Q_VER_lap20,2023,14,VER,20.0,ok,294,307,294
2023_r15_Q_HAM_lap15,2023,15,HAM,15.0,ok,343,341,341
2023_r15_Q_LEC_lap20,2023,15,LEC,20.0,ok,337,337,337
2023_r15_Q_OCO_lap17,2023,15,OCO,17.0,ok,340,343,340
2023_r15_Q_SAI_lap19,2023,15,SAI,19.0,ok,341,344,341
2023_r15_Q_STR_lap5,2023,15,STR,5.0,ok,352,344,344
2023_r15_Q_VER_lap10,2023,15,VER,10.0,ok,345,346,345
2023_r16_Q_HAM_lap17,2023,16,HAM,17.0,ok,328,354,328
2023_r16_Q_LEC_lap13,2023,16,LEC,13.0,ok,332,353,332
2023_r16_Q_OCO_lap11,2023,16,OCO,11.0,ok,335,352,335
2023_r16_Q_SAI_lap13,2023,16,SAI,13.0,ok,336,355,336
2023_r16_Q_STR_lap6,2023,16,STR,6.0,ok,340,352,340
2023_r16_Q_VER_lap11,2023,16,VER,11.0,ok,331,350,331
2023_r17_Q_HAM_lap17,2023,17,HAM,17.0,ok,316,323,316
2023_r17_Q_LEC_lap25,2023,17,LEC,25.0,ok,322,314,314
2023_r17_Q_OCO_lap23,2023,17,OCO,23.0,ok,319,316,316
2023_r17_Q_SAI_lap17,2023,17,SAI,17.0,ok,324,326,324
2023_r17_Q_STR_lap9,2023,17,STR,9.0,ok,310,326,310
2023_r17_Q_VER_lap16,2023,17,VER,16.0,ok,317,320,317
2023_r18_Q_HAM_lap17,2023,18,HAM,17.0,ok,344,360,344
2023_r18_Q_LEC_lap20,2023,18,LEC,20.0,ok,345,362,345
2023_r18_Q_OCO_lap20,2023,18,OCO,20.0,ok,344,360,344
2023_r18_Q_SAI_lap17,2023,18,SAI,17.0,ok,345,361,345
2023_r18_Q_STR_lap8,2023,18,STR,8.0,ok,351,366,351
2023_r18_Q_VER_lap17,2023,18,VER,17.0,ok,340,366,340
2023_r19_Q_HAM_lap17,2023,19,HAM,17.0,ok,291,311,291
2023_r19_Q_LEC_lap13,2023,19,LEC,13.0,ok,293,301,293
2023_r19_Q_OCO_lap2,2023,19,OCO,2.0,ok,294,306,294
2023_r19_Q_SAI_lap13,2023,19,SAI,13.0,ok,294,299,294
2023_r19_Q_STR_lap5,2023,19,STR,5.0,ok,293,304,293
2023_r19_Q_VER_lap14,2023,19,VER,14.0,ok,292,299,292
2023_r21_Q_HAM_lap11,2023,21,HAM,11.0,ok,350,368,350
2023_r21_Q_LEC_lap22,2023,21,LEC,22.0,ok,354,349,349
2023_r21_Q_OCO_lap7,2023,21,OCO,7.0,ok,353,365,353
2023_r21_Q_SAI_lap22,2023,21,SAI,22.0,ok,353,360,353
2023_r21_Q_STR_lap17,2023,21,STR,17.0,ok,366,359,359
2023_r21_Q_VER_lap16,2023,21,VER,16.0,ok,343,358,343
2023_r22_Q_HAM_lap11,2023,22,HAM,11.0,ok,324,325,324
2023_r22_Q_LEC_lap17,2023,22,LEC,17.0,ok,304,334,304
2023_r22_Q_OCO_lap11,2023,22,OCO,11.0,ok,322,321,321
2023_r22_Q_SAI_lap5,2023,22,SAI,5.0,ok,316,332,316
2023_r22_Q_STR_lap5,2023,22,STR,5.0,ok,316,337,316
2023_r22_Q_VER_lap11,2023,22,VER,11.0,ok,313,314,313
2024_r01_Q_HAM_lap17,2024,1,HAM,17.0,ok,345,355,345
2024_r01_Q_LEC_lap12,2024,1,LEC,12.0,ok,335,350,335
2024_r01_Q_OCO_lap8,2024,1,OCO,8.0,ok,352,344,344
2024_r01_Q_SAI_lap17,2024,1,SAI,17.0,ok,348,345,345
2024_r01_Q_STR_lap5,2024,1,STR,5.0,ok,344,347,344
2024_r01_Q_VER_lap16,2024,1,VER,16.0,ok,345,355,345
2024_r02_Q_HAM_lap23,2024,2,HAM,23.0,ok,330,353,330
2024_r02_Q_LEC_lap22,2024,2,LEC,22.0,ok,333,345,333
2024_r02_Q_OCO_lap9,2024,2,OCO,9.0,ok,331,347,331
2024_r02_Q_STR_lap7,2024,2,STR,7.0,ok,328,341,328
2024_r02_Q_VER_lap14,2024,2,VER,14.0,ok,342,347,342
2024_r04_Q_HAM_lap11,2024,4,HAM,11.0,ok,341,338,338
2024_r04_Q_LEC_lap11,2024,4,LEC,11.0,ok,331,348,331
2024_r04_Q_OCO_lap5,2024,4,OCO,5.0,ok,333,342,333
2024_r04_Q_SAI_lap8,2024,4,SAI,8.0,ok,344,347,344
2024_r04_Q_STR_lap2,2024,4,STR,2.0,ok,354,348,348
2024_r04_Q_VER_lap11,2024,4,VER,11.0,ok,345,340,340
2024_r05_Q_HAM_lap2,2024,5,HAM,2.0,ok,363,378,363
2024_r05_Q_LEC_lap19,2024,5,LEC,19.0,ok,368,357,357
2024_r05_Q_OCO_lap14,2024,5,OCO,14.0,ok,363,358,358
2024_r05_Q_SAI_lap16,2024,5,SAI,16.0,ok,368,356,356
2024_r05_Q_STR_lap11,2024,5,STR,11.0,ok,362,359,359
2024_r05_Q_VER_lap17,2024,5,VER,17.0,ok,363,359,359
2024_r06_Q_HAM_lap14,2024,6,HAM,14.0,ok,328,349,328
2024_r06_Q_LEC_lap17,2024,6,LEC,17.0,ok,327,340,327
2024_r06_Q_OCO_lap8,2024,6,OCO,8.0,ok,329,344,329
2024_r06_Q_SAI_lap17,2024,6,SAI,17.0,ok,324,336,324
2024_r06_Q_STR_lap8,2024,6,STR,8.0,ok,332,338,332
2024_r06_Q_VER_lap14,2024,6,VER,14.0,ok,328,340,328
2024_r07_Q_HAM_lap19,2024,7,HAM,19.0,ok,289,300,289
2024_r07_Q_LEC_lap20,2024,7,LEC,20.0,ok,298,305,298
2024_r07_Q_OCO_lap14,2024,7,OCO,14.0,ok,295,296,295
2024_r07_Q_SAI_lap19,2024,7,SAI,19.0,ok,297,300,297
2024_r07_Q_STR_lap14,2024,7,STR,14.0,ok,283,289,283
2024_r07_Q_VER_lap17,2024,7,VER,17.0,ok,279,292,279
2024_r08_Q_HAM_lap27,2024,8,HAM,27.0,ok,274,268,268
2024_r08_Q_LEC_lap25,2024,8,LEC,25.0,ok,269,268,268
2024_r08_Q_OCO_lap15,2024,8,OCO,15.0,ok,267,281,267
2024_r08_Q_SAI_lap27,2024,8,SAI,27.0,ok,268,268,268
2024_r08_Q_STR_lap13,2024,8,STR,13.0,ok,270,286,270
2024_r08_Q_VER_lap24,2024,8,VER,24.0,ok,268,266,266
2024_r10_Q_HAM_lap17,2024,10,HAM,17.0,ok,274,279,274
2024_r10_Q_LEC_lap8,2024,10,LEC,8.0,ok,271,278,271
2024_r10_Q_OCO_lap11,2024,10,OCO,11.0,ok,278,273,273
2024_r10_Q_SAI_lap5,2024,10,SAI,5.0,ok,265,272,265
2024_r10_Q_STR_lap14,2024,10,STR,14.0,ok,266,274,266
2024_r10_Q_VER_lap5,2024,10,VER,5.0,ok,262,263,262
2024_r11_Q_HAM_lap17,2024,11,HAM,17.0,ok,255,253,253
2024_r11_Q_LEC_lap18,2024,11,LEC,18.0,ok,245,253,245
2024_r11_Q_OCO_lap17,2024,11,OCO,17.0,ok,248,256,248
2024_r11_Q_SAI_lap17,2024,11,SAI,17.0,ok,249,254,249
2024_r11_Q_STR_lap8,2024,11,STR,8.0,ok,245,245,245
2024_r11_Q_VER_lap17,2024,11,VER,17.0,ok,239,255,239
2024_r15_Q_HAM_lap12,2024,15,HAM,12.0,ok,281,267,267
2024_r15_Q_LEC_lap23,2024,15,LEC,23.0,ok,262,283,262
2024_r15_Q_OCO_lap8,2024,15,OCO,8.0,ok,274,277,274
2024_r15_Q_SAI_lap17,2024,15,SAI,17.0,ok,283,275,275
2024_r15_Q_STR_lap15,2024,15,STR,15.0,ok,280,271,271
2024_r15_Q_VER_lap13,2024,15,VER,13.0,ok,264,270,264
2024_r16_Q_HAM_lap17,2024,16,HAM,17.0,ok,313,316,313
2024_r16_Q_LEC_lap20,2024,16,LEC,20.0,ok,314,322,314
2024_r16_Q_OCO_lap5,2024,16,OCO,5.0,ok,302,302,302
2024_r16_Q_SAI_lap17,2024,16,SAI,17.0,ok,314,320,314
2024_r16_Q_STR_lap2,2024,16,STR,2.0,ok,308,315,308
2024_r16_Q_VER_lap11,2024,16,VER,11.0,ok,300,308,300
2024_r17_Q_HAM_lap21,2024,17,HAM,21.0,ok,400,401,400
2024_r17_Q_LEC_lap19,2024,17,LEC,19.0,ok,399,394,394
2024_r17_Q_OCO_lap5,2024,17,OCO,5.0,ok,387,401,387
2024_r17_Q_SAI_lap22,2024,17,SAI,22.0,ok,399,400,399
2024_r17_Q_STR_lap13,2024,17,STR,13.0,ok,387,404,387
2024_r17_Q_VER_lap19,2024,17,VER,19.0,ok,398,398,398
2024_r18_Q_HAM_lap15,2024,18,HAM,15.0,ok,337,348,337
2024_r18_Q_LEC_lap13,2024,18,LEC,13.0,ok,332,341,332
2024_r18_Q_OCO_lap14,2024,18,OCO,14.0,ok,331,347,331
2024_r18_Q_SAI_lap14,2024,18,SAI,14.0,ok,331,341,331
2024_r18_Q_STR_lap5,2024,18,STR,5.0,ok,336,356,336
2024_r18_Q_VER_lap11,2024,18,VER,11.0,ok,339,333,333
2024_r19_Q_HAM_lap5,2024,19,HAM,5.0,ok,355,364,355
2024_r19_Q_LEC_lap17,2024,19,LEC,17.0,ok,346,357,346
2024_r19_Q_OCO_lap14,2024,19,OCO,14.0,ok,359,364,359
2024_r19_Q_SAI_lap16,2024,19,SAI,16.0,ok,343,360,343
2024_r19_Q_STR_lap10,2024,19,STR,10.0,ok,353,367,353
2024_r19_Q_VER_lap14,2024,19,VER,14.0,ok,353,357,353
2024_r20_Q_HAM_lap15,2024,20,HAM,15.0,ok,291,292,291
2024_r20_Q_LEC_lap20,2024,20,LEC,20.0,ok,292,291,291
2024_r20_Q_OCO_lap8,2024,20,OCO,8.0,ok,296,302,296
2024_r20_Q_SAI_lap20,2024,20,SAI,20.0,ok,292,293,292
2024_r20_Q_STR_lap11,2024,20,STR,11.0,ok,284,307,284
2024_r20_Q_VER_lap17,2024,20,VER,17.0,ok,289,292,289
2024_r22_Q_HAM_lap17,2024,22,HAM,17.0,ok,350,368,350
2024_r22_Q_LEC_lap22,2024,22,LEC,22.0,ok,352,360,352
2024_r22_Q_OCO_lap17,2024,22,OCO,17.0,ok,354,370,354
2024_r22_Q_SAI_lap23,2024,22,SAI,23.0,ok,349,364,349
2024_r22_Q_STR_lap2,2024,22,STR,2.0,ok,352,366,352
2024_r22_Q_VER_lap20,2024,22,VER,20.0,ok,355,370,355
2024_r23_Q_HAM_lap22,2024,23,HAM,22.0,ok,312,306,306
2024_r23_Q_LEC_lap25,2024,23,LEC,25.0,ok,296,314,296
2024_r23_Q_OCO_lap9,2024,23,OCO,9.0,ok,316,313,313
2024_r23_Q_SAI_lap25,2024,23,SAI,25.0,ok,298,317,298
2024_r23_Q_STR_lap13,2024,23,STR,13.0,ok,301,323,301
2024_r23_Q_VER_lap21,2024,23,VER,21.0,ok,302,310,302
2024_r24_Q_HAM_lap3,2024,24,HAM,3.0,ok,313,328,313
2024_r24_Q_LEC_lap11,2024,24,LEC,11.0,ok,311,329,311
2024_r24_Q_SAI_lap15,2024,24,SAI,15.0,ok,322,323,322
2024_r24_Q_STR_lap5,2024,24,STR,5.0,ok,314,331,314
2024_r24_Q_VER_lap11,2024,24,VER,11.0,ok,321,330,321
2025_r01_Q_HAM_lap14,2025,1,HAM,14.0,ok,284,296,284
2025_r01_Q_LEC_lap17,2025,1,LEC,17.0,ok,287,286,286
2025_r01_Q_OCO_lap5,2025,1,OCO,5.0,ok,298,306,298
2025_r01_Q_SAI_lap20,2025,1,SAI,20.0,ok,285,291,285
2025_r01_Q_STR_lap8,2025,1,STR,8.0,ok,290,285,285
2025_r01_Q_VER_lap16,2025,1,VER,16.0,ok,277,285,277
2025_r02_Q_HAM_lap17,2025,2,HAM,17.0,ok,342,345,342
2025_r02_Q_LEC_lap20,2025,2,LEC,20.0,ok,337,350,337
2025_r02_Q_OCO_lap14,2025,2,OCO,14.0,ok,349,356,349
2025_r02_Q_SAI_lap8,2025,2,SAI,8.0,ok,340,352,340
2025_r02_Q_STR_lap11,2025,2,STR,11.0,ok,353,344,344
2025_r02_Q_VER_lap14,2025,2,VER,14.0,ok,333,354,333
2025_r03_Q_HAM_lap14,2025,3,HAM,14.0,ok,328,345,328
2025_r03_Q_LEC_lap17,2025,3,LEC,17.0,ok,322,339,322
2025_r03_Q_OCO_lap8,2025,3,OCO,8.0,ok,334,336,334
2025_r03_Q_SAI_lap14,2025,3,SAI,14.0,ok,319,322,319
2025_r03_Q_STR_lap2,2025,3,STR,2.0,ok,339,334,334
2025_r03_Q_VER_lap16,2025,3,VER,16.0,ok,323,329,323
2025_r04_Q_HAM_lap17,2025,4,HAM,17.0,ok,323,341,323
2025_r04_Q_LEC_lap15,2025,4,LEC,15.0,ok,320,339,320
2025_r04_Q_OCO_lap5,2025,4,OCO,5.0,ok,333,359,333
2025_r04_Q_SAI_lap18,2025,4,SAI,18.0,ok,335,340,335
2025_r04_Q_STR_lap8,2025,4,STR,8.0,ok,335,338,335
2025_r04_Q_VER_lap16,2025,4,VER,16.0,ok,326,339,326
2025_r05_Q_HAM_lap14,2025,5,HAM,14.0,ok,323,337,323
2025_r05_Q_LEC_lap18,2025,5,LEC,18.0,ok,330,343,330
2025_r05_Q_OCO_lap5,2025,5,OCO,5.0,ok,328,343,328
2025_r05_Q_SAI_lap14,2025,5,SAI,14.0,ok,336,338,336
2025_r05_Q_STR_lap5,2025,5,STR,5.0,ok,340,334,334
2025_r05_Q_VER_lap18,2025,5,VER,18.0,ok,318,340,318
2025_r06_Q_HAM_lap11,2025,6,HAM,11.0,ok,329,346,329
2025_r06_Q_LEC_lap19,2025,6,LEC,19.0,ok,321,333,321
2025_r06_Q_OCO_lap20,2025,6,OCO,20.0,ok,324,331,324
2025_r06_Q_SAI_lap19,2025,6,SAI,19.0,ok,312,328,312
2025_r06_Q_STR_lap8,2025,6,STR,8.0,ok,344,330,330
2025_r06_Q_VER_lap17,2025,6,VER,17.0,ok,321,325,321
2025_r07_Q_HAM_lap10,2025,7,HAM,10.0,ok,284,295,284
2025_r07_Q_LEC_lap10,2025,7,LEC,10.0,ok,280,290,280
2025_r07_Q_OCO_lap2,2025,7,OCO,2.0,ok,291,290,290
2025_r07_Q_SAI_lap14,2025,7,SAI,14.0,ok,289,297,289
2025_r07_Q_STR_lap14,2025,7,STR,14.0,ok,282,298,282
2025_r07_Q_VER_lap16,2025,7,VER,16.0,ok,282,287,282
2025_r08_Q_HAM_lap27,2025,8,HAM,27.0,ok,260,280,260
2025_r08_Q_LEC_lap26,2025,8,LEC,26.0,ok,258,271,258
2025_r08_Q_OCO_lap31,2025,8,OCO,31.0,ok,264,273,264
2025_r08_Q_SAI_lap20,2025,8,SAI,20.0,ok,269,276,269
2025_r08_Q_STR_lap6,2025,8,STR,6.0,ok,276,277,276
2025_r08_Q_VER_lap17,2025,8,VER,17.0,ok,269,264,264
2025_r09_Q_HAM_lap14,2025,9,HAM,14.0,ok,269,279,269
2025_r09_Q_LEC_lap11,2025,9,LEC,11.0,ok,263,273,263
2025_r09_Q_OCO_lap8,2025,9,OCO,8.0,ok,273,274,273
2025_r09_Q_SAI_lap5,2025,9,SAI,5.0,ok,275,274,274
2025_r09_Q_STR_lap8,2025,9,STR,8.0,ok,277,277,277
2025_r09_Q_VER_lap11,2025,9,VER,11.0,ok,270,279,270
2025_r10_Q_HAM_lap25,2025,10,HAM,25.0,ok,269,269,269
2025_r10_Q_LEC_lap17,2025,10,LEC,17.0,ok,258,262,258
2025_r10_Q_OCO_lap12,2025,10,OCO,12.0,ok,269,278,269
2025_r10_Q_SAI_lap12,2025,10,SAI,12.0,ok,268,274,268
2025_r10_Q_STR_lap4,2025,10,STR,4.0,ok,271,276,271
2025_r10_Q_VER_lap19,2025,10,VER,19.0,ok,267,278,267
2025_r11_Q_HAM_lap17,2025,11,HAM,17.0,ok,244,243,243
2025_r11_Q_LEC_lap17,2025,11,LEC,17.0,ok,241,248,241
2025_r11_Q_OCO_lap8,2025,11,OCO,8.0,ok,242,243,242
2025_r11_Q_SAI_lap8,2025,11,SAI,8.0,ok,244,253,244
2025_r11_Q_STR_lap8,2025,11,STR,8.0,ok,242,241,241
2025_r11_Q_VER_lap11,2025,11,VER,11.0,ok,252,245,245
2025_r12_Q_HAM_lap12,2025,12,HAM,12.0,ok,314,322,314
2025_r12_Q_LEC_lap20,2025,12,LEC,20.0,ok,313,326,313
2025_r12_Q_OCO_lap8,2025,12,OCO,8.0,ok,323,331,323
2025_r12_Q_SAI_lap11,2025,12,SAI,11.0,ok,313,324,313
2025_r12_Q_STR_lap8,2025,12,STR,8.0,ok,305,315,305
2025_r12_Q_VER_lap17,2025,12,VER,17.0,ok,317,320,317
2025_r13_Q_HAM_lap7,2025,13,HAM,7.0,ok,368,378,368
2025_r13_Q_LEC_lap17,2025,13,LEC,17.0,ok,370,395,370
2025_r13_Q_OCO_lap13,2025,13,OCO,13.0,ok,368,405,368
2025_r13_Q_SAI_lap4,2025,13,SAI,4.0,ok,381,386,381
2025_r13_Q_STR_lap7,2025,13,STR,7.0,ok,380,396,380
2025_r13_Q_VER_lap14,2025,13,VER,14.0,ok,377,385,377
2025_r14_Q_HAM_lap11,2025,14,HAM,11.0,ok,278,285,278
2025_r14_Q_LEC_lap17,2025,14,LEC,17.0,ok,274,291,274
2025_r14_Q_OCO_lap5,2025,14,OCO,5.0,ok,296,298,296
2025_r14_Q_SAI_lap8,2025,14,SAI,8.0,ok,283,291,283
2025_r14_Q_STR_lap11,2025,14,STR,11.0,ok,279,292,279
2025_r14_Q_VER_lap11,2025,14,VER,11.0,ok,266,287,266
2025_r15_Q_HAM_lap13,2025,15,HAM,13.0,ok,256,263,256
2025_r15_Q_LEC_lap14,2025,15,LEC,14.0,ok,251,260,251
2025_r15_Q_OCO_lap8,2025,15,OCO,8.0,ok,266,270,266
2025_r15_Q_SAI_lap11,2025,15,SAI,11.0,ok,266,256,256
2025_r15_Q_VER_lap17,2025,15,VER,17.0,ok,255,271,255
2025_r16_Q_HAM_lap16,2025,16,HAM,16.0,ok,297,300,297
2025_r16_Q_LEC_lap16,2025,16,LEC,16.0,ok,294,299,294
2025_r16_Q_OCO_lap14,2025,16,OCO,14.0,ok,299,300,299
2025_r16_Q_SAI_lap18,2025,16,SAI,18.0,ok,299,305,299
2025_r16_Q_STR_lap8,2025,16,STR,8.0,ok,304,299,299
2025_r16_Q_VER_lap17,2025,16,VER,17.0,ok,289,296,289
2025_r18_Q_HAM_lap19,2025,18,HAM,19.0,ok,327,354,327
2025_r18_Q_LEC_lap18,2025,18,LEC,18.0,ok,335,340,335
2025_r18_Q_OCO_lap2,2025,18,OCO,2.0,ok,337,360,337
2025_r18_Q_SAI_lap10,2025,18,SAI,10.0,ok,342,360,342
2025_r18_Q_STR_lap8,2025,18,STR,8.0,ok,327,354,327
2025_r18_Q_VER_lap14,2025,18,VER,14.0,ok,337,339,337
2025_r19_Q_HAM_lap17,2025,19,HAM,17.0,ok,343,363,343
2025_r19_Q_LEC_lap16,2025,19,LEC,16.0,ok,345,350,345
2025_r19_Q_OCO_lap7,2025,19,OCO,7.0,ok,342,373,342
2025_r19_Q_SAI_lap10,2025,19,SAI,10.0,ok,355,357,355
2025_r19_Q_STR_lap6,2025,19,STR,6.0,ok,344,372,344
2025_r19_Q_VER_lap11,2025,19,VER,11.0,ok,348,359,348
2025_r20_Q_HAM_lap20,2025,20,HAM,20.0,ok,282,278,278
2025_r20_Q_LEC_lap19,2025,20,LEC,19.0,ok,282,276,276
2025_r20_Q_OCO_lap14,2025,20,OCO,14.0,ok,286,295,286
2025_r20_Q_SAI_lap17,2025,20,SAI,17.0,ok,282,282,282
2025_r20_Q_STR_lap8,2025,20,STR,8.0,ok,283,284,283
2025_r20_Q_VER_lap17,2025,20,VER,17.0,ok,284,287,284
2025_r21_Q_HAM_lap8,2025,21,HAM,8.0,ok,266,266,266
2025_r21_Q_LEC_lap15,2025,21,LEC,15.0,ok,265,253,253
2025_r21_Q_OCO_lap8,2025,21,OCO,8.0,ok,266,269,266
2025_r21_Q_SAI_lap9,2025,21,SAI,9.0,ok,264,269,264
2025_r21_Q_STR_lap8,2025,21,STR,8.0,ok,272,265,265
2025_r21_Q_VER_lap8,2025,21,VER,8.0,ok,271,261,261
2025_r23_Q_HAM_lap8,2025,23,HAM,8.0,ok,303,315,303
2025_r23_Q_LEC_lap17,2025,23,LEC,17.0,ok,308,310,308
2025_r23_Q_OCO_lap10,2025,23,OCO,10.0,ok,298,314,298
2025_r23_Q_SAI_lap15,2025,23,SAI,15.0,ok,303,309,303
2025_r23_Q_STR_lap9,2025,23,STR,9.0,ok,303,310,303
2025_r23_Q_VER_lap22,2025,23,VER,22.0,ok,303,303,303
2025_r24_Q_HAM_lap5,2025,24,HAM,5.0,ok,312,321,312
2025_r24_Q_LEC_lap17,2025,24,LEC,17.0,ok,314,315,314
2025_r24_Q_OCO_lap17,2025,24,OCO,17.0,ok,318,317,317
2025_r24_Q_SAI_lap11,2025,24,SAI,11.0,ok,315,311,311
2025_r24_Q_STR_lap14,2025,24,STR,14.0,ok,323,309,309
2025_r24_Q_VER_lap17,2025,24,VER,17.0,ok,311,304,304
