setup,model,fold,epoch,loss,val_loss,accuracy,val_accuracy
race_2025_top5,cnn,1,1,1.4707061052322388,1.65609872341156,0.30178940296173096,0.2678571343421936
race_2025_top5,cnn,1,2,1.0859241485595703,1.109622597694397,0.5278733372688293,0.5517857074737549
race_2025_top5,cnn,1,3,0.7477502822875977,0.6210896968841553,0.6961458921432495,0.7303571701049805
race_2025_top5,cnn,1,4,0.5235418677330017,0.3815401494503021,0.7924982905387878,0.862500011920929
race_2025_top5,cnn,1,5,0.4303429126739502,0.2755312919616699,0.837233304977417,0.9125000238418579
race_2025_top5,cnn,1,6,0.35451915860176086,0.22412621974945068,0.8644184470176697,0.9339285492897034
race_2025_top5,cnn,1,7,0.31315961480140686,0.22942984104156494,0.8768066167831421,0.9321428537368774
race_2025_top5,cnn,1,8,0.26850804686546326,0.2529180645942688,0.9064005613327026,0.925000011920929
race_2025_top5,cnn,1,9,0.23628124594688416,0.3095509707927704,0.9105299115180969,0.9071428775787354
race_2025_top5,cnn,1,10,0.2336042821407318,0.21268245577812195,0.9112181663513184,0.9339285492897034
race_2025_top5,cnn,1,11,0.17148326337337494,0.40438365936279297,0.9373709559440613,0.8696428537368774
race_2025_top5,cnn,1,12,0.17110425233840942,0.45369043946266174,0.9387474060058594,0.8732143044471741
race_2025_top5,cnn,1,13,0.16408713161945343,0.2573884427547455,0.9401238560676575,0.9214285612106323
race_2025_top5,cnn,1,14,0.22131800651550293,0.33786192536354065,0.9242945909500122,0.8946428298950195
race_2025_top5,cnn,1,15,0.134457066655159,0.560950517654419,0.9552649855613708,0.8446428775787354
race_2025_top5,cnn,1,16,0.13594448566436768,0.5780173540115356,0.9518238306045532,0.8428571224212646
race_2025_top5,cnn,1,17,0.12247911095619202,0.30456939339637756,0.960770845413208,0.925000011920929
race_2025_top5,cnn,1,18,0.13299261033535004,0.3763717710971832,0.9576737880706787,0.8946428298950195
race_2025_top5,cnn,2,1,1.5202099084854126,1.437361240386963,0.2702500820159912,0.3529411852359772
race_2025_top5,cnn,2,2,1.1502039432525635,1.297158122062683,0.5046659111976624,0.5264706015586853
race_2025_top5,cnn,2,3,0.7879801392555237,1.2443517446517944,0.6886898279190063,0.5823529362678528
race_2025_top5,cnn,2,4,0.5527838468551636,0.9840281009674072,0.7965658903121948,0.7029411792755127
race_2025_top5,cnn,2,5,0.414177268743515,0.9514331817626953,0.8536767363548279,0.7573529481887817
race_2025_top5,cnn,2,6,0.33139172196388245,0.8915231227874756,0.8880178928375244,0.7602941393852234
race_2025_top5,cnn,2,7,0.26372942328453064,0.9475523829460144,0.9089212417602539,0.770588219165802
race_2025_top5,cnn,2,8,0.25719645619392395,1.1031527519226074,0.9051885008811951,0.7132353186607361
race_2025_top5,cnn,2,9,0.22642001509666443,0.8560366630554199,0.921612560749054,0.7588235139846802
race_2025_top5,cnn,2,10,0.18014667928218842,1.1184771060943604,0.9343038201332092,0.7088235020637512
race_2025_top5,cnn,2,11,0.19494125247001648,0.7142895460128784,0.9313176274299622,0.770588219165802
race_2025_top5,cnn,2,12,0.18078064918518066,0.8955651521682739,0.933184027671814,0.7867646813392639
race_2025_top5,cnn,2,13,0.17986251413822174,1.0448673963546753,0.9343038201332092,0.7279411554336548
race_2025_top5,cnn,2,14,0.1511346846818924,0.9727421402931213,0.9421426057815552,0.7411764860153198
race_2025_top5,cnn,2,15,0.15369610488414764,0.7757100462913513,0.9462485909461975,0.7470588088035583
race_2025_top5,cnn,2,16,0.13490939140319824,0.9075049757957458,0.9529675245285034,0.7411764860153198
race_2025_top5,cnn,2,17,0.1660790592432022,0.893168568611145,0.9376633167266846,0.7926470637321472
race_2025_top5,cnn,2,18,0.10501596331596375,0.7396416664123535,0.9596864581108093,0.800000011920929
race_2025_top5,cnn,2,19,0.14099198579788208,0.8795945048332214,0.9507278800010681,0.7941176295280457
race_2025_top5,cnn,3,1,1.5469104051589966,1.425794005393982,0.25482040643692017,0.27230048179626465
race_2025_top5,cnn,3,2,1.243238091468811,1.1148111820220947,0.40869563817977905,0.44757434725761414
race_2025_top5,cnn,3,3,0.9971981644630432,0.7553101778030396,0.5697542428970337,0.68544602394104
race_2025_top5,cnn,3,4,0.7173286080360413,0.6068778038024902,0.7134215235710144,0.7762128114700317
race_2025_top5,cnn,3,5,0.6104182600975037,0.7462411522865295,0.7527410387992859,0.701095461845398
race_2025_top5,cnn,3,6,0.5145863890647888,0.5505596399307251,0.8094518184661865,0.7871674299240112
race_2025_top5,cnn,3,7,0.396703839302063,0.4131315052509308,0.8593572974205017,0.8403756022453308
race_2025_top5,cnn,3,8,0.39909422397613525,0.794001579284668,0.8514177799224854,0.68544602394104
race_2025_top5,cnn,3,9,0.3470214903354645,0.43770936131477356,0.8733459115028381,0.8278560042381287
race_2025_top5,cnn,3,10,0.30745336413383484,0.6466513276100159,0.8914933800697327,0.7339593172073364
race_2025_top5,cnn,3,11,0.27579188346862793,0.4394420087337494,0.8952741026878357,0.8247261643409729
race_2025_top5,cnn,3,12,0.23178616166114807,0.30817103385925293,0.916824221611023,0.8873239159584045
race_2025_top5,cnn,3,13,0.16156764328479767,0.36514395475387573,0.9493383765220642,0.8904538154602051
race_2025_top5,cnn,3,14,0.1855759620666504,0.23820197582244873,0.9308128356933594,0.9186228513717651
race_2025_top5,cnn,3,15,0.13564880192279816,0.40963682532310486,0.9557656049728394,0.876369297504425
race_2025_top5,cnn,3,16,0.15745924413204193,0.3174351155757904,0.9421550035476685,0.876369297504425
race_2025_top5,cnn,3,17,0.10314799845218658,0.24048274755477905,0.9637051224708557,0.9264475703239441
race_2025_top5,cnn,3,18,0.12779642641544342,0.23845039308071136,0.9561436772346497,0.9217527508735657
race_2025_top5,cnn,3,19,0.1049274206161499,0.30891403555870056,0.9674858450889587,0.8967136144638062
race_2025_top5,cnn,3,20,0.10745649039745331,0.29826343059539795,0.9625709056854248,0.9014084339141846
race_2025_top5,cnn,3,21,0.09010437875986099,0.3199824392795563,0.9705104231834412,0.8998435139656067
race_2025_top5,cnn,3,22,0.09848146885633469,0.38872191309928894,0.9659735560417175,0.8779342770576477
race_2025_top5,cnn,4,1,1.5636698007583618,1.4181617498397827,0.2557491362094879,0.3629032373428345
race_2025_top5,cnn,4,2,1.1960595846176147,1.3275179862976074,0.45331010222435,0.49865591526031494
race_2025_top5,cnn,4,3,0.9363335967063904,1.173048973083496,0.5979093909263611,0.5631720423698425
race_2025_top5,cnn,4,4,0.7164216637611389,1.0068460702896118,0.7229965329170227,0.6451612710952759
race_2025_top5,cnn,4,5,0.5346701741218567,0.8521503806114197,0.799651563167572,0.6827957034111023
race_2025_top5,cnn,4,6,0.4922250509262085,0.7119162678718567,0.8170731663703918,0.7553763389587402
race_2025_top5,cnn,4,7,0.37470299005508423,0.6392697691917419,0.8641114830970764,0.7836021780967712
race_2025_top5,cnn,4,8,0.3181793987751007,0.5738189816474915,0.8811846971511841,0.7970430254936218
race_2025_top5,cnn,4,9,0.2671225368976593,0.664046049118042,0.9031358957290649,0.7849462628364563
race_2025_top5,cnn,4,10,0.2063300758600235,0.508355975151062,0.9306620359420776,0.8293010592460632
race_2025_top5,cnn,4,11,0.18890097737312317,0.4727930724620819,0.9313588738441467,0.8400537371635437
race_2025_top5,cnn,4,12,0.19250823557376862,0.505646288394928,0.9355400800704956,0.8427419066429138
race_2025_top5,cnn,4,13,0.17056503891944885,0.3492179811000824,0.9400696754455566,0.8776881694793701
race_2025_top5,cnn,4,14,0.10491993278265,0.3540448546409607,0.9665505290031433,0.8830645084381104
race_2025_top5,cnn,4,15,0.12394087761640549,0.40611395239830017,0.9550522565841675,0.8844085931777954
race_2025_top5,cnn,4,16,0.1215386912226677,0.34524208307266235,0.9557491540908813,0.8790322542190552
race_2025_top5,cnn,4,17,0.09870699048042297,0.3705715537071228,0.9707317352294922,0.8857526779174805
race_2025_top5,cnn,4,18,0.10843785852193832,0.4284878671169281,0.9609755873680115,0.8669354915618896
race_2025_top5,cnn,4,19,0.10128064453601837,0.3714468479156494,0.9637630581855774,0.8884408473968506
race_2025_top5,cnn,4,20,0.07893335074186325,0.5210298299789429,0.9710801243782043,0.8575268983840942
race_2025_top5,cnn,4,21,0.08233725279569626,0.31600362062454224,0.9707317352294922,0.897849440574646
race_2025_top5,cnn,4,22,0.08623238652944565,0.4066310226917267,0.9710801243782043,0.8588709831237793
race_2025_top5,cnn,4,23,0.06071540713310242,0.39137423038482666,0.9804878234863281,0.8870967626571655
race_2025_top5,cnn,4,24,0.07059164345264435,0.36646535992622375,0.9770034551620483,0.8951612710952759
race_2025_top5,cnn,4,25,0.07504256814718246,0.32048580050468445,0.9735191464424133,0.9032257795333862
race_2025_top5,cnn,4,26,0.06391528248786926,0.26600998640060425,0.9794425368309021,0.9193548560142517
race_2025_top5,cnn,4,27,0.06749161332845688,0.21911092102527618,0.9801393747329712,0.9314516186714172
race_2025_top5,cnn,4,28,0.06354965269565582,0.3173580765724182,0.9777003526687622,0.9032257795333862
race_2025_top5,cnn,4,29,0.0430813804268837,0.2560226321220398,0.986759603023529,0.926075279712677
race_2025_top5,cnn,4,30,0.0340862013399601,0.29904770851135254,0.9902439117431641,0.9099462628364563
race_2025_top5,cnn,4,31,0.04856819286942482,0.28640681505203247,0.9832752346992493,0.9099462628364563
race_2025_top5,cnn,4,32,0.04240870103240013,0.5725065469741821,0.9878048896789551,0.8548387289047241
race_2025_top5,cnn,4,33,0.08727513998746872,0.2224864363670349,0.9686411023139954,0.9099462628364563
race_2025_top5,cnn,4,34,0.05133931711316109,0.38197922706604004,0.9815331101417542,0.8830645084381104
race_2025_top5,cnn,4,35,0.06718385219573975,0.19738414883613586,0.9773519039154053,0.9327957034111023
race_2025_top5,cnn,4,36,0.053504008799791336,0.25709450244903564,0.9832752346992493,0.9045698642730713
race_2025_top5,cnn,4,37,0.027946166694164276,0.3378917872905731,0.9923344850540161,0.9018816947937012
race_2025_top5,cnn,4,38,0.02547415718436241,0.16855129599571228,0.9912891983985901,0.9341397881507874
race_2025_top5,cnn,4,39,0.023891586810350418,0.1746448576450348,0.991637647151947,0.9395161271095276
race_2025_top5,cnn,4,40,0.01728849485516548,0.17611876130104065,0.9937282204627991,0.9408602118492126
race_2025_top5,cnn,4,41,0.02158777415752411,0.5365354418754578,0.992682933807373,0.8642473220825195
race_2025_top5,cnn,4,42,0.11493236571550369,0.24263513088226318,0.9644599556922913,0.9220430254936218
race_2025_top5,cnn,4,43,0.0286503117531538,0.19634519517421722,0.9919860363006592,0.9327957034111023
race_2025_top5,cnn,4,44,0.025701364502310753,0.31517401337623596,0.991637647151947,0.9005376100540161
race_2025_top5,cnn,4,45,0.020857570692896843,0.16901414096355438,0.9937282204627991,0.9475806355476379
race_2025_top5,cnn,4,46,0.01666528359055519,0.2318844497203827,0.9933797717094421,0.9301075339317322
race_2025_top5,cnn,5,1,1.5846061706542969,1.375011920928955,0.2634463906288147,0.3631123900413513
race_2025_top5,cnn,5,2,1.073567509651184,0.9124397039413452,0.5505310297012329,0.6902016997337341
race_2025_top5,cnn,5,3,0.772555947303772,0.8980292677879333,0.6803699731826782,0.7247838377952576
race_2025_top5,cnn,5,4,0.5848079919815063,0.737281322479248,0.7656731605529785,0.7651296854019165
race_2025_top5,cnn,5,5,0.48029589653015137,0.8355148434638977,0.8174031972885132,0.7118155360221863
race_2025_top5,cnn,5,6,0.41973528265953064,0.6987207531929016,0.8403562903404236,0.7925072312355042
race_2025_top5,cnn,5,7,0.31378310918807983,0.7134134769439697,0.8927714824676514,0.8040345907211304
race_2025_top5,cnn,5,8,0.2814878821372986,0.6811936497688293,0.9027063846588135,0.8400576114654541
race_2025_top5,cnn,5,9,0.2268190234899521,0.8618823885917664,0.9266872406005859,0.7348703145980835
race_2025_top5,cnn,5,10,0.2278752326965332,0.654794454574585,0.918465256690979,0.85014408826828
race_2025_top5,cnn,5,11,0.19345100224018097,0.652002215385437,0.9311407804489136,0.8559077978134155
race_2025_top5,cnn,5,12,0.1549578756093979,0.7568089365959167,0.954093873500824,0.8472622632980347
race_2025_top5,cnn,5,13,0.1486809104681015,0.8259673714637756,0.9472422003746033,0.8342939615249634
race_2025_top5,cnn,5,14,0.1400187611579895,0.5859619975090027,0.9568345546722412,0.8645533323287964
race_2025_top5,cnn,5,15,0.11403100937604904,0.845857560634613,0.9653990864753723,0.7939481139183044
race_2025_top5,cnn,5,16,0.1267586499452591,0.6087960004806519,0.9606029391288757,0.8659942150115967
race_2025_top5,cnn,5,17,0.10954618453979492,0.8156956434249878,0.9612880945205688,0.8544668555259705
race_2025_top5,cnn,5,18,0.1332217901945114,0.641632080078125,0.954093873500824,0.860230565071106
race_2025_top5,cnn,5,19,0.07876656204462051,0.5779450535774231,0.9746488332748413,0.8832852840423584
race_2025_top5,cnn,5,20,0.07344068586826324,0.4543784260749817,0.9760192036628723,0.878962516784668
race_2025_top5,cnn,5,21,0.08571930229663849,0.4417456388473511,0.9698526859283447,0.9135446548461914
race_2025_top5,cnn,5,22,0.09589231759309769,0.44225573539733887,0.9677972197532654,0.9034582376480103
race_2025_top5,cnn,5,23,0.0486937016248703,0.46796396374702454,0.9828708171844482,0.860230565071106
race_2025_top5,cnn,5,24,0.059282634407281876,0.5342698097229004,0.9808153510093689,0.9077810049057007
race_2025_top5,cnn,5,25,0.04286538064479828,0.37295418977737427,0.9869818687438965,0.9121037721633911
race_2025_top5,cnn,5,26,0.17444829642772675,0.6300005912780762,0.9390202164649963,0.8703169822692871
race_2025_top5,cnn,5,27,0.05565200746059418,0.5669825673103333,0.9811579585075378,0.8847262263298035
race_2025_top5,cnn,5,28,0.05137765035033226,0.5139703750610352,0.9835560321807861,0.9020172953605652
race_2025_top5,cnn,5,29,0.1018863171339035,0.32830631732940674,0.9657416939735413,0.9178674221038818
race_2025_top5,cnn,5,30,0.05790308117866516,0.6774252653121948,0.9797875881195068,0.880403459072113
race_2025_top5,cnn,5,31,0.044224776327610016,0.40922120213508606,0.9832134246826172,0.9077810049057007
race_2025_top5,cnn,5,32,0.05791919678449631,0.7924954891204834,0.9811579585075378,0.8616714477539062
race_2025_top5,cnn,5,33,0.07345026731491089,0.613918125629425,0.9787598252296448,0.8544668555259705
race_2025_top5,cnn,5,34,0.03734184429049492,0.4750117361545563,0.989722490310669,0.909221887588501
race_2025_top5,cnn,5,35,0.06847123801708221,0.4160318374633789,0.9763617515563965,0.8832852840423584
race_2025_top5,cnn,5,36,0.03097502887248993,0.545722484588623,0.9910928606987,0.9164265394210815
race_2025_top5,cnn,5,37,0.03519327938556671,0.45316651463508606,0.9880095720291138,0.9063400626182556
race_2025_top5,hybrid_cnn_tabular,1,1,1.5223051309585571,1.291964054107666,0.31383344531059265,0.5785714387893677
race_2025_top5,hybrid_cnn_tabular,1,2,1.1158833503723145,0.8967392444610596,0.5712319612503052,0.6107142567634583
race_2025_top5,hybrid_cnn_tabular,1,3,0.7253133058547974,0.7533082962036133,0.7395044565200806,0.6696428656578064
race_2025_top5,hybrid_cnn_tabular,1,4,0.5251518487930298,0.8676347136497498,0.8124569654464722,0.6499999761581421
race_2025_top5,hybrid_cnn_tabular,1,5,0.3682975172996521,0.7780140042304993,0.8785271644592285,0.6803571581840515
race_2025_top5,hybrid_cnn_tabular,1,6,0.2886618971824646,0.6041212677955627,0.9088093638420105,0.7553571462631226
race_2025_top5,hybrid_cnn_tabular,1,7,0.22358176112174988,0.40479663014411926,0.9273915886878967,0.8446428775787354
race_2025_top5,hybrid_cnn_tabular,1,8,0.20102611184120178,0.6501702070236206,0.930488646030426,0.7303571701049805
race_2025_top5,hybrid_cnn_tabular,1,9,0.17960937321186066,0.4149366021156311,0.9380592107772827,0.8535714149475098
race_2025_top5,hybrid_cnn_tabular,1,10,0.15332631766796112,0.43048256635665894,0.9418444633483887,0.8321428298950195
race_2025_top5,hybrid_cnn_tabular,1,11,0.12163262069225311,0.35966306924819946,0.9569855332374573,0.8767856955528259
race_2025_top5,hybrid_cnn_tabular,1,12,0.11382866650819778,0.28919893503189087,0.9587061405181885,0.8999999761581421
race_2025_top5,hybrid_cnn_tabular,1,13,0.1163107305765152,0.2833183705806732,0.956641435623169,0.8857142925262451
race_2025_top5,hybrid_cnn_tabular,1,14,0.09245608747005463,0.3565905690193176,0.9693737030029297,0.8785714507102966
race_2025_top5,hybrid_cnn_tabular,1,15,0.0864737406373024,0.31113648414611816,0.9673089981079102,0.9017857313156128
race_2025_top5,hybrid_cnn_tabular,1,16,0.08138663321733475,0.29966604709625244,0.9707501530647278,0.8946428298950195
race_2025_top5,hybrid_cnn_tabular,1,17,0.08785088360309601,0.22609016299247742,0.968685507774353,0.9357143044471741
race_2025_top5,hybrid_cnn_tabular,1,18,0.0719318687915802,0.4089963436126709,0.9731589555740356,0.875
race_2025_top5,hybrid_cnn_tabular,1,19,0.07979581505060196,0.42622148990631104,0.9752236604690552,0.8821428418159485
race_2025_top5,hybrid_cnn_tabular,1,20,0.06721372902393341,0.3532951772212982,0.9762560129165649,0.9089285731315613
race_2025_top5,hybrid_cnn_tabular,1,21,0.05971255525946617,0.2707461714744568,0.9786648154258728,0.9232142567634583
race_2025_top5,hybrid_cnn_tabular,1,22,0.07668332010507584,0.28323158621788025,0.9731589555740356,0.9178571701049805
race_2025_top5,hybrid_cnn_tabular,1,23,0.0626528412103653,0.250751793384552,0.9779766201972961,0.9214285612106323
race_2025_top5,hybrid_cnn_tabular,1,24,0.06473668664693832,0.4612492620944977,0.9796971678733826,0.8785714507102966
race_2025_top5,hybrid_cnn_tabular,1,25,0.03714727610349655,0.4730844795703888,0.9869236350059509,0.8642857074737549
race_2025_top5,hybrid_cnn_tabular,2,1,1.467434287071228,1.308324933052063,0.3889510929584503,0.5088235139846802
race_2025_top5,hybrid_cnn_tabular,2,2,0.9745931625366211,1.0761356353759766,0.6371780633926392,0.6205882430076599
race_2025_top5,hybrid_cnn_tabular,2,3,0.6330605149269104,0.9555880427360535,0.7637178301811218,0.7044117450714111
race_2025_top5,hybrid_cnn_tabular,2,4,0.46485453844070435,0.9535852074623108,0.8361328840255737,0.6897059082984924
race_2025_top5,hybrid_cnn_tabular,2,5,0.37969595193862915,0.9837294816970825,0.869354248046875,0.7044117450714111
race_2025_top5,hybrid_cnn_tabular,2,6,0.3098868429660797,1.0256441831588745,0.8995894193649292,0.7058823704719543
race_2025_top5,hybrid_cnn_tabular,2,7,0.25325822830200195,1.0592151880264282,0.9111608862876892,0.7485294342041016
race_2025_top5,hybrid_cnn_tabular,2,8,0.20009110867977142,1.0141141414642334,0.9301978349685669,0.7441176176071167
race_2025_top5,hybrid_cnn_tabular,2,9,0.18713854253292084,1.0107369422912598,0.9365434646606445,0.7426470518112183
race_2025_top5,hybrid_cnn_tabular,2,10,0.16287122666835785,1.1188592910766602,0.9462485909461975,0.7470588088035583
race_2025_top5,hybrid_cnn_tabular,2,11,0.1597302258014679,1.1513962745666504,0.9440089464187622,0.7382352948188782
race_2025_top5,hybrid_cnn_tabular,2,12,0.11556921154260635,1.113851547241211,0.9611795544624329,0.7485294342041016
race_2025_top5,hybrid_cnn_tabular,3,1,1.3264565467834473,1.1024442911148071,0.4563327133655548,0.5868544578552246
race_2025_top5,hybrid_cnn_tabular,3,2,0.8342145085334778,0.5971269011497498,0.6899811029434204,0.8137715458869934
race_2025_top5,hybrid_cnn_tabular,3,3,0.5401728749275208,0.4967368543148041,0.8166351318359375,0.8059467673301697
race_2025_top5,hybrid_cnn_tabular,3,4,0.4058588743209839,0.40227454900741577,0.855954647064209,0.8403756022453308
race_2025_top5,hybrid_cnn_tabular,3,5,0.30322712659835815,0.4202953577041626,0.8937618136405945,0.8262910842895508
race_2025_top5,hybrid_cnn_tabular,3,6,0.25125792622566223,0.4303765594959259,0.9130434989929199,0.8028169274330139
race_2025_top5,hybrid_cnn_tabular,3,7,0.21039974689483643,0.2841426432132721,0.9247636795043945,0.8826290965080261
race_2025_top5,hybrid_cnn_tabular,3,8,0.18711255490779877,0.35283732414245605,0.9364839196205139,0.8607198596000671
race_2025_top5,hybrid_cnn_tabular,3,9,0.16883942484855652,0.19834192097187042,0.9410207867622375,0.9170579314231873
race_2025_top5,hybrid_cnn_tabular,3,10,0.13598808646202087,0.2871510088443756,0.951606810092926,0.8873239159584045
race_2025_top5,hybrid_cnn_tabular,3,11,0.1280602663755417,0.3336341381072998,0.9546313881874084,0.8575899600982666
race_2025_top5,hybrid_cnn_tabular,3,12,0.11400121450424194,0.17432327568531036,0.9621928334236145,0.9295774698257446
race_2025_top5,hybrid_cnn_tabular,3,13,0.09145127981901169,0.25222134590148926,0.9705104231834412,0.9076682329177856
race_2025_top5,hybrid_cnn_tabular,3,14,0.10131600499153137,0.19180919229984283,0.9655954837799072,0.9217527508735657
race_2025_top5,hybrid_cnn_tabular,3,15,0.08186274766921997,0.24464036524295807,0.9735350012779236,0.9061033129692078
race_2025_top5,hybrid_cnn_tabular,3,16,0.0672236755490303,0.2510221302509308,0.9773156642913818,0.8935837149620056
race_2025_top5,hybrid_cnn_tabular,3,17,0.07401953637599945,0.20083585381507874,0.9701323509216309,0.9154929518699646
race_2025_top5,hybrid_cnn_tabular,3,18,0.08828409016132355,0.22421105206012726,0.9644612669944763,0.9107981324195862
race_2025_top5,hybrid_cnn_tabular,3,19,0.05999436974525452,0.20125581324100494,0.979962170124054,0.934272289276123
race_2025_top5,hybrid_cnn_tabular,3,20,0.04902247339487076,0.15256108343601227,0.9841209650039673,0.9436619877815247
race_2025_top5,hybrid_cnn_tabular,3,21,0.05630150064826012,0.24252505600452423,0.978827953338623,0.9092331528663635
race_2025_top5,hybrid_cnn_tabular,3,22,0.05096878111362457,0.17718063294887543,0.9829867482185364,0.934272289276123
race_2025_top5,hybrid_cnn_tabular,3,23,0.052306268364191055,0.15532781183719635,0.9822306036949158,0.9452269077301025
race_2025_top5,hybrid_cnn_tabular,3,24,0.04953533783555031,0.13320063054561615,0.9814744591712952,0.9514867067337036
race_2025_top5,hybrid_cnn_tabular,3,25,0.04045432060956955,0.14043964445590973,0.9871455430984497,0.956181526184082
race_2025_top5,hybrid_cnn_tabular,3,26,0.0346255898475647,0.20861463248729706,0.9886578321456909,0.9233176708221436
race_2025_top5,hybrid_cnn_tabular,3,27,0.051128488034009933,0.1579826921224594,0.9826086759567261,0.9358372688293457
race_2025_top5,hybrid_cnn_tabular,3,28,0.03680144622921944,0.2406681627035141,0.9886578321456909,0.9139280319213867
race_2025_top5,hybrid_cnn_tabular,3,29,0.04370242357254028,0.18460655212402344,0.9822306036949158,0.9311423897743225
race_2025_top5,hybrid_cnn_tabular,3,30,0.031894389539957047,0.35666704177856445,0.9882797598838806,0.8779342770576477
race_2025_top5,hybrid_cnn_tabular,3,31,0.03851044923067093,0.18200743198394775,0.9844990372657776,0.9311423897743225
race_2025_top5,hybrid_cnn_tabular,3,32,0.041244909167289734,0.21527214348316193,0.9867674708366394,0.920187771320343
race_2025_top5,hybrid_cnn_tabular,4,1,1.4447658061981201,1.349005937576294,0.3905923366546631,0.35080644488334656
race_2025_top5,hybrid_cnn_tabular,4,2,0.8811979293823242,1.199670433998108,0.6717770099639893,0.4610215127468109
race_2025_top5,hybrid_cnn_tabular,4,3,0.5458363890647888,1.0456304550170898,0.8083623647689819,0.5846773982048035
race_2025_top5,hybrid_cnn_tabular,4,4,0.39664530754089355,0.9825025200843811,0.8630661964416504,0.6196236610412598
race_2025_top5,hybrid_cnn_tabular,4,5,0.29768866300582886,0.9655187726020813,0.9010453224182129,0.6948924660682678
race_2025_top5,hybrid_cnn_tabular,4,6,0.2390107363462448,0.8146799802780151,0.9184669256210327,0.7217742204666138
race_2025_top5,hybrid_cnn_tabular,4,7,0.18894800543785095,0.7686957716941833,0.9376306533813477,0.7647849321365356
race_2025_top5,hybrid_cnn_tabular,4,8,0.1623544991016388,0.7909035086631775,0.9484320282936096,0.7782257795333862
race_2025_top5,hybrid_cnn_tabular,4,9,0.13918650150299072,0.7121886610984802,0.9543554186820984,0.7862903475761414
race_2025_top5,hybrid_cnn_tabular,4,10,0.11207279562950134,0.7362830638885498,0.9623693227767944,0.7943548560142517
race_2025_top5,hybrid_cnn_tabular,4,11,0.12536166608333588,0.5248622894287109,0.9595818519592285,0.8185483813285828
race_2025_top5,hybrid_cnn_tabular,4,12,0.10413092374801636,0.6617556214332581,0.9655052423477173,0.8158602118492126
race_2025_top5,hybrid_cnn_tabular,4,13,0.09083601832389832,0.500921368598938,0.9731707572937012,0.8481183052062988
race_2025_top5,hybrid_cnn_tabular,4,14,0.09748698025941849,0.5954779982566833,0.9665505290031433,0.8440860509872437
race_2025_top5,hybrid_cnn_tabular,4,15,0.07402034103870392,0.5413665175437927,0.9738675951957703,0.852150559425354
race_2025_top5,hybrid_cnn_tabular,4,16,0.07242748141288757,0.6029059290885925,0.9749128818511963,0.8212365508079529
race_2025_top5,hybrid_cnn_tabular,4,17,0.06163117289543152,0.7195033431053162,0.9808362126350403,0.8346773982048035
race_2025_top5,hybrid_cnn_tabular,4,18,0.05217878893017769,0.4941578209400177,0.9829268455505371,0.8588709831237793
race_2025_top5,hybrid_cnn_tabular,4,19,0.05444152653217316,0.4470905065536499,0.9815331101417542,0.8803763389587402
race_2025_top5,hybrid_cnn_tabular,4,20,0.043883491307497025,0.609620213508606,0.9860627055168152,0.8561828136444092
race_2025_top5,hybrid_cnn_tabular,4,21,0.04100837931036949,0.5289080142974854,0.9878048896789551,0.8655914068222046
race_2025_top5,hybrid_cnn_tabular,4,22,0.04999764636158943,0.6941893100738525,0.9836236834526062,0.8346773982048035
race_2025_top5,hybrid_cnn_tabular,4,23,0.044891130179166794,0.755684494972229,0.9829268455505371,0.8400537371635437
race_2025_top5,hybrid_cnn_tabular,4,24,0.04528011754155159,0.6583051681518555,0.9829268455505371,0.8481183052062988
race_2025_top5,hybrid_cnn_tabular,4,25,0.03857661411166191,0.6437489986419678,0.988153338432312,0.8481183052062988
race_2025_top5,hybrid_cnn_tabular,4,26,0.03696950897574425,0.6417193412780762,0.9885017275810242,0.8602150678634644
race_2025_top5,hybrid_cnn_tabular,4,27,0.03974650427699089,0.4327147603034973,0.9864111542701721,0.8857526779174805
race_2025_top5,hybrid_cnn_tabular,4,28,0.03682229667901993,0.7228013873100281,0.9885017275810242,0.8427419066429138
race_2025_top5,hybrid_cnn_tabular,4,29,0.031334616243839264,0.7463871836662292,0.989198625087738,0.8373655676841736
race_2025_top5,hybrid_cnn_tabular,4,30,0.03672998398542404,0.6773953437805176,0.9895470142364502,0.8548387289047241
race_2025_top5,hybrid_cnn_tabular,4,31,0.036164142191410065,0.6252464652061462,0.9874564409255981,0.8615591526031494
race_2025_top5,hybrid_cnn_tabular,4,32,0.042972106486558914,0.6143410205841064,0.9850174188613892,0.8467742204666138
race_2025_top5,hybrid_cnn_tabular,4,33,0.029201103374361992,0.5347738862037659,0.9912891983985901,0.8776881694793701
race_2025_top5,hybrid_cnn_tabular,4,34,0.018471281975507736,0.9087947607040405,0.994076669216156,0.8118279576301575
race_2025_top5,hybrid_cnn_tabular,4,35,0.025145122781395912,0.5917877554893494,0.99303138256073,0.8642473220825195
race_2025_top5,hybrid_cnn_tabular,5,1,1.4770467281341553,1.331590175628662,0.3747859001159668,0.47694525122642517
race_2025_top5,hybrid_cnn_tabular,5,2,1.0624297857284546,0.9701101183891296,0.5878725647926331,0.6138328313827515
race_2025_top5,hybrid_cnn_tabular,5,3,0.6649492383003235,0.9371369481086731,0.7547104954719543,0.680115282535553
race_2025_top5,hybrid_cnn_tabular,5,4,0.4451031982898712,0.9537062644958496,0.8472079634666443,0.7348703145980835
race_2025_top5,hybrid_cnn_tabular,5,5,0.3450535535812378,0.8994405269622803,0.880438506603241,0.7478386163711548
race_2025_top5,hybrid_cnn_tabular,5,6,0.2697420120239258,0.8699146509170532,0.9064748287200928,0.770893394947052
race_2025_top5,hybrid_cnn_tabular,5,7,0.2268616110086441,0.8941632509231567,0.9212058782577515,0.7780979871749878
race_2025_top5,hybrid_cnn_tabular,5,8,0.18948844075202942,0.8211920857429504,0.9369646906852722,0.8126801252365112
race_2025_top5,hybrid_cnn_tabular,5,9,0.16175173223018646,0.7032577395439148,0.9489551186561584,0.8069164156913757
race_2025_top5,hybrid_cnn_tabular,5,10,0.1489766240119934,0.7495337128639221,0.9513531923294067,0.7968299984931946
race_2025_top5,hybrid_cnn_tabular,5,11,0.12897641956806183,0.8519064784049988,0.9588900208473206,0.7968299984931946
race_2025_top5,hybrid_cnn_tabular,5,12,0.11406578868627548,0.8650566339492798,0.9606029391288757,0.7953890562057495
race_2025_top5,hybrid_cnn_tabular,5,13,0.10903617739677429,0.8094591498374939,0.9623158574104309,0.8141210079193115
race_2025_top5,hybrid_cnn_tabular,5,14,0.09411608427762985,0.6941072344779968,0.9715656042098999,0.8141210079193115
race_2025_top5,hybrid_cnn_tabular,5,15,0.08292312175035477,0.7358850240707397,0.9784172773361206,0.7953890562057495
race_2025_top5,hybrid_cnn_tabular,5,16,0.0887865200638771,0.5211891531944275,0.9667694568634033,0.8342939615249634
race_2025_top5,hybrid_cnn_tabular,5,17,0.08810022473335266,0.6570870876312256,0.972250759601593,0.8256484270095825
race_2025_top5,hybrid_cnn_tabular,5,18,0.06575312465429306,0.9169490933418274,0.9787598252296448,0.8170028924942017
race_2025_top5,hybrid_cnn_tabular,5,19,0.0724065825343132,0.8283225893974304,0.9770469069480896,0.8069164156913757
race_2025_top5,hybrid_cnn_tabular,5,20,0.06908170878887177,0.6754614114761353,0.9784172773361206,0.8357348442077637
race_2025_top5,hybrid_cnn_tabular,5,21,0.06769758462905884,0.6850022077560425,0.9770469069480896,0.8126801252365112
race_2025_top5,hybrid_cnn_tabular,5,22,0.05792222172021866,0.806917667388916,0.9835560321807861,0.829971194267273
race_2025_top5,hybrid_cnn_tabular,5,23,0.04779663309454918,0.6387566924095154,0.9862966537475586,0.8414985537528992
race_2025_top5,hybrid_cnn_tabular,5,24,0.0430486686527729,0.8589906096458435,0.9862966537475586,0.8328530192375183
race_2025_top5,gru,1,1,1.614419937133789,1.6081639528274536,0.20887818932533264,0.20714285969734192
race_2025_top5,gru,1,2,1.6103787422180176,1.6057751178741455,0.2068134844303131,0.2053571492433548
race_2025_top5,gru,1,3,1.609412431716919,1.6033291816711426,0.225051611661911,0.22678571939468384
race_2025_top5,gru,1,4,1.6113234758377075,1.603736400604248,0.2233310341835022,0.3482142984867096
race_2025_top5,gru,1,5,1.6093722581863403,1.607767939567566,0.21679283678531647,0.19821429252624512
race_2025_top5,gru,1,6,1.6111007928848267,1.606946587562561,0.2157604992389679,0.18928571045398712
race_2025_top5,gru,1,7,1.6069532632827759,1.6044260263442993,0.23193393647670746,0.21964286267757416
race_2025_top5,gru,1,8,1.6057765483856201,1.6009260416030884,0.23503096401691437,0.2874999940395355
race_2025_top5,gru,1,9,1.6033916473388672,1.603733777999878,0.24638678133487701,0.25535714626312256
race_2025_top5,gru,1,10,1.603497862815857,1.5976392030715942,0.24432209134101868,0.28214284777641296
race_2025_top5,gru,1,11,1.600134253501892,1.5868933200836182,0.25877493619918823,0.28035715222358704
race_2025_top5,gru,1,12,1.5704315900802612,1.5132981538772583,0.2931865155696869,0.38928571343421936
race_2025_top5,gru,1,13,1.4886517524719238,1.5556079149246216,0.3392980098724365,0.24285714328289032
race_2025_top5,gru,1,14,1.3271175622940063,1.2388321161270142,0.39710941910743713,0.4196428656578064
race_2025_top5,gru,1,15,1.2299647331237793,1.374704360961914,0.43083277344703674,0.4017857015132904
race_2025_top5,gru,1,16,1.16672945022583,0.9273558259010315,0.44150033593177795,0.5339285731315613
race_2025_top5,gru,1,17,1.1481690406799316,0.8911124467849731,0.465244323015213,0.5767857432365417
race_2025_top5,gru,1,18,1.0987755060195923,0.9338376522064209,0.47453543543815613,0.5553571581840515
race_2025_top5,gru,1,19,1.0934442281723022,0.9422886371612549,0.484858900308609,0.5392857193946838
race_2025_top5,gru,1,20,1.0617245435714722,1.384188175201416,0.4965588450431824,0.5446428656578064
race_2025_top5,gru,1,21,1.0576512813568115,1.160231113433838,0.5075705647468567,0.4982142746448517
race_2025_top5,gru,1,22,1.0471479892730713,0.8254321813583374,0.5082587599754333,0.6321428418159485
race_2025_top5,gru,1,23,1.0390093326568604,0.8121703267097473,0.5106675624847412,0.5839285850524902
race_2025_top5,gru,1,24,1.026044487953186,0.9153178334236145,0.5233998894691467,0.5910714268684387
race_2025_top5,gru,1,25,1.0382251739501953,0.7799888849258423,0.5216792821884155,0.6660714149475098
race_2025_top5,gru,1,26,0.9823078513145447,0.7569475769996643,0.535443902015686,0.6464285850524902
race_2025_top5,gru,1,27,0.9994563460350037,0.8508257865905762,0.5406056642532349,0.6267856955528259
race_2025_top5,gru,1,28,0.9811463952064514,0.970702052116394,0.5529938340187073,0.6589285731315613
race_2025_top5,gru,1,29,0.9549005031585693,0.7496582865715027,0.5643495917320251,0.7196428775787354
race_2025_top5,gru,1,30,0.9231308102607727,0.8272616267204285,0.5918788909912109,0.6464285850524902
race_2025_top5,gru,1,31,0.9308556318283081,1.1739797592163086,0.5794907212257385,0.6642857193946838
race_2025_top5,gru,1,32,0.9285995364189148,0.9255166053771973,0.5887818336486816,0.6910714507102966
race_2025_top5,gru,1,33,0.9055072665214539,0.6350918412208557,0.5994493961334229,0.7392857074737549
race_2025_top5,gru,1,34,0.901322603225708,0.8910453915596008,0.599793553352356,0.6607142686843872
race_2025_top5,gru,1,35,0.8957031965255737,0.8169159889221191,0.6008259057998657,0.6982142925262451
race_2025_top5,gru,1,36,0.8608527183532715,0.6929514408111572,0.6083964109420776,0.7178571224212646
race_2025_top5,gru,1,37,0.8667678833007812,1.287542462348938,0.6101170182228088,0.5607143044471741
race_2025_top5,gru,1,38,0.8403691649436951,1.1846961975097656,0.6242257356643677,0.5928571224212646
race_2025_top5,gru,1,39,0.8481865525245667,0.6789343953132629,0.6276668906211853,0.7124999761581421
race_2025_top5,gru,1,40,0.831082820892334,1.1182442903518677,0.6242257356643677,0.5982142686843872
race_2025_top5,gru,1,41,0.7819313406944275,0.6806648373603821,0.6503785252571106,0.7107142806053162
race_2025_top5,gru,2,1,1.6120245456695557,1.6192253828048706,0.22060470283031464,0.16764706373214722
race_2025_top5,gru,2,2,1.6037169694900513,1.6157971620559692,0.225830540060997,0.17058824002742767
race_2025_top5,gru,2,3,1.6053401231765747,1.6180213689804077,0.21948488056659698,0.17058824002742767
race_2025_top5,gru,2,4,1.6011830568313599,1.6137713193893433,0.21799178421497345,0.16911764442920685
race_2025_top5,gru,2,5,1.6003247499465942,1.611469030380249,0.22247107326984406,0.16911764442920685
race_2025_top5,gru,2,6,1.6007736921310425,1.615029215812683,0.22508399188518524,0.1720588207244873
race_2025_top5,gru,2,7,1.5984452962875366,1.6155364513397217,0.2239641696214676,0.17058824002742767
race_2025_top5,gru,2,8,1.59761381149292,1.6170175075531006,0.2422545701265335,0.1720588207244873
race_2025_top5,gru,2,9,1.591600775718689,1.6108150482177734,0.2500933110713959,0.17941176891326904
race_2025_top5,gru,2,10,1.5970429182052612,1.6154437065124512,0.24076147377490997,0.1882352977991104
race_2025_top5,gru,2,11,1.5855101346969604,1.6054726839065552,0.265770822763443,0.17058824002742767
race_2025_top5,gru,2,12,1.5808135271072388,1.610192894935608,0.2538260519504547,0.21029411256313324
race_2025_top5,gru,2,13,1.5604220628738403,1.6083728075027466,0.28518104553222656,0.19705882668495178
race_2025_top5,gru,2,14,1.5357320308685303,1.5440921783447266,0.3146696388721466,0.2926470637321472
race_2025_top5,gru,2,15,1.5898158550262451,1.625699520111084,0.2523329555988312,0.17058824002742767
race_2025_top5,gru,2,16,1.6130452156066895,1.6118398904800415,0.2120194137096405,0.17058824002742767
race_2025_top5,gru,2,17,1.609801173210144,1.6146495342254639,0.2168719619512558,0.17058824002742767
race_2025_top5,gru,2,18,1.6064366102218628,1.6138195991516113,0.2053004801273346,0.1720588207244873
race_2025_top5,gru,2,19,1.6060737371444702,1.614580750465393,0.21799178421497345,0.20735293626785278
race_2025_top5,gru,2,20,1.6053129434585571,1.614280104637146,0.2123926877975464,0.1823529452085495
race_2025_top5,gru,2,21,1.6034612655639648,1.6121402978897095,0.225830540060997,0.17058824002742767
race_2025_top5,gru,2,22,1.600274682044983,1.6127816438674927,0.22881671786308289,0.17058824002742767
race_2025_top5,gru,3,1,1.6157780885696411,1.607957124710083,0.2068052887916565,0.18309858441352844
race_2025_top5,gru,3,2,1.6066182851791382,1.598897933959961,0.21058601140975952,0.18309858441352844
race_2025_top5,gru,3,3,1.604220986366272,1.6008350849151611,0.22570888698101044,0.20970265567302704
race_2025_top5,gru,3,4,1.6033387184143066,1.5957788228988647,0.22457467019557953,0.19874803721904755
race_2025_top5,gru,3,5,1.599874496459961,1.5924113988876343,0.22533081471920013,0.27230048179626465
race_2025_top5,gru,3,6,1.5889674425125122,1.5344843864440918,0.2616257071495056,0.3239436745643616
race_2025_top5,gru,3,7,1.5256426334381104,1.3613070249557495,0.3224952816963196,0.4272300601005554
race_2025_top5,gru,3,8,1.5029277801513672,1.408762812614441,0.3262760043144226,0.34585288166999817
race_2025_top5,gru,3,9,1.5336837768554688,1.5324548482894897,0.3111531138420105,0.3239436745643616
race_2025_top5,gru,3,10,1.434966802597046,1.229021668434143,0.35576558113098145,0.49452269077301025
race_2025_top5,gru,3,11,1.3576380014419556,1.1999547481536865,0.39773157238960266,0.46791863441467285
race_2025_top5,gru,3,12,1.284140706062317,0.983487069606781,0.4268431067466736,0.5539906024932861
race_2025_top5,gru,3,13,1.2270065546035767,1.3514258861541748,0.44877126812934875,0.3176838755607605
race_2025_top5,gru,3,14,1.147217869758606,1.1938533782958984,0.4839319586753845,0.40375587344169617
race_2025_top5,gru,3,15,1.1053409576416016,0.9351719617843628,0.5009451508522034,0.5446009635925293
race_2025_top5,gru,3,16,1.0671943426132202,0.8049389719963074,0.5206049084663391,0.621283233165741
race_2025_top5,gru,3,17,1.0449657440185547,1.7602145671844482,0.525519847869873,0.34115806221961975
race_2025_top5,gru,3,18,1.03572678565979,1.491246223449707,0.5353497266769409,0.4272300601005554
race_2025_top5,gru,3,19,1.0140902996063232,0.7295049428939819,0.5497164726257324,0.6588419675827026
race_2025_top5,gru,3,20,0.95603346824646,1.1950647830963135,0.5686200261116028,0.5383411645889282
race_2025_top5,gru,3,21,0.9826828241348267,0.8461540341377258,0.5705103874206543,0.6901408433914185
race_2025_top5,gru,3,22,0.9362779855728149,1.6805166006088257,0.6011342406272888,0.38341158628463745
race_2025_top5,gru,3,23,0.9463393688201904,1.128363847732544,0.5882797837257385,0.5633803009986877
race_2025_top5,gru,3,24,0.9671016335487366,0.9029790163040161,0.5939508676528931,0.6588419675827026
race_2025_top5,gru,3,25,0.9104337096214294,0.9695271253585815,0.6155009269714355,0.5978090763092041
race_2025_top5,gru,3,26,0.9161093831062317,1.3251043558120728,0.6117202043533325,0.47261345386505127
race_2025_top5,gru,3,27,0.8713445067405701,1.7796928882598877,0.6313799619674683,0.44287949800491333
race_2025_top5,gru,4,1,1.6122000217437744,1.6118223667144775,0.21219512820243835,0.2016129046678543
race_2025_top5,gru,4,2,1.6046291589736938,1.6074680089950562,0.22926829755306244,0.2540322542190552
race_2025_top5,gru,4,3,1.6088449954986572,1.607521414756775,0.20627178251743317,0.20295698940753937
race_2025_top5,gru,4,4,1.6047097444534302,1.608992576599121,0.21567943692207336,0.2016129046678543
race_2025_top5,gru,4,5,1.606147289276123,1.6079652309417725,0.2055749148130417,0.2016129046678543
race_2025_top5,gru,4,6,1.602136492729187,1.6084164381027222,0.21881532669067383,0.20295698940753937
race_2025_top5,gru,4,7,1.5993026494979858,1.6055445671081543,0.23728223145008087,0.19354838132858276
race_2025_top5,gru,4,8,1.6034423112869263,1.6100331544876099,0.22961673140525818,0.20564515888690948
race_2025_top5,gru,4,9,1.5985571146011353,1.6071702241897583,0.2365853637456894,0.2016129046678543
race_2025_top5,gru,4,10,1.600227952003479,1.6070622205734253,0.22264808416366577,0.20295698940753937
race_2025_top5,gru,4,11,1.5974451303482056,1.6063206195831299,0.2341463416814804,0.22177419066429138
race_2025_top5,gru,4,12,1.5941188335418701,1.6030943393707275,0.23519164323806763,0.20564515888690948
race_2025_top5,gru,4,13,1.5940569639205933,1.60098397731781,0.23554007709026337,0.20295698940753937
race_2025_top5,gru,4,14,1.5785523653030396,1.585540771484375,0.24320557713508606,0.21370968222618103
race_2025_top5,gru,4,15,1.553755521774292,1.5708457231521606,0.2777003347873688,0.2889784872531891
race_2025_top5,gru,4,16,1.4973056316375732,1.5163553953170776,0.3229965269565582,0.4583333432674408
race_2025_top5,gru,4,17,1.441334843635559,2.15506911277771,0.3425087034702301,0.31586021184921265
race_2025_top5,gru,4,18,1.4070665836334229,1.3175941705703735,0.35679441690444946,0.3844085931777954
race_2025_top5,gru,4,19,1.4138654470443726,1.3205188512802124,0.3564459979534149,0.3521505296230316
race_2025_top5,gru,4,20,1.3228487968444824,1.1784651279449463,0.38850173354148865,0.43145161867141724
race_2025_top5,gru,4,21,1.2568460702896118,1.082329273223877,0.4292683005332947,0.48252686858177185
race_2025_top5,gru,4,22,1.1967159509658813,0.9884682297706604,0.45156794786453247,0.5067204236984253
race_2025_top5,gru,4,23,1.1948161125183105,0.993596613407135,0.4602787494659424,0.5282257795333862
race_2025_top5,gru,4,24,1.14706289768219,1.104957938194275,0.4811846613883972,0.5067204236984253
race_2025_top5,gru,4,25,1.0675841569900513,1.2350599765777588,0.509407639503479,0.48252686858177185
race_2025_top5,gru,4,26,1.1066937446594238,1.1303642988204956,0.4933798015117645,0.5470430254936218
race_2025_top5,gru,4,27,1.0385420322418213,0.9165093898773193,0.5188153386116028,0.5698924660682678
race_2025_top5,gru,4,28,1.003442406654358,0.7065076231956482,0.5449477434158325,0.6639785170555115
race_2025_top5,gru,4,29,0.9504489898681641,0.973504364490509,0.5763066411018372,0.6075268983840942
race_2025_top5,gru,4,30,0.9226853251457214,0.8828820586204529,0.589895486831665,0.6223118305206299
race_2025_top5,gru,4,31,0.9461046457290649,1.2564620971679688,0.5825784206390381,0.49193549156188965
race_2025_top5,gru,4,32,1.1140820980072021,1.0791387557983398,0.50696861743927,0.49865591526031494
race_2025_top5,gru,4,33,0.9806944131851196,0.955532431602478,0.5498257875442505,0.5846773982048035
race_2025_top5,gru,4,34,0.890425443649292,0.8143523931503296,0.6034843325614929,0.6518816947937012
race_2025_top5,gru,4,35,0.8225483894348145,0.9293637871742249,0.6296167373657227,0.6169354915618896
race_2025_top5,gru,4,36,0.8311560153961182,1.4497907161712646,0.6219512224197388,0.5026881694793701
race_2025_top5,gru,5,1,1.6134580373764038,1.6030861139297485,0.20109626650810242,0.23054754734039307
race_2025_top5,gru,5,2,1.613956332206726,1.599549412727356,0.19081877171993256,0.21757924556732178
race_2025_top5,gru,5,3,1.6110726594924927,1.6010140180587769,0.21754024922847748,0.22622478008270264
race_2025_top5,gru,5,4,1.6080772876739502,1.5981544256210327,0.2103460133075714,0.20893371105194092
race_2025_top5,gru,5,5,1.607094645500183,1.5928514003753662,0.21548475325107574,0.21902017295360565
race_2025_top5,gru,5,6,1.6049953699111938,1.591176152229309,0.21616992354393005,0.2953890562057495
race_2025_top5,gru,5,7,1.6026760339736938,1.60183584690094,0.23090098798274994,0.2636887729167938
race_2025_top5,gru,5,8,1.5961366891860962,1.590708613395691,0.23638232052326202,0.26801154017448425
race_2025_top5,gru,5,9,1.5881786346435547,1.6126378774642944,0.2504282295703888,0.28674352169036865
race_2025_top5,gru,5,10,1.5303492546081543,1.4935983419418335,0.2966769337654114,0.40345820784568787
race_2025_top5,gru,5,11,1.42136549949646,1.4776414632797241,0.3573141396045685,0.3904899060726166
race_2025_top5,gru,5,12,1.3464851379394531,1.4716448783874512,0.3771839737892151,0.3904899060726166
race_2025_top5,gru,5,13,1.2688578367233276,1.480726957321167,0.4210346043109894,0.4020172953605652
race_2025_top5,gru,5,14,1.2534555196762085,1.540472149848938,0.4309695065021515,0.3760806918144226
race_2025_top5,gru,5,15,1.2246711254119873,1.5767337083816528,0.4337101876735687,0.3717579245567322
race_2025_top5,gru,5,16,1.200816035270691,1.5899854898452759,0.4583761692047119,0.33573487401008606
race_2025_top5,gru,5,17,1.1588603258132935,1.568426251411438,0.4744775593280792,0.37896254658699036
race_2025_top5,gru,5,18,1.141958475112915,1.418616533279419,0.4977732002735138,0.48559078574180603
race_2025_top5,gru,5,19,1.1073205471038818,1.4573642015457153,0.5029119849205017,0.4063400626182556
race_2025_top5,gru,5,20,1.0750274658203125,1.773993730545044,0.5176430344581604,0.37319883704185486
race_2025_top5,gru,5,21,1.0594934225082397,1.4447788000106812,0.5351147651672363,0.5100864768028259
race_2025_top5,gru,5,22,1.0209143161773682,1.5485032796859741,0.559438169002533,0.5230547785758972
race_2025_top5,gru,5,23,0.9876989722251892,1.335252046585083,0.5806783437728882,0.5561959743499756
race_2025_top5,gru,5,24,0.9865851402282715,1.2572826147079468,0.5820486545562744,0.5720461010932922
race_2025_top5,gru,5,25,0.9104129076004028,1.1109553575515747,0.6258992552757263,0.6080691814422607
race_2025_top5,gru,5,26,0.8589373826980591,1.2173572778701782,0.6454265117645264,0.6138328313827515
race_2025_top5,gru,5,27,0.8303518891334534,1.0107262134552002,0.6570743322372437,0.639769434928894
race_2025_top5,gru,5,28,0.7889180779457092,1.3052113056182861,0.680027425289154,0.5878962278366089
race_2025_top5,gru,5,29,0.7832309007644653,1.1126197576522827,0.6813977360725403,0.6455331444740295
race_2025_top5,gru,5,30,0.748329222202301,1.0853822231292725,0.7029804587364197,0.619596540927887
race_2025_top5,gru,5,31,0.7030795216560364,1.127590298652649,0.7290167808532715,0.6152737736701965
race_2025_top5,gru,5,32,0.7158566117286682,1.0312870740890503,0.706748902797699,0.6440922021865845
race_2025_top5,gru,5,33,0.6662829518318176,0.9659323692321777,0.7235354781150818,0.6368876099586487
race_2025_top5,gru,5,34,0.6891710758209229,0.9866332411766052,0.725248396396637,0.6455331444740295
race_2025_top5,gru,5,35,0.6310290694236755,1.0866292715072632,0.7499143481254578,0.6412103772163391
race_2025_top5,gru,5,36,0.6328927278518677,1.162035346031189,0.7492291927337646,0.619596540927887
race_2025_top5,gru,5,37,0.6782511472702026,0.8418890237808228,0.7362110018730164,0.7017291188240051
race_2025_top5,gru,5,38,0.5919188857078552,0.7933399677276611,0.771154522895813,0.7622478604316711
race_2025_top5,gru,5,39,0.585643470287323,0.8687344789505005,0.770811915397644,0.7204610705375671
race_2025_top5,gru,5,40,0.5654692649841309,1.0414546728134155,0.7807468175888062,0.680115282535553
race_2025_top5,gru,5,41,0.5745103359222412,1.0784595012664795,0.7797190546989441,0.6902016997337341
race_2025_top5,gru,5,42,0.5475260615348816,1.004958987236023,0.789654016494751,0.710374653339386
race_2025_top5,gru,5,43,0.5581620335578918,0.7668582201004028,0.7786913514137268,0.7622478604316711
race_2025_top5,gru,5,44,0.5792029500007629,0.9488937854766846,0.7738951444625854,0.7118155360221863
race_2025_top5,gru,5,45,0.5498331189155579,0.9041938781738281,0.7869133353233337,0.7334293723106384
race_2025_top5,gru,5,46,0.49204936623573303,0.8018118143081665,0.8060979843139648,0.7492795586585999
race_2025_top5,gru,5,47,0.4963822066783905,0.8719348907470703,0.8043850660324097,0.7478386163711548
race_2025_top5,gru,5,48,0.4667288064956665,0.9095790386199951,0.8235697150230408,0.7305475473403931
race_2025_top5,gru,5,49,0.5120160579681396,0.7333554029464722,0.8105515837669373,0.7536023259162903
race_2025_top5,gru,5,50,0.4864266812801361,0.8404377698898315,0.8054128289222717,0.759365975856781
race_2025_top5,gru,5,51,0.48656749725341797,0.987574577331543,0.8102089762687683,0.7463976740837097
race_2025_top5,gru,5,52,0.4611518383026123,1.051526665687561,0.8228845596313477,0.7233429551124573
race_2025_top5,gru,5,53,0.4581758975982666,0.8758754134178162,0.8208290338516235,0.7608069181442261
race_2025_top5,gru,5,54,0.4565632939338684,0.6737133860588074,0.8242548704147339,0.7982708811759949
race_2025_top5,gru,5,55,0.441618949174881,0.860802173614502,0.8331620693206787,0.7521613836288452
race_2025_top5,gru,5,56,0.46922823786735535,0.9261131882667542,0.8266529440879822,0.7334293723106384
race_2025_top5,gru,5,57,0.4689792990684509,0.7105400562286377,0.8187735676765442,0.7723342776298523
race_2025_top5,gru,5,58,0.41583216190338135,0.6932294964790344,0.8451524376869202,0.7809798121452332
race_2025_top5,gru,5,59,0.42806750535964966,0.7264558672904968,0.8362452983856201,0.7824207544326782
race_2025_top5,gru,5,60,0.4100784659385681,0.8189941048622131,0.8509763479232788,0.7780979871749878
race_2025_top5,lstm,1,1,1.6127170324325562,1.6089249849319458,0.2064693719148636,0.20178571343421936
race_2025_top5,lstm,1,2,1.6052298545837402,1.5619372129440308,0.22436338663101196,0.2678571343421936
race_2025_top5,lstm,1,3,1.5792559385299683,1.5224217176437378,0.26944252848625183,0.26428571343421936
race_2025_top5,lstm,1,4,1.6192293167114258,1.6100635528564453,0.19786648452281952,0.20178571343421936
race_2025_top5,lstm,1,5,1.6098017692565918,1.6106752157211304,0.20474879443645477,0.20178571343421936
race_2025_top5,lstm,1,6,1.6124138832092285,1.6099705696105957,0.19752237200737,0.20178571343421936
race_2025_top5,lstm,1,7,1.6123640537261963,1.6108688116073608,0.19855470955371857,0.18035714328289032
race_2025_top5,lstm,1,8,1.6125794649124146,1.6154385805130005,0.2064693719148636,0.18035714328289032
race_2025_top5,lstm,1,9,1.6128976345062256,1.610615611076355,0.19649001955986023,0.18035714328289032
race_2025_top5,lstm,1,10,1.6118817329406738,1.6096616983413696,0.2006194144487381,0.20178571343421936
race_2025_top5,lstm,1,11,1.6105037927627563,1.6105830669403076,0.20406056940555573,0.20178571343421936
race_2025_top5,lstm,2,1,1.609737753868103,1.6175682544708252,0.21649868786334991,0.1720588207244873
race_2025_top5,lstm,2,2,1.601578712463379,1.6160392761230469,0.24150802195072174,0.1720588207244873
race_2025_top5,lstm,2,3,1.588192105293274,1.6059482097625732,0.2590518891811371,0.1823529452085495
race_2025_top5,lstm,2,4,1.5724624395370483,1.545334815979004,0.2687569856643677,0.31617647409439087
race_2025_top5,lstm,2,5,1.5672063827514648,1.615790843963623,0.283687949180603,0.1882352977991104
race_2025_top5,lstm,2,6,1.6006144285202026,1.6266989707946777,0.2403881996870041,0.22205881774425507
race_2025_top5,lstm,2,7,1.5998133420944214,1.5963314771652222,0.23852182924747467,0.23088234663009644
race_2025_top5,lstm,2,8,1.5940033197402954,1.5836880207061768,0.2444942146539688,0.30000001192092896
race_2025_top5,lstm,2,9,1.5699434280395508,1.5157427787780762,0.2866741418838501,0.33676469326019287
race_2025_top5,lstm,2,10,1.5682119131088257,1.6416057348251343,0.28816723823547363,0.1985294073820114
race_2025_top5,lstm,2,11,1.5590020418167114,1.5204956531524658,0.30197834968566895,0.29411765933036804
race_2025_top5,lstm,2,12,1.5676250457763672,1.6165668964385986,0.2698768079280853,0.17058824002742767
race_2025_top5,lstm,2,13,1.6089328527450562,1.6132539510726929,0.21015304327011108,0.17058824002742767
race_2025_top5,lstm,2,14,1.6076961755752563,1.615579605102539,0.2217245250940323,0.17058824002742767
race_2025_top5,lstm,2,15,1.6083652973175049,1.6164906024932861,0.22769689559936523,0.17058824002742767
race_2025_top5,lstm,2,16,1.6050963401794434,1.6165624856948853,0.23180291056632996,0.17058824002742767
race_2025_top5,lstm,2,17,1.6045817136764526,1.6163520812988281,0.23030981421470642,0.17058824002742767
race_2025_top5,lstm,3,1,1.6047451496124268,1.60637629032135,0.21814744174480438,0.21596243977546692
race_2025_top5,lstm,3,2,1.565700888633728,1.605797290802002,0.2884688079357147,0.26291078329086304
race_2025_top5,lstm,3,3,1.5318504571914673,1.4587568044662476,0.3115311861038208,0.33489829301834106
race_2025_top5,lstm,3,4,1.5112504959106445,1.5009801387786865,0.3085066080093384,0.3552425801753998
race_2025_top5,lstm,3,5,1.5114392042160034,1.4619505405426025,0.325519859790802,0.3489827811717987
race_2025_top5,lstm,3,6,1.457216739654541,1.5175987482070923,0.3637050986289978,0.44287949800491333
race_2025_top5,lstm,3,7,1.4362671375274658,1.4464430809020996,0.37126654386520386,0.32081377506256104
race_2025_top5,lstm,3,8,1.4383808374404907,1.477704644203186,0.36975425481796265,0.3020344376564026
race_2025_top5,lstm,3,9,1.4241868257522583,1.2131811380386353,0.36975425481796265,0.45226916670799255
race_2025_top5,lstm,3,10,1.4205471277236938,1.262617826461792,0.37013232707977295,0.4616588354110718
race_2025_top5,lstm,3,11,1.3504810333251953,1.3037840127944946,0.4158790111541748,0.4287949800491333
race_2025_top5,lstm,3,12,1.3693454265594482,1.4213449954986572,0.4045368731021881,0.34115806221961975
race_2025_top5,lstm,3,13,1.3677220344543457,1.289699912071228,0.4022684395313263,0.5117371082305908
race_2025_top5,lstm,3,14,1.3450158834457397,1.1855415105819702,0.41965973377227783,0.4976525902748108
race_2025_top5,lstm,3,15,1.6434975862503052,1.4723215103149414,0.23100188374519348,0.2488262951374054
race_2025_top5,lstm,3,16,1.5742405652999878,1.419301986694336,0.26465028524398804,0.36306729912757874
race_2025_top5,lstm,3,17,1.5410661697387695,1.6633332967758179,0.2725898027420044,0.2222222238779068
race_2025_top5,lstm,3,18,1.6189942359924316,1.5796217918395996,0.2196597307920456,0.2269170582294464
race_2025_top5,lstm,3,19,1.6029647588729858,1.5823832750320435,0.23667296767234802,0.2222222238779068
race_2025_top5,lstm,3,20,1.6012697219848633,1.5754116773605347,0.2340264618396759,0.2269170582294464
race_2025_top5,lstm,3,21,1.604506254196167,1.589486837387085,0.232892245054245,0.23630672693252563
race_2025_top5,lstm,3,22,1.5995887517929077,1.5951900482177734,0.23553875088691711,0.2112676054239273
race_2025_top5,lstm,4,1,1.6091607809066772,1.6056559085845947,0.21219512820243835,0.25806450843811035
race_2025_top5,lstm,4,2,1.600250244140625,1.59294855594635,0.23693379759788513,0.22177419066429138
race_2025_top5,lstm,4,3,1.591672658920288,1.5797944068908691,0.250522643327713,0.23118279874324799
race_2025_top5,lstm,4,4,1.590506911277771,1.608367919921875,0.24599303305149078,0.2016129046678543
race_2025_top5,lstm,4,5,1.6040735244750977,1.6244884729385376,0.2254355400800705,0.20026881992816925
race_2025_top5,lstm,4,6,1.610580563545227,1.6117056608200073,0.21707317233085632,0.2016129046678543
race_2025_top5,lstm,4,7,1.6079081296920776,1.61182701587677,0.22090592980384827,0.20564515888690948
race_2025_top5,lstm,4,8,1.60885751247406,1.6124176979064941,0.2142857164144516,0.20026881992816925
race_2025_top5,lstm,4,9,1.6055248975753784,1.608843445777893,0.21114982664585114,0.20295698940753937
race_2025_top5,lstm,4,10,1.6084964275360107,1.6089768409729004,0.21289198100566864,0.2016129046678543
race_2025_top5,lstm,4,11,1.6034518480300903,1.6072865724563599,0.21149826049804688,0.2016129046678543
race_2025_top5,lstm,5,1,1.6119978427886963,1.6081185340881348,0.2065775990486145,0.2103746384382248
race_2025_top5,lstm,5,2,1.605842113494873,1.6048810482025146,0.22953066229820251,0.21469740569591522
race_2025_top5,lstm,5,3,1.6129348278045654,1.6085582971572876,0.20760534703731537,0.21181556582450867
race_2025_top5,lstm,5,4,1.6104767322540283,1.605461835861206,0.1942446082830429,0.2103746384382248
race_2025_top5,lstm,5,5,1.6093412637710571,1.6061553955078125,0.20829051733016968,0.22334294021129608
race_2025_top5,lstm,5,6,1.6025336980819702,1.6094647645950317,0.22953066229820251,0.21757924556732178
race_2025_top5,lstm,5,7,1.5841436386108398,1.6071418523788452,0.24837273359298706,0.23342940211296082
race_2025_top5,lstm,5,8,1.5430142879486084,1.6026766300201416,0.2870846092700958,0.20749279856681824
race_2025_top5,lstm,5,9,1.5414947271347046,1.576083779335022,0.3004453480243683,0.2521613836288452
race_2025_top5,lstm,5,10,1.5375593900680542,1.601509928703308,0.29462143778800964,0.20893371105194092
race_2025_top5,lstm,5,11,1.5282537937164307,1.5947332382202148,0.2942788600921631,0.2348703145980835
race_2025_top5,lstm,5,12,1.4713364839553833,1.6113641262054443,0.33847206830978394,0.25648415088653564
race_2025_top5,lstm,5,13,1.5050139427185059,1.5762743949890137,0.3127783536911011,0.21902017295360565
race_2025_top5,lstm,5,14,1.4458568096160889,1.5344423055648804,0.3549160659313202,0.2780979871749878
race_2025_top5,lstm,5,15,1.4134877920150757,1.6408699750900269,0.37992462515830994,0.25072047114372253
race_2025_top5,lstm,5,16,1.4462306499481201,1.5173640251159668,0.3525179922580719,0.3818443715572357
race_2025_top5,lstm,5,17,1.5202696323394775,1.5079479217529297,0.3223706781864166,0.3213256597518921
race_2025_top5,lstm,5,18,1.4449759721755981,1.6215358972549438,0.3593696355819702,0.27521613240242004
race_2025_top5,lstm,5,19,1.4582947492599487,1.5088847875595093,0.3542309105396271,0.3328530192375183
race_2025_top5,lstm,5,20,1.4843686819076538,1.4847193956375122,0.3562864065170288,0.3515850007534027
race_2025_top5,lstm,5,21,1.5379540920257568,1.5672643184661865,0.3086673617362976,0.24207492172718048
race_2025_top5,lstm,5,22,1.4893180131912231,1.6032980680465698,0.33744433522224426,0.26945245265960693
race_2025_top5,lstm,5,23,1.4331051111221313,1.5911303758621216,0.35902705788612366,0.2910662889480591
race_2025_top5,lstm,5,24,1.4159409999847412,1.5985156297683716,0.3679342269897461,0.32997119426727295
race_2025_top5,lstm,5,25,1.4016109704971313,1.5338997840881348,0.3895169496536255,0.3458213210105896
race_2025_top5,lstm,5,26,1.3550301790237427,1.539870023727417,0.41589584946632385,0.3458213210105896
race_2025_top5,lstm,5,27,1.2953606843948364,1.557602882385254,0.4484412372112274,0.34293949604034424
race_2025_top5,lstm,5,28,1.2954105138778687,1.4750689268112183,0.4433025121688843,0.42507204413414
race_2025_top5,lstm,5,29,1.290205955505371,1.627568244934082,0.4501541554927826,0.3573487102985382
race_2025_top5,lstm,5,30,1.2628207206726074,1.4152814149856567,0.45289483666419983,0.4149855971336365
race_2025_top5,lstm,5,31,1.2273019552230835,1.5499956607818604,0.4823569655418396,0.41786742210388184
race_2025_top5,lstm,5,32,1.1928678750991821,1.5231622457504272,0.5015416145324707,0.4495677351951599
race_2025_top5,lstm,5,33,1.1660276651382446,1.3019664287567139,0.5310037732124329,0.5172910690307617
race_2025_top5,lstm,5,34,1.478890299797058,1.3732237815856934,0.3549160659313202,0.3631123900413513
race_2025_top5,lstm,5,35,1.30393385887146,1.3701502084732056,0.43747860193252563,0.41642650961875916
race_2025_top5,lstm,5,36,1.1824127435684204,1.2812387943267822,0.5214114189147949,0.46541786193847656
race_2025_top5,lstm,5,37,1.1556628942489624,1.2346209287643433,0.5378554463386536,0.5273775458335876
race_2025_top5,lstm,5,38,1.1704349517822266,1.5154353380203247,0.531688928604126,0.3775216042995453
race_2025_top5,lstm,5,39,1.298048496246338,1.3629521131515503,0.46899622678756714,0.44092220067977905
race_2025_top5,lstm,5,40,1.2172058820724487,1.2125084400177002,0.50531005859375,0.5403458476066589
race_2025_top5,lstm,5,41,1.1384189128875732,1.326329231262207,0.5474477410316467,0.46541786193847656
race_2025_top5,lstm,5,42,1.1795984506607056,1.4187157154083252,0.5320315361022949,0.46541786193847656
race_2025_top5,lstm,5,43,1.0916705131530762,1.1242932081222534,0.569715678691864,0.5720461010932922
race_2025_top5,lstm,5,44,1.0520726442337036,1.1939072608947754,0.5885577201843262,0.5446686148643494
race_2025_top5,lstm,5,45,1.0658668279647827,1.0947006940841675,0.5865022540092468,0.6051872968673706
race_2025_top5,lstm,5,46,0.9689978361129761,1.3631691932678223,0.6303528547286987,0.4985590875148773
race_2025_top5,lstm,5,47,0.9639588594436646,1.1103142499923706,0.6197327971458435,0.5749279260635376
race_2025_top5,lstm,5,48,0.9065068364143372,1.0693693161010742,0.6385748386383057,0.6008645296096802
race_2025_top5,lstm,5,49,0.8728448152542114,1.555129051208496,0.6683796048164368,0.45965418219566345
race_2025_top5,lstm,5,50,0.9271613955497742,1.3692350387573242,0.6389174461364746,0.49135446548461914
race_2025_top5,lstm,5,51,0.8681451678276062,1.2925676107406616,0.6683796048164368,0.5864553451538086
race_2025_top5,lstm,5,52,0.8747828006744385,1.2023162841796875,0.6759164333343506,0.589337170124054
race_2025_top5,lstm,5,53,0.8379424810409546,1.2617357969284058,0.6844809651374817,0.5763688683509827
race_2025_top5,lstm,5,54,0.764946460723877,1.2847404479980469,0.7022953033447266,0.5432276725769043
race_2025_top5,lstm,5,55,0.7927339673042297,1.4152960777282715,0.696128785610199,0.5158501267433167
race_2025_top5,lstm,5,56,0.8291822671890259,1.2018524408340454,0.6858513355255127,0.5835734605789185
