model,lap_key,session_key,true_driver,pred_driver,pred_confidence,true_class_probability,is_correct
cnn,2023_11_ALB_7.0,2023_11,ALB,ALB,0.9968410730361938,0.9968410730361938,True
cnn,2023_11_LEC_20.0,2023_11,LEC,LEC,0.9849029183387756,0.9849029183387756,True
cnn,2023_11_OCO_15.0,2023_11,OCO,OCO,0.9998800754547119,0.9998800754547119,True
cnn,2023_11_SAI_14.0,2023_11,SAI,SAI,0.9992009997367859,0.9992009997367859,True
cnn,2023_11_VER_17.0,2023_11,VER,VER,0.9973447918891907,0.9973447918891907,True
cnn,2023_14_ALB_20.0,2023_14,ALB,ALB,0.9655902981758118,0.9655902981758118,True
cnn,2023_14_LEC_20.0,2023_14,LEC,SAI,0.826393723487854,0.06906915456056595,False
cnn,2023_14_OCO_7.0,2023_14,OCO,OCO,0.9893196821212769,0.9893196821212769,True
cnn,2023_14_SAI_19.0,2023_14,SAI,SAI,0.9959214925765991,0.9959214925765991,True
cnn,2023_14_VER_20.0,2023_14,VER,VER,0.9338304996490479,0.9338304996490479,True
cnn,2023_15_ALB_5.0,2023_15,ALB,ALB,0.9373065829277039,0.9373065829277039,True
cnn,2023_15_LEC_20.0,2023_15,LEC,LEC,0.8788030743598938,0.8788030743598938,True
cnn,2023_15_OCO_17.0,2023_15,OCO,OCO,0.9366859197616577,0.9366859197616577,True
cnn,2023_15_SAI_19.0,2023_15,SAI,SAI,0.9999997615814209,0.9999997615814209,True
cnn,2023_15_VER_10.0,2023_15,VER,VER,0.9994854927062988,0.9994854927062988,True
cnn,2023_16_ALB_11.0,2023_16,ALB,ALB,1.0,1.0,True
cnn,2023_16_LEC_13.0,2023_16,LEC,LEC,0.9576491117477417,0.9576491117477417,True
cnn,2023_16_OCO_11.0,2023_16,OCO,OCO,0.9999903440475464,0.9999903440475464,True
cnn,2023_16_SAI_13.0,2023_16,SAI,SAI,0.9999979734420776,0.9999979734420776,True
cnn,2023_16_VER_11.0,2023_16,VER,VER,0.9845699667930603,0.9845699667930603,True
cnn,2023_17_ALB_12.0,2023_17,ALB,ALB,0.9967980980873108,0.9967980980873108,True
cnn,2023_17_LEC_25.0,2023_17,LEC,LEC,0.9743913412094116,0.9743913412094116,True
cnn,2023_17_OCO_23.0,2023_17,OCO,OCO,0.998615026473999,0.998615026473999,True
cnn,2023_17_SAI_17.0,2023_17,SAI,OCO,0.8094080686569214,0.1905900537967682,False
cnn,2023_17_VER_16.0,2023_17,VER,VER,0.9979169964790344,0.9979169964790344,True
cnn,2023_18_ALB_5.0,2023_18,ALB,ALB,0.999708354473114,0.999708354473114,True
cnn,2023_18_LEC_20.0,2023_18,LEC,LEC,0.803770124912262,0.803770124912262,True
cnn,2023_18_OCO_20.0,2023_18,OCO,OCO,0.97925865650177,0.97925865650177,True
cnn,2023_18_SAI_17.0,2023_18,SAI,SAI,0.9720786213874817,0.9720786213874817,True
cnn,2023_18_VER_17.0,2023_18,VER,VER,0.9953327775001526,0.9953327775001526,True
cnn,2023_19_ALB_11.0,2023_19,ALB,ALB,0.961389422416687,0.961389422416687,True
cnn,2023_19_LEC_13.0,2023_19,LEC,LEC,0.5252370834350586,0.5252370834350586,True
cnn,2023_19_OCO_2.0,2023_19,OCO,OCO,0.9935924410820007,0.9935924410820007,True
cnn,2023_19_SAI_13.0,2023_19,SAI,SAI,0.9927904605865479,0.9927904605865479,True
cnn,2023_19_VER_14.0,2023_19,VER,VER,0.9653929471969604,0.9653929471969604,True
cnn,2023_1_ALB_5.0,2023_1,ALB,ALB,0.9963585734367371,0.9963585734367371,True
cnn,2023_1_LEC_16.0,2023_1,LEC,LEC,0.9772112369537354,0.9772112369537354,True
cnn,2023_1_OCO_11.0,2023_1,OCO,OCO,0.9992000460624695,0.9992000460624695,True
cnn,2023_1_SAI_17.0,2023_1,SAI,SAI,0.9998351335525513,0.9998351335525513,True
cnn,2023_1_VER_14.0,2023_1,VER,VER,0.4899432957172394,0.4899432957172394,True
cnn,2023_21_ALB_20.0,2023_21,ALB,ALB,0.9999971389770508,0.9999971389770508,True
cnn,2023_21_LEC_22.0,2023_21,LEC,LEC,0.999447762966156,0.999447762966156,True
cnn,2023_21_OCO_7.0,2023_21,OCO,OCO,0.9999974966049194,0.9999974966049194,True
cnn,2023_21_SAI_22.0,2023_21,SAI,SAI,0.999991774559021,0.999991774559021,True
cnn,2023_21_VER_16.0,2023_21,VER,VER,0.998477041721344,0.998477041721344,True
cnn,2023_22_ALB_5.0,2023_22,ALB,ALB,0.9917355179786682,0.9917355179786682,True
cnn,2023_22_LEC_17.0,2023_22,LEC,LEC,0.9941423535346985,0.9941423535346985,True
cnn,2023_22_OCO_11.0,2023_22,OCO,OCO,0.9997164607048035,0.9997164607048035,True
cnn,2023_22_SAI_5.0,2023_22,SAI,SAI,0.9998635053634644,0.9998635053634644,True
cnn,2023_22_VER_11.0,2023_22,VER,VER,0.9991658926010132,0.9991658926010132,True
cnn,2023_2_ALB_8.0,2023_2,ALB,ALB,0.993834376335144,0.993834376335144,True
cnn,2023_2_LEC_18.0,2023_2,LEC,LEC,0.9923287034034729,0.9923287034034729,True
cnn,2023_2_OCO_23.0,2023_2,OCO,OCO,0.9433845281600952,0.9433845281600952,True
cnn,2023_2_SAI_23.0,2023_2,SAI,SAI,0.9998376369476318,0.9998376369476318,True
cnn,2023_2_VER_2.0,2023_2,VER,VER,0.9989545345306396,0.9989545345306396,True
cnn,2023_4_ALB_18.0,2023_4,ALB,ALB,0.9798579216003418,0.9798579216003418,True
cnn,2023_4_LEC_20.0,2023_4,LEC,LEC,0.7386878728866577,0.7386878728866577,True
cnn,2023_4_OCO_18.0,2023_4,OCO,VER,0.9605994820594788,0.03890540450811386,False
cnn,2023_4_SAI_20.0,2023_4,SAI,SAI,0.9992239475250244,0.9992239475250244,True
cnn,2023_4_VER_19.0,2023_4,VER,VER,0.9352715015411377,0.9352715015411377,True
cnn,2023_5_ALB_11.0,2023_5,ALB,ALB,0.9884691834449768,0.9884691834449768,True
cnn,2023_5_LEC_13.0,2023_5,LEC,LEC,0.899070680141449,0.899070680141449,True
cnn,2023_5_OCO_14.0,2023_5,OCO,OCO,0.9944182634353638,0.9944182634353638,True
cnn,2023_5_SAI_10.0,2023_5,SAI,SAI,0.9999359846115112,0.9999359846115112,True
cnn,2023_5_VER_11.0,2023_5,VER,VER,0.8336614370346069,0.8336614370346069,True
cnn,2023_6_ALB_18.0,2023_6,ALB,ALB,0.8186259865760803,0.8186259865760803,True
cnn,2023_6_LEC_25.0,2023_6,LEC,LEC,0.9957674741744995,0.9957674741744995,True
cnn,2023_6_OCO_25.0,2023_6,OCO,OCO,0.9939471483230591,0.9939471483230591,True
cnn,2023_6_SAI_27.0,2023_6,SAI,SAI,0.9956831932067871,0.9956831932067871,True
cnn,2023_6_VER_29.0,2023_6,VER,VER,0.9939587116241455,0.9939587116241455,True
cnn,2023_9_ALB_20.0,2023_9,ALB,ALB,0.9999009370803833,0.9999009370803833,True
cnn,2023_9_LEC_25.0,2023_9,LEC,LEC,0.9994097948074341,0.9994097948074341,True
cnn,2023_9_OCO_14.0,2023_9,OCO,OCO,0.9999984502792358,0.9999984502792358,True
cnn,2023_9_SAI_24.0,2023_9,SAI,SAI,1.0,1.0,True
cnn,2023_9_VER_23.0,2023_9,VER,VER,0.9959010481834412,0.9959010481834412,True
cnn,2024_10_ALB_5.0,2024_10,ALB,ALB,0.979403555393219,0.979403555393219,True
cnn,2024_10_LEC_8.0,2024_10,LEC,LEC,0.9895480871200562,0.9895480871200562,True
cnn,2024_10_OCO_11.0,2024_10,OCO,OCO,0.9725028276443481,0.9725028276443481,True
cnn,2024_10_SAI_5.0,2024_10,SAI,SAI,0.9782509803771973,0.9782509803771973,True
cnn,2024_10_VER_5.0,2024_10,VER,VER,0.9454573392868042,0.9454573392868042,True
cnn,2024_11_ALB_8.0,2024_11,ALB,ALB,0.9802963733673096,0.9802963733673096,True
cnn,2024_11_LEC_18.0,2024_11,LEC,LEC,0.7678706645965576,0.7678706645965576,True
cnn,2024_11_OCO_17.0,2024_11,OCO,OCO,0.9959278702735901,0.9959278702735901,True
cnn,2024_11_SAI_17.0,2024_11,SAI,SAI,0.9978942275047302,0.9978942275047302,True
cnn,2024_11_VER_17.0,2024_11,VER,VER,0.9956839084625244,0.9956839084625244,True
cnn,2024_15_ALB_17.0,2024_15,ALB,ALB,0.9786811470985413,0.9786811470985413,True
cnn,2024_15_LEC_23.0,2024_15,LEC,LEC,0.9650464057922363,0.9650464057922363,True
cnn,2024_15_OCO_8.0,2024_15,OCO,OCO,0.9999998807907104,0.9999998807907104,True
cnn,2024_15_SAI_17.0,2024_15,SAI,SAI,0.8972010016441345,0.8972010016441345,True
cnn,2024_15_VER_13.0,2024_15,VER,VER,0.9972168207168579,0.9972168207168579,True
cnn,2024_16_ALB_17.0,2024_16,ALB,ALB,0.9307932257652283,0.9307932257652283,True
cnn,2024_16_LEC_20.0,2024_16,LEC,LEC,0.9977275729179382,0.9977275729179382,True
cnn,2024_16_OCO_5.0,2024_16,OCO,OCO,0.6334575414657593,0.6334575414657593,True
cnn,2024_16_SAI_17.0,2024_16,SAI,SAI,0.9978845715522766,0.9978845715522766,True
cnn,2024_16_VER_11.0,2024_16,VER,VER,0.998075008392334,0.998075008392334,True
cnn,2024_17_ALB_13.0,2024_17,ALB,ALB,0.9993058443069458,0.9993058443069458,True
cnn,2024_17_LEC_19.0,2024_17,LEC,LEC,0.9943873286247253,0.9943873286247253,True
cnn,2024_17_OCO_5.0,2024_17,OCO,LEC,0.521777331829071,0.4773539900779724,False
cnn,2024_17_SAI_22.0,2024_17,SAI,SAI,0.9999911785125732,0.9999911785125732,True
cnn,2024_17_VER_19.0,2024_17,VER,VER,0.9917712807655334,0.9917712807655334,True
cnn,2024_18_ALB_11.0,2024_18,ALB,ALB,0.6071456074714661,0.6071456074714661,True
cnn,2024_18_LEC_13.0,2024_18,LEC,LEC,0.9940775632858276,0.9940775632858276,True
cnn,2024_18_OCO_14.0,2024_18,OCO,OCO,0.8777346014976501,0.8777346014976501,True
cnn,2024_18_SAI_14.0,2024_18,SAI,SAI,0.9990743398666382,0.9990743398666382,True
cnn,2024_18_VER_11.0,2024_18,VER,VER,0.9829034209251404,0.9829034209251404,True
cnn,2024_19_ALB_7.0,2024_19,ALB,ALB,0.9958152174949646,0.9958152174949646,True
cnn,2024_19_LEC_17.0,2024_19,LEC,LEC,0.9796440601348877,0.9796440601348877,True
cnn,2024_19_OCO_14.0,2024_19,OCO,OCO,0.9773097038269043,0.9773097038269043,True
cnn,2024_19_SAI_16.0,2024_19,SAI,SAI,0.8753520250320435,0.8753520250320435,True
cnn,2024_19_VER_14.0,2024_19,VER,VER,0.9884315729141235,0.9884315729141235,True
cnn,2024_1_ALB_11.0,2024_1,ALB,ALB,0.9636567831039429,0.9636567831039429,True
cnn,2024_1_LEC_12.0,2024_1,LEC,LEC,0.9761817455291748,0.9761817455291748,True
cnn,2024_1_OCO_8.0,2024_1,OCO,OCO,0.9998026490211487,0.9998026490211487,True
cnn,2024_1_SAI_17.0,2024_1,SAI,SAI,0.9984775185585022,0.9984775185585022,True
cnn,2024_1_VER_16.0,2024_1,VER,VER,0.996340274810791,0.996340274810791,True
cnn,2024_20_ALB_11.0,2024_20,ALB,ALB,0.9521740674972534,0.9521740674972534,True
cnn,2024_20_LEC_20.0,2024_20,LEC,LEC,0.9937357306480408,0.9937357306480408,True
cnn,2024_20_OCO_8.0,2024_20,OCO,VER,0.9140415191650391,0.05699758976697922,False
cnn,2024_20_SAI_20.0,2024_20,SAI,SAI,0.9998995065689087,0.9998995065689087,True
cnn,2024_20_VER_17.0,2024_20,VER,VER,0.9961820244789124,0.9961820244789124,True
cnn,2024_22_ALB_5.0,2024_22,ALB,ALB,0.9936796426773071,0.9936796426773071,True
cnn,2024_22_LEC_22.0,2024_22,LEC,LEC,0.9996557235717773,0.9996557235717773,True
cnn,2024_22_OCO_17.0,2024_22,OCO,OCO,0.78706955909729,0.78706955909729,True
cnn,2024_22_SAI_23.0,2024_22,SAI,SAI,0.9999996423721313,0.9999996423721313,True
cnn,2024_22_VER_20.0,2024_22,VER,VER,0.996338963508606,0.996338963508606,True
cnn,2024_23_ALB_8.0,2024_23,ALB,ALB,0.9707968235015869,0.9707968235015869,True
cnn,2024_23_LEC_25.0,2024_23,LEC,LEC,0.9712207913398743,0.9712207913398743,True
cnn,2024_23_OCO_9.0,2024_23,OCO,OCO,0.8399878740310669,0.8399878740310669,True
cnn,2024_23_SAI_25.0,2024_23,SAI,OCO,0.9363477826118469,0.006439988035708666,False
cnn,2024_23_VER_21.0,2024_23,VER,VER,0.9984028935432434,0.9984028935432434,True
cnn,2024_24_ALB_5.0,2024_24,ALB,ALB,0.9282148480415344,0.9282148480415344,True
cnn,2024_24_LEC_11.0,2024_24,LEC,LEC,0.9246283173561096,0.9246283173561096,True
cnn,2024_24_SAI_15.0,2024_24,SAI,SAI,0.9902006983757019,0.9902006983757019,True
cnn,2024_24_VER_11.0,2024_24,VER,VER,0.9936962723731995,0.9936962723731995,True
cnn,2024_2_ALB_15.0,2024_2,ALB,ALB,0.9780412316322327,0.9780412316322327,True
cnn,2024_2_LEC_22.0,2024_2,LEC,LEC,0.9414272308349609,0.9414272308349609,True
cnn,2024_2_OCO_9.0,2024_2,OCO,OCO,0.9473674297332764,0.9473674297332764,True
cnn,2024_2_VER_14.0,2024_2,VER,VER,0.9975823163986206,0.9975823163986206,True
cnn,2024_4_ALB_8.0,2024_4,ALB,ALB,0.9923241138458252,0.9923241138458252,True
cnn,2024_4_LEC_11.0,2024_4,LEC,LEC,0.9080289006233215,0.9080289006233215,True
cnn,2024_4_OCO_5.0,2024_4,OCO,OCO,0.9797035455703735,0.9797035455703735,True
cnn,2024_4_SAI_8.0,2024_4,SAI,SAI,0.9996163845062256,0.9996163845062256,True
cnn,2024_4_VER_11.0,2024_4,VER,VER,0.9814363121986389,0.9814363121986389,True
cnn,2024_5_ALB_13.0,2024_5,ALB,ALB,0.9957354068756104,0.9957354068756104,True
cnn,2024_5_LEC_19.0,2024_5,LEC,LEC,0.952390730381012,0.952390730381012,True
cnn,2024_5_OCO_14.0,2024_5,OCO,OCO,0.9999344348907471,0.9999344348907471,True
cnn,2024_5_SAI_16.0,2024_5,SAI,SAI,0.9959922432899475,0.9959922432899475,True
cnn,2024_5_VER_17.0,2024_5,VER,VER,0.9159013032913208,0.9159013032913208,True
cnn,2024_6_ALB_8.0,2024_6,ALB,ALB,0.9979731440544128,0.9979731440544128,True
cnn,2024_6_LEC_17.0,2024_6,LEC,LEC,0.9864748120307922,0.9864748120307922,True
cnn,2024_6_OCO_8.0,2024_6,OCO,OCO,0.9821416139602661,0.9821416139602661,True
cnn,2024_6_SAI_17.0,2024_6,SAI,SAI,0.9997996687889099,0.9997996687889099,True
cnn,2024_6_VER_14.0,2024_6,VER,VER,0.9921446442604065,0.9921446442604065,True
cnn,2024_7_ALB_11.0,2024_7,ALB,ALB,0.9284424185752869,0.9284424185752869,True
cnn,2024_7_LEC_20.0,2024_7,LEC,LEC,0.8728886842727661,0.8728886842727661,True
cnn,2024_7_OCO_14.0,2024_7,OCO,OCO,0.9984326958656311,0.9984326958656311,True
cnn,2024_7_SAI_19.0,2024_7,SAI,SAI,0.922179639339447,0.922179639339447,True
cnn,2024_7_VER_17.0,2024_7,VER,VER,0.8843110203742981,0.8843110203742981,True
cnn,2024_8_ALB_28.0,2024_8,ALB,ALB,0.9832914471626282,0.9832914471626282,True
cnn,2024_8_LEC_25.0,2024_8,LEC,LEC,0.9897043108940125,0.9897043108940125,True
cnn,2024_8_OCO_15.0,2024_8,OCO,OCO,0.9985306262969971,0.9985306262969971,True
cnn,2024_8_SAI_27.0,2024_8,SAI,SAI,0.9817248582839966,0.9817248582839966,True
cnn,2024_8_VER_24.0,2024_8,VER,VER,0.9753426313400269,0.9753426313400269,True
cnn,2025_10_ALB_21.0,2025_10,ALB,ALB,0.9416511654853821,0.9416511654853821,True
cnn,2025_10_LEC_17.0,2025_10,LEC,LEC,0.6324355602264404,0.6324355602264404,True
cnn,2025_10_OCO_12.0,2025_10,OCO,OCO,0.6724265813827515,0.6724265813827515,True
cnn,2025_10_SAI_12.0,2025_10,SAI,SAI,0.9998668432235718,0.9998668432235718,True
cnn,2025_10_VER_19.0,2025_10,VER,VER,0.9995951056480408,0.9995951056480408,True
cnn,2025_11_ALB_8.0,2025_11,ALB,ALB,0.9671157002449036,0.9671157002449036,True
cnn,2025_11_LEC_17.0,2025_11,LEC,LEC,0.8707897663116455,0.8707897663116455,True
cnn,2025_11_OCO_8.0,2025_11,OCO,OCO,0.8715985417366028,0.8715985417366028,True
cnn,2025_11_SAI_8.0,2025_11,SAI,SAI,0.9999995231628418,0.9999995231628418,True
cnn,2025_11_VER_11.0,2025_11,VER,VER,0.9995180368423462,0.9995180368423462,True
cnn,2025_12_ALB_9.0,2025_12,ALB,ALB,0.9344266653060913,0.9344266653060913,True
cnn,2025_12_LEC_20.0,2025_12,LEC,OCO,0.8348798155784607,0.14938512444496155,False
cnn,2025_12_OCO_8.0,2025_12,OCO,VER,0.7097715735435486,0.0071155303157866,False
cnn,2025_12_SAI_11.0,2025_12,SAI,SAI,0.6577531695365906,0.6577531695365906,True
cnn,2025_12_VER_17.0,2025_12,VER,VER,0.9954966306686401,0.9954966306686401,True
cnn,2025_13_ALB_19.0,2025_13,ALB,ALB,0.9437636137008667,0.9437636137008667,True
cnn,2025_13_LEC_17.0,2025_13,LEC,LEC,0.795092761516571,0.795092761516571,True
cnn,2025_13_OCO_13.0,2025_13,OCO,LEC,0.7847340703010559,0.03518643230199814,False
cnn,2025_13_SAI_4.0,2025_13,SAI,ALB,0.7679725289344788,0.23112919926643372,False
cnn,2025_13_VER_14.0,2025_13,VER,VER,0.8764115571975708,0.8764115571975708,True
cnn,2025_14_ALB_8.0,2025_14,ALB,ALB,0.980583131313324,0.980583131313324,True
cnn,2025_14_LEC_17.0,2025_14,LEC,LEC,0.9909610152244568,0.9909610152244568,True
cnn,2025_14_OCO_5.0,2025_14,OCO,OCO,0.6383163332939148,0.6383163332939148,True
cnn,2025_14_SAI_8.0,2025_14,SAI,SAI,0.9805421829223633,0.9805421829223633,True
cnn,2025_14_VER_11.0,2025_14,VER,VER,0.9975264668464661,0.9975264668464661,True
cnn,2025_15_ALB_8.0,2025_15,ALB,ALB,0.9929874539375305,0.9929874539375305,True
cnn,2025_15_LEC_14.0,2025_15,LEC,LEC,0.9962544441223145,0.9962544441223145,True
cnn,2025_15_OCO_8.0,2025_15,OCO,OCO,0.9999165534973145,0.9999165534973145,True
cnn,2025_15_SAI_11.0,2025_15,SAI,ALB,0.5166282653808594,0.4833259582519531,False
cnn,2025_15_VER_17.0,2025_15,VER,VER,0.9993703961372375,0.9993703961372375,True
cnn,2025_16_ALB_15.0,2025_16,ALB,SAI,0.9292263984680176,0.07061263918876648,False
cnn,2025_16_LEC_16.0,2025_16,LEC,LEC,0.9996607303619385,0.9996607303619385,True
cnn,2025_16_OCO_14.0,2025_16,OCO,LEC,0.9747322201728821,0.024874737486243248,False
cnn,2025_16_SAI_18.0,2025_16,SAI,SAI,0.9999210834503174,0.9999210834503174,True
cnn,2025_16_VER_17.0,2025_16,VER,VER,0.9873801469802856,0.9873801469802856,True
cnn,2025_18_ALB_13.0,2025_18,ALB,SAI,0.683576226234436,0.3163969814777374,False
cnn,2025_18_LEC_18.0,2025_18,LEC,LEC,0.884887158870697,0.884887158870697,True
cnn,2025_18_OCO_2.0,2025_18,OCO,LEC,0.6133280992507935,0.05001607909798622,False
cnn,2025_18_SAI_10.0,2025_18,SAI,SAI,0.9996751546859741,0.9996751546859741,True
cnn,2025_18_VER_14.0,2025_18,VER,VER,0.9931377172470093,0.9931377172470093,True
cnn,2025_19_ALB_8.0,2025_19,ALB,ALB,0.9999961853027344,0.9999961853027344,True
cnn,2025_19_LEC_16.0,2025_19,LEC,LEC,0.9849261045455933,0.9849261045455933,True
cnn,2025_19_OCO_7.0,2025_19,OCO,LEC,0.6253727674484253,0.37418538331985474,False
cnn,2025_19_SAI_10.0,2025_19,SAI,ALB,0.9976449608802795,0.0023543667048215866,False
cnn,2025_19_VER_11.0,2025_19,VER,VER,0.9846277236938477,0.9846277236938477,True
cnn,2025_1_ALB_20.0,2025_1,ALB,SAI,0.5754683017730713,0.42449212074279785,False
cnn,2025_1_LEC_17.0,2025_1,LEC,LEC,0.8090764284133911,0.8090764284133911,True
cnn,2025_1_OCO_5.0,2025_1,OCO,LEC,0.6541216373443604,0.3068791627883911,False
cnn,2025_1_SAI_20.0,2025_1,SAI,SAI,0.865745484828949,0.865745484828949,True
cnn,2025_1_VER_16.0,2025_1,VER,VER,0.9842864871025085,0.9842864871025085,True
cnn,2025_20_ALB_5.0,2025_20,ALB,ALB,0.9572166204452515,0.9572166204452515,True
cnn,2025_20_LEC_19.0,2025_20,LEC,LEC,0.8379566669464111,0.8379566669464111,True
cnn,2025_20_OCO_14.0,2025_20,OCO,OCO,0.9416822195053101,0.9416822195053101,True
cnn,2025_20_SAI_17.0,2025_20,SAI,ALB,0.6927774548530579,0.3071824908256531,False
cnn,2025_20_VER_17.0,2025_20,VER,VER,0.9849478602409363,0.9849478602409363,True
cnn,2025_21_ALB_14.0,2025_21,ALB,ALB,0.9754953980445862,0.9754953980445862,True
cnn,2025_21_LEC_15.0,2025_21,LEC,LEC,0.9929747581481934,0.9929747581481934,True
cnn,2025_21_OCO_8.0,2025_21,OCO,OCO,0.7866230607032776,0.7866230607032776,True
cnn,2025_21_SAI_9.0,2025_21,SAI,SAI,0.9939969778060913,0.9939969778060913,True
cnn,2025_21_VER_8.0,2025_21,VER,VER,0.9909871220588684,0.9909871220588684,True
cnn,2025_23_ALB_10.0,2025_23,ALB,ALB,1.0,1.0,True
cnn,2025_23_LEC_17.0,2025_23,LEC,LEC,0.9999990463256836,0.9999990463256836,True
cnn,2025_23_OCO_10.0,2025_23,OCO,SAI,0.8017109632492065,0.19803979992866516,False
cnn,2025_23_SAI_15.0,2025_23,SAI,ALB,1.0,1.416063266646006e-09,False
cnn,2025_23_VER_22.0,2025_23,VER,VER,0.9981029033660889,0.9981029033660889,True
cnn,2025_24_ALB_5.0,2025_24,ALB,ALB,0.8997982144355774,0.8997982144355774,True
cnn,2025_24_LEC_17.0,2025_24,LEC,LEC,0.9971508383750916,0.9971508383750916,True
cnn,2025_24_OCO_17.0,2025_24,OCO,LEC,0.9377738237380981,0.004180691204965115,False
cnn,2025_24_SAI_11.0,2025_24,SAI,SAI,0.9673343896865845,0.9673343896865845,True
cnn,2025_24_VER_17.0,2025_24,VER,VER,0.9928781390190125,0.9928781390190125,True
cnn,2025_2_ALB_7.0,2025_2,ALB,ALB,0.7904567122459412,0.7904567122459412,True
cnn,2025_2_LEC_20.0,2025_2,LEC,LEC,0.9074100852012634,0.9074100852012634,True
cnn,2025_2_OCO_14.0,2025_2,OCO,LEC,0.4110160768032074,0.37749263644218445,False
cnn,2025_2_SAI_8.0,2025_2,SAI,SAI,0.6952318549156189,0.6952318549156189,True
cnn,2025_2_VER_14.0,2025_2,VER,VER,0.9924841523170471,0.9924841523170471,True
cnn,2025_3_ALB_19.0,2025_3,ALB,ALB,0.7179465293884277,0.7179465293884277,True
cnn,2025_3_LEC_17.0,2025_3,LEC,LEC,0.7174045443534851,0.7174045443534851,True
cnn,2025_3_OCO_8.0,2025_3,OCO,OCO,0.40677931904792786,0.40677931904792786,True
cnn,2025_3_SAI_14.0,2025_3,SAI,SAI,0.8602647185325623,0.8602647185325623,True
cnn,2025_3_VER_16.0,2025_3,VER,VER,0.9719395637512207,0.9719395637512207,True
cnn,2025_4_ALB_5.0,2025_4,ALB,ALB,0.9251689910888672,0.9251689910888672,True
cnn,2025_4_LEC_15.0,2025_4,LEC,OCO,0.5519197583198547,0.44243738055229187,False
cnn,2025_4_OCO_5.0,2025_4,OCO,OCO,0.967539370059967,0.967539370059967,True
cnn,2025_4_SAI_18.0,2025_4,SAI,SAI,0.9996079802513123,0.9996079802513123,True
cnn,2025_4_VER_16.0,2025_4,VER,VER,0.9973784685134888,0.9973784685134888,True
cnn,2025_5_ALB_13.0,2025_5,ALB,ALB,0.5868757963180542,0.5868757963180542,True
cnn,2025_5_LEC_18.0,2025_5,LEC,LEC,0.9822098016738892,0.9822098016738892,True
cnn,2025_5_OCO_5.0,2025_5,OCO,OCO,0.6530115008354187,0.6530115008354187,True
cnn,2025_5_SAI_14.0,2025_5,SAI,SAI,0.8156415224075317,0.8156415224075317,True
cnn,2025_5_VER_18.0,2025_5,VER,VER,0.9991505146026611,0.9991505146026611,True
cnn,2025_6_ALB_19.0,2025_6,ALB,ALB,0.9547046422958374,0.9547046422958374,True
cnn,2025_6_LEC_19.0,2025_6,LEC,LEC,0.6728980541229248,0.6728980541229248,True
cnn,2025_6_OCO_20.0,2025_6,OCO,OCO,0.9826000332832336,0.9826000332832336,True
cnn,2025_6_SAI_19.0,2025_6,SAI,SAI,0.9998695850372314,0.9998695850372314,True
cnn,2025_6_VER_17.0,2025_6,VER,VER,0.9929326772689819,0.9929326772689819,True
cnn,2025_7_ALB_19.0,2025_7,ALB,ALB,0.761885941028595,0.761885941028595,True
cnn,2025_7_LEC_10.0,2025_7,LEC,OCO,0.9124687314033508,0.08339402824640274,False
cnn,2025_7_OCO_2.0,2025_7,OCO,OCO,0.9989044666290283,0.9989044666290283,True
cnn,2025_7_SAI_14.0,2025_7,SAI,SAI,0.9253543019294739,0.9253543019294739,True
cnn,2025_7_VER_16.0,2025_7,VER,VER,0.9818224906921387,0.9818224906921387,True
cnn,2025_8_ALB_24.0,2025_8,ALB,ALB,0.9823110103607178,0.9823110103607178,True
cnn,2025_8_LEC_26.0,2025_8,LEC,LEC,0.9593417644500732,0.9593417644500732,True
cnn,2025_8_OCO_31.0,2025_8,OCO,LEC,0.9489541053771973,0.028754947707057,False
cnn,2025_8_SAI_20.0,2025_8,SAI,SAI,0.9844920635223389,0.9844920635223389,True
cnn,2025_8_VER_17.0,2025_8,VER,VER,0.9992470741271973,0.9992470741271973,True
cnn,2025_9_ALB_13.0,2025_9,ALB,ALB,0.7653350830078125,0.7653350830078125,True
cnn,2025_9_LEC_11.0,2025_9,LEC,LEC,0.9775241613388062,0.9775241613388062,True
cnn,2025_9_OCO_8.0,2025_9,OCO,LEC,0.885569155216217,0.06997086107730865,False
cnn,2025_9_SAI_5.0,2025_9,SAI,SAI,0.9041130542755127,0.9041130542755127,True
cnn,2025_9_VER_11.0,2025_9,VER,VER,0.9863618612289429,0.9863618612289429,True
gru,2023_11_ALB_7.0,2023_11,ALB,ALB,0.7196645736694336,0.7196645736694336,True
gru,2023_11_LEC_20.0,2023_11,LEC,VER,0.42526116967201233,0.247670516371727,False
gru,2023_11_OCO_15.0,2023_11,OCO,VER,0.5141136050224304,0.3219256103038788,False
gru,2023_11_SAI_14.0,2023_11,SAI,SAI,0.3621973991394043,0.3621973991394043,True
gru,2023_11_VER_17.0,2023_11,VER,VER,0.5076733231544495,0.5076733231544495,True
gru,2023_14_ALB_20.0,2023_14,ALB,ALB,0.6337942481040955,0.6337942481040955,True
gru,2023_14_LEC_20.0,2023_14,LEC,SAI,0.2935487926006317,0.21861976385116577,False
gru,2023_14_OCO_7.0,2023_14,OCO,VER,0.45651939511299133,0.2541154623031616,False
gru,2023_14_SAI_19.0,2023_14,SAI,SAI,0.27712205052375793,0.27712205052375793,True
gru,2023_14_VER_20.0,2023_14,VER,VER,0.5256787538528442,0.5256787538528442,True
gru,2023_15_ALB_5.0,2023_15,ALB,ALB,0.6855213046073914,0.6855213046073914,True
gru,2023_15_LEC_20.0,2023_15,LEC,LEC,0.33287614583969116,0.33287614583969116,True
gru,2023_15_OCO_17.0,2023_15,OCO,VER,0.8634714484214783,0.0815797969698906,False
gru,2023_15_SAI_19.0,2023_15,SAI,LEC,0.4141187369823456,0.25590139627456665,False
gru,2023_15_VER_10.0,2023_15,VER,VER,0.8741884231567383,0.8741884231567383,True
gru,2023_16_ALB_11.0,2023_16,ALB,ALB,0.6903215646743774,0.6903215646743774,True
gru,2023_16_LEC_13.0,2023_16,LEC,ALB,0.5660370588302612,0.136203795671463,False
gru,2023_16_OCO_11.0,2023_16,OCO,ALB,0.35725998878479004,0.3055086135864258,False
gru,2023_16_SAI_13.0,2023_16,SAI,LEC,0.38269615173339844,0.1452842354774475,False
gru,2023_16_VER_11.0,2023_16,VER,LEC,0.3692823648452759,0.14734749495983124,False
gru,2023_17_ALB_12.0,2023_17,ALB,ALB,0.2656390070915222,0.2656390070915222,True
gru,2023_17_LEC_25.0,2023_17,LEC,OCO,0.3628540635108948,0.24035784602165222,False
gru,2023_17_OCO_23.0,2023_17,OCO,VER,0.44429850578308105,0.2516120970249176,False
gru,2023_17_SAI_17.0,2023_17,SAI,SAI,0.6544913649559021,0.6544913649559021,True
gru,2023_17_VER_16.0,2023_17,VER,VER,0.37274810671806335,0.37274810671806335,True
gru,2023_18_ALB_5.0,2023_18,ALB,SAI,0.3546255826950073,0.29668357968330383,False
gru,2023_18_LEC_20.0,2023_18,LEC,LEC,0.45072615146636963,0.45072615146636963,True
gru,2023_18_OCO_20.0,2023_18,OCO,VER,0.3487846851348877,0.2655870318412781,False
gru,2023_18_SAI_17.0,2023_18,SAI,LEC,0.29794925451278687,0.22759589552879333,False
gru,2023_18_VER_17.0,2023_18,VER,LEC,0.29853522777557373,0.2882014513015747,False
gru,2023_19_ALB_11.0,2023_19,ALB,ALB,0.3528936803340912,0.3528936803340912,True
gru,2023_19_LEC_13.0,2023_19,LEC,SAI,0.2919854521751404,0.2492050975561142,False
gru,2023_19_OCO_2.0,2023_19,OCO,LEC,0.2998039126396179,0.25879502296447754,False
gru,2023_19_SAI_13.0,2023_19,SAI,LEC,0.33102160692214966,0.1705855131149292,False
gru,2023_19_VER_14.0,2023_19,VER,VER,0.3525454103946686,0.3525454103946686,True
gru,2023_1_ALB_5.0,2023_1,ALB,ALB,0.657492458820343,0.657492458820343,True
gru,2023_1_LEC_16.0,2023_1,LEC,OCO,0.3383445739746094,0.30140581727027893,False
gru,2023_1_OCO_11.0,2023_1,OCO,VER,0.3451458215713501,0.31821322441101074,False
gru,2023_1_SAI_17.0,2023_1,SAI,ALB,0.5196022391319275,0.4537194073200226,False
gru,2023_1_VER_14.0,2023_1,VER,VER,0.3863445520401001,0.3863445520401001,True
gru,2023_21_ALB_20.0,2023_21,ALB,ALB,0.8408263921737671,0.8408263921737671,True
gru,2023_21_LEC_22.0,2023_21,LEC,ALB,0.35240408778190613,0.20290887355804443,False
gru,2023_21_OCO_7.0,2023_21,OCO,ALB,0.5318147540092468,0.23857688903808594,False
gru,2023_21_SAI_22.0,2023_21,SAI,SAI,0.3855598568916321,0.3855598568916321,True
gru,2023_21_VER_16.0,2023_21,VER,LEC,0.32557597756385803,0.17181161046028137,False
gru,2023_22_ALB_5.0,2023_22,ALB,ALB,0.73622727394104,0.73622727394104,True
gru,2023_22_LEC_17.0,2023_22,LEC,VER,0.453010231256485,0.37661564350128174,False
gru,2023_22_OCO_11.0,2023_22,OCO,VER,0.3643334209918976,0.3620324730873108,False
gru,2023_22_SAI_5.0,2023_22,SAI,SAI,0.8730291724205017,0.8730291724205017,True
gru,2023_22_VER_11.0,2023_22,VER,VER,0.3679050803184509,0.3679050803184509,True
gru,2023_2_ALB_8.0,2023_2,ALB,ALB,0.8663293123245239,0.8663293123245239,True
gru,2023_2_LEC_18.0,2023_2,LEC,LEC,0.3848499059677124,0.3848499059677124,True
gru,2023_2_OCO_23.0,2023_2,OCO,VER,0.5016562938690186,0.38122808933258057,False
gru,2023_2_SAI_23.0,2023_2,SAI,LEC,0.4783579707145691,0.2068277895450592,False
gru,2023_2_VER_2.0,2023_2,VER,VER,0.6389738917350769,0.6389738917350769,True
gru,2023_4_ALB_18.0,2023_4,ALB,ALB,0.7760065197944641,0.7760065197944641,True
gru,2023_4_LEC_20.0,2023_4,LEC,LEC,0.35632774233818054,0.35632774233818054,True
gru,2023_4_OCO_18.0,2023_4,OCO,VER,0.6479412317276001,0.1882600039243698,False
gru,2023_4_SAI_20.0,2023_4,SAI,LEC,0.36570772528648376,0.2472902089357376,False
gru,2023_4_VER_19.0,2023_4,VER,VER,0.5618088841438293,0.5618088841438293,True
gru,2023_5_ALB_11.0,2023_5,ALB,ALB,0.6549885272979736,0.6549885272979736,True
gru,2023_5_LEC_13.0,2023_5,LEC,OCO,0.29282087087631226,0.29146337509155273,False
gru,2023_5_OCO_14.0,2023_5,OCO,VER,0.5663431286811829,0.22425326704978943,False
gru,2023_5_SAI_10.0,2023_5,SAI,LEC,0.2952612340450287,0.17960116267204285,False
gru,2023_5_VER_11.0,2023_5,VER,VER,0.37306222319602966,0.37306222319602966,True
gru,2023_6_ALB_18.0,2023_6,ALB,SAI,0.4254412353038788,0.2751660943031311,False
gru,2023_6_LEC_25.0,2023_6,LEC,LEC,0.3633086085319519,0.3633086085319519,True
gru,2023_6_OCO_25.0,2023_6,OCO,VER,0.6315443515777588,0.2040930837392807,False
gru,2023_6_SAI_27.0,2023_6,SAI,LEC,0.4400838017463684,0.21883010864257812,False
gru,2023_6_VER_29.0,2023_6,VER,OCO,0.42052948474884033,0.3262166976928711,False
gru,2023_9_ALB_20.0,2023_9,ALB,ALB,0.5426326990127563,0.5426326990127563,True
gru,2023_9_LEC_25.0,2023_9,LEC,OCO,0.3244982361793518,0.1883748471736908,False
gru,2023_9_OCO_14.0,2023_9,OCO,OCO,0.34289488196372986,0.34289488196372986,True
gru,2023_9_SAI_24.0,2023_9,SAI,LEC,0.3887676000595093,0.16557662189006805,False
gru,2023_9_VER_23.0,2023_9,VER,OCO,0.3777287006378174,0.1797197163105011,False
gru,2024_10_ALB_5.0,2024_10,ALB,ALB,0.7531774044036865,0.7531774044036865,True
gru,2024_10_LEC_8.0,2024_10,LEC,LEC,0.3751961588859558,0.3751961588859558,True
gru,2024_10_OCO_11.0,2024_10,OCO,OCO,0.33504393696784973,0.33504393696784973,True
gru,2024_10_SAI_5.0,2024_10,SAI,LEC,0.3500235676765442,0.19699884951114655,False
gru,2024_10_VER_5.0,2024_10,VER,VER,0.6728600859642029,0.6728600859642029,True
gru,2024_11_ALB_8.0,2024_11,ALB,ALB,0.44644895195961,0.44644895195961,True
gru,2024_11_LEC_18.0,2024_11,LEC,VER,0.5312559604644775,0.17861483991146088,False
gru,2024_11_OCO_17.0,2024_11,OCO,LEC,0.24290557205677032,0.21275070309638977,False
gru,2024_11_SAI_17.0,2024_11,SAI,VER,0.41092708706855774,0.07516300678253174,False
gru,2024_11_VER_17.0,2024_11,VER,VER,0.5694949626922607,0.5694949626922607,True
gru,2024_15_ALB_17.0,2024_15,ALB,ALB,0.4813781976699829,0.4813781976699829,True
gru,2024_15_LEC_23.0,2024_15,LEC,LEC,0.4057624638080597,0.4057624638080597,True
gru,2024_15_OCO_8.0,2024_15,OCO,LEC,0.4294489622116089,0.2326604127883911,False
gru,2024_15_SAI_17.0,2024_15,SAI,LEC,0.3092811107635498,0.20076201856136322,False
gru,2024_15_VER_13.0,2024_15,VER,VER,0.6680431365966797,0.6680431365966797,True
gru,2024_16_ALB_17.0,2024_16,ALB,SAI,0.499443382024765,0.25839072465896606,False
gru,2024_16_LEC_20.0,2024_16,LEC,LEC,0.4176402986049652,0.4176402986049652,True
gru,2024_16_OCO_5.0,2024_16,OCO,LEC,0.4375535249710083,0.2271723449230194,False
gru,2024_16_SAI_17.0,2024_16,SAI,LEC,0.4019034802913666,0.22827140986919403,False
gru,2024_16_VER_11.0,2024_16,VER,VER,0.7154799699783325,0.7154799699783325,True
gru,2024_17_ALB_13.0,2024_17,ALB,ALB,0.8419160842895508,0.8419160842895508,True
gru,2024_17_LEC_19.0,2024_17,LEC,SAI,0.31266066431999207,0.3113076984882355,False
gru,2024_17_OCO_5.0,2024_17,OCO,ALB,0.8012543320655823,0.10233214497566223,False
gru,2024_17_SAI_22.0,2024_17,SAI,SAI,0.4112163186073303,0.4112163186073303,True
gru,2024_17_VER_19.0,2024_17,VER,SAI,0.3634493052959442,0.346957802772522,False
gru,2024_18_ALB_11.0,2024_18,ALB,ALB,0.49176034331321716,0.49176034331321716,True
gru,2024_18_LEC_13.0,2024_18,LEC,VER,0.38549932837486267,0.3237013518810272,False
gru,2024_18_OCO_14.0,2024_18,OCO,OCO,0.3485258221626282,0.3485258221626282,True
gru,2024_18_SAI_14.0,2024_18,SAI,SAI,0.7107542753219604,0.7107542753219604,True
gru,2024_18_VER_11.0,2024_18,VER,OCO,0.3860096335411072,0.2798854410648346,False
gru,2024_19_ALB_7.0,2024_19,ALB,SAI,0.32763397693634033,0.31152522563934326,False
gru,2024_19_LEC_17.0,2024_19,LEC,LEC,0.4872082769870758,0.4872082769870758,True
gru,2024_19_OCO_14.0,2024_19,OCO,LEC,0.33119186758995056,0.2737186849117279,False
gru,2024_19_SAI_16.0,2024_19,SAI,LEC,0.4369671046733856,0.13673503696918488,False
gru,2024_19_VER_14.0,2024_19,VER,LEC,0.38106292486190796,0.20641708374023438,False
gru,2024_1_ALB_11.0,2024_1,ALB,ALB,0.6847448945045471,0.6847448945045471,True
gru,2024_1_LEC_12.0,2024_1,LEC,OCO,0.3302166759967804,0.294006884098053,False
gru,2024_1_OCO_8.0,2024_1,OCO,VER,0.3911699056625366,0.28721827268600464,False
gru,2024_1_SAI_17.0,2024_1,SAI,SAI,0.5978559851646423,0.5978559851646423,True
gru,2024_1_VER_16.0,2024_1,VER,VER,0.3816511929035187,0.3816511929035187,True
gru,2024_20_ALB_11.0,2024_20,ALB,LEC,0.33394303917884827,0.2716834247112274,False
gru,2024_20_LEC_20.0,2024_20,LEC,VER,0.516434907913208,0.19293329119682312,False
gru,2024_20_OCO_8.0,2024_20,OCO,VER,0.5176352262496948,0.24810045957565308,False
gru,2024_20_SAI_20.0,2024_20,SAI,LEC,0.3775361180305481,0.2318299561738968,False
gru,2024_20_VER_17.0,2024_20,VER,VER,0.6844295859336853,0.6844295859336853,True
gru,2024_22_ALB_5.0,2024_22,ALB,ALB,0.829980194568634,0.829980194568634,True
gru,2024_22_LEC_22.0,2024_22,LEC,ALB,0.684306263923645,0.09934515506029129,False
gru,2024_22_OCO_17.0,2024_22,OCO,ALB,0.8072581887245178,0.10099504888057709,False
gru,2024_22_SAI_23.0,2024_22,SAI,SAI,0.43906283378601074,0.43906283378601074,True
gru,2024_22_VER_20.0,2024_22,VER,LEC,0.34175771474838257,0.13374198973178864,False
gru,2024_23_ALB_8.0,2024_23,ALB,OCO,0.3357055187225342,0.08259543776512146,False
gru,2024_23_LEC_25.0,2024_23,LEC,OCO,0.3425782322883606,0.2827325761318207,False
gru,2024_23_OCO_9.0,2024_23,OCO,VER,0.41287562251091003,0.2418532818555832,False
gru,2024_23_SAI_25.0,2024_23,SAI,VER,0.3725256621837616,0.01954631879925728,False
gru,2024_23_VER_21.0,2024_23,VER,VER,0.4125959873199463,0.4125959873199463,True
gru,2024_24_ALB_5.0,2024_24,ALB,ALB,0.412244975566864,0.412244975566864,True
gru,2024_24_LEC_11.0,2024_24,LEC,OCO,0.31635287404060364,0.29853877425193787,False
gru,2024_24_SAI_15.0,2024_24,SAI,LEC,0.39615389704704285,0.13252200186252594,False
gru,2024_24_VER_11.0,2024_24,VER,LEC,0.5975056886672974,0.183667853474617,False
gru,2024_2_ALB_15.0,2024_2,ALB,ALB,0.6356027722358704,0.6356027722358704,True
gru,2024_2_LEC_22.0,2024_2,LEC,VER,0.5214364528656006,0.17898157238960266,False
gru,2024_2_OCO_9.0,2024_2,OCO,VER,0.5328838229179382,0.23527434468269348,False
gru,2024_2_VER_14.0,2024_2,VER,VER,0.5248183012008667,0.5248183012008667,True
gru,2024_4_ALB_8.0,2024_4,ALB,ALB,0.6189339756965637,0.6189339756965637,True
gru,2024_4_LEC_11.0,2024_4,LEC,VER,0.3961532711982727,0.23940376937389374,False
gru,2024_4_OCO_5.0,2024_4,OCO,OCO,0.2983537018299103,0.2983537018299103,True
gru,2024_4_SAI_8.0,2024_4,SAI,VER,0.4078023135662079,0.07930098474025726,False
gru,2024_4_VER_11.0,2024_4,VER,VER,0.47075724601745605,0.47075724601745605,True
gru,2024_5_ALB_13.0,2024_5,ALB,ALB,0.7684594392776489,0.7684594392776489,True
gru,2024_5_LEC_19.0,2024_5,LEC,VER,0.7594009041786194,0.07917797565460205,False
gru,2024_5_OCO_14.0,2024_5,OCO,LEC,0.4336300194263458,0.2052246481180191,False
gru,2024_5_SAI_16.0,2024_5,SAI,VER,0.7351080179214478,0.1062399223446846,False
gru,2024_5_VER_17.0,2024_5,VER,VER,0.6724334359169006,0.6724334359169006,True
gru,2024_6_ALB_8.0,2024_6,ALB,ALB,0.7863457798957825,0.7863457798957825,True
gru,2024_6_LEC_17.0,2024_6,LEC,ALB,0.6149950623512268,0.09488415718078613,False
gru,2024_6_OCO_8.0,2024_6,OCO,ALB,0.44545552134513855,0.2504522204399109,False
gru,2024_6_SAI_17.0,2024_6,SAI,LEC,0.3251117765903473,0.19254721701145172,False
gru,2024_6_VER_14.0,2024_6,VER,VER,0.5681436657905579,0.5681436657905579,True
gru,2024_7_ALB_11.0,2024_7,ALB,ALB,0.5623376369476318,0.5623376369476318,True
gru,2024_7_LEC_20.0,2024_7,LEC,LEC,0.2911525070667267,0.2911525070667267,True
gru,2024_7_OCO_14.0,2024_7,OCO,LEC,0.2773221433162689,0.24904879927635193,False
gru,2024_7_SAI_19.0,2024_7,SAI,VER,0.4364679157733917,0.06978583335876465,False
gru,2024_7_VER_17.0,2024_7,VER,VER,0.4851423501968384,0.4851423501968384,True
gru,2024_8_ALB_28.0,2024_8,ALB,ALB,0.6608404517173767,0.6608404517173767,True
gru,2024_8_LEC_25.0,2024_8,LEC,VER,0.4440775513648987,0.29107266664505005,False
gru,2024_8_OCO_15.0,2024_8,OCO,OCO,0.37639349699020386,0.37639349699020386,True
gru,2024_8_SAI_27.0,2024_8,SAI,SAI,0.5896419286727905,0.5896419286727905,True
gru,2024_8_VER_24.0,2024_8,VER,VER,0.36647605895996094,0.36647605895996094,True
gru,2025_10_ALB_21.0,2025_10,ALB,ALB,0.7722160816192627,0.7722160816192627,True
gru,2025_10_LEC_17.0,2025_10,LEC,LEC,0.4560460150241852,0.4560460150241852,True
gru,2025_10_OCO_12.0,2025_10,OCO,LEC,0.5023879408836365,0.27366963028907776,False
gru,2025_10_SAI_12.0,2025_10,SAI,ALB,0.5393847823143005,0.36923208832740784,False
gru,2025_10_VER_19.0,2025_10,VER,VER,0.7818416357040405,0.7818416357040405,True
gru,2025_11_ALB_8.0,2025_11,ALB,ALB,0.4490296244621277,0.4490296244621277,True
gru,2025_11_LEC_17.0,2025_11,LEC,VER,0.588492214679718,0.11840202659368515,False
gru,2025_11_OCO_8.0,2025_11,OCO,ALB,0.49644631147384644,0.24308976531028748,False
gru,2025_11_SAI_8.0,2025_11,SAI,ALB,0.35132017731666565,0.08047789335250854,False
gru,2025_11_VER_11.0,2025_11,VER,VER,0.6802858114242554,0.6802858114242554,True
gru,2025_12_ALB_9.0,2025_12,ALB,ALB,0.5112150311470032,0.5112150311470032,True
gru,2025_12_LEC_20.0,2025_12,LEC,VER,0.4509960114955902,0.23360168933868408,False
gru,2025_12_OCO_8.0,2025_12,OCO,VER,0.3583313822746277,0.34490737318992615,False
gru,2025_12_SAI_11.0,2025_12,SAI,ALB,0.6625739932060242,0.29067763686180115,False
gru,2025_12_VER_17.0,2025_12,VER,VER,0.5984963178634644,0.5984963178634644,True
gru,2025_13_ALB_19.0,2025_13,ALB,ALB,0.4962368607521057,0.4962368607521057,True
gru,2025_13_LEC_17.0,2025_13,LEC,OCO,0.27513206005096436,0.2416084110736847,False
gru,2025_13_OCO_13.0,2025_13,OCO,ALB,0.2600023150444031,0.23575763404369354,False
gru,2025_13_SAI_4.0,2025_13,SAI,ALB,0.4831271469593048,0.2104504406452179,False
gru,2025_13_VER_14.0,2025_13,VER,VER,0.3410194516181946,0.3410194516181946,True
gru,2025_14_ALB_8.0,2025_14,ALB,ALB,0.5163043737411499,0.5163043737411499,True
gru,2025_14_LEC_17.0,2025_14,LEC,LEC,0.29697808623313904,0.29697808623313904,True
gru,2025_14_OCO_5.0,2025_14,OCO,ALB,0.34755465388298035,0.11134397983551025,False
gru,2025_14_SAI_8.0,2025_14,SAI,ALB,0.5232954621315002,0.2737106382846832,False
gru,2025_14_VER_11.0,2025_14,VER,VER,0.45927196741104126,0.45927196741104126,True
gru,2025_15_ALB_8.0,2025_15,ALB,SAI,0.4819507896900177,0.37115997076034546,False
gru,2025_15_LEC_14.0,2025_15,LEC,LEC,0.43679219484329224,0.43679219484329224,True
gru,2025_15_OCO_8.0,2025_15,OCO,LEC,0.36084169149398804,0.24141551554203033,False
gru,2025_15_SAI_11.0,2025_15,SAI,SAI,0.4845009744167328,0.4845009744167328,True
gru,2025_15_VER_17.0,2025_15,VER,VER,0.7232771515846252,0.7232771515846252,True
gru,2025_16_ALB_15.0,2025_16,ALB,ALB,0.61260986328125,0.61260986328125,True
gru,2025_16_LEC_16.0,2025_16,LEC,ALB,0.5044595003128052,0.10833145678043365,False
gru,2025_16_OCO_14.0,2025_16,OCO,ALB,0.3927687704563141,0.2724132537841797,False
gru,2025_16_SAI_18.0,2025_16,SAI,SAI,0.3768388628959656,0.3768388628959656,True
gru,2025_16_VER_17.0,2025_16,VER,VER,0.5009439587593079,0.5009439587593079,True
gru,2025_18_ALB_13.0,2025_18,ALB,ALB,0.6436676979064941,0.6436676979064941,True
gru,2025_18_LEC_18.0,2025_18,LEC,OCO,0.3106861114501953,0.296728253364563,False
gru,2025_18_OCO_2.0,2025_18,OCO,OCO,0.34558311104774475,0.34558311104774475,True
gru,2025_18_SAI_10.0,2025_18,SAI,SAI,0.5913940072059631,0.5913940072059631,True
gru,2025_18_VER_14.0,2025_18,VER,VER,0.3318864703178406,0.3318864703178406,True
gru,2025_19_ALB_8.0,2025_19,ALB,ALB,0.5038012266159058,0.5038012266159058,True
gru,2025_19_LEC_16.0,2025_19,LEC,LEC,0.2582288384437561,0.2582288384437561,True
gru,2025_19_OCO_7.0,2025_19,OCO,LEC,0.3665693402290344,0.28283292055130005,False
gru,2025_19_SAI_10.0,2025_19,SAI,ALB,0.3665463924407959,0.09129295498132706,False
gru,2025_19_VER_11.0,2025_19,VER,OCO,0.29853731393814087,0.09353473037481308,False
gru,2025_1_ALB_20.0,2025_1,ALB,ALB,0.6809161305427551,0.6809161305427551,True
gru,2025_1_LEC_17.0,2025_1,LEC,OCO,0.36748647689819336,0.3436771333217621,False
gru,2025_1_OCO_5.0,2025_1,OCO,VER,0.5126246809959412,0.2407030612230301,False
gru,2025_1_SAI_20.0,2025_1,SAI,ALB,0.454740047454834,0.3731444776058197,False
gru,2025_1_VER_16.0,2025_1,VER,VER,0.4852929413318634,0.4852929413318634,True
gru,2025_20_ALB_5.0,2025_20,ALB,ALB,0.3257679045200348,0.3257679045200348,True
gru,2025_20_LEC_19.0,2025_20,LEC,LEC,0.42419615387916565,0.42419615387916565,True
gru,2025_20_OCO_14.0,2025_20,OCO,LEC,0.28942418098449707,0.2815605103969574,False
gru,2025_20_SAI_17.0,2025_20,SAI,ALB,0.49840229749679565,0.28976693749427795,False
gru,2025_20_VER_17.0,2025_20,VER,VER,0.32369714975357056,0.32369714975357056,True
gru,2025_21_ALB_14.0,2025_21,ALB,ALB,0.7789089679718018,0.7789089679718018,True
gru,2025_21_LEC_15.0,2025_21,LEC,LEC,0.43057116866111755,0.43057116866111755,True
gru,2025_21_OCO_8.0,2025_21,OCO,LEC,0.38549092411994934,0.24837926030158997,False
gru,2025_21_SAI_9.0,2025_21,SAI,SAI,0.5276298522949219,0.5276298522949219,True
gru,2025_21_VER_8.0,2025_21,VER,VER,0.7300319075584412,0.7300319075584412,True
gru,2025_23_ALB_10.0,2025_23,ALB,ALB,0.6669876575469971,0.6669876575469971,True
gru,2025_23_LEC_17.0,2025_23,LEC,VER,0.5349478125572205,0.1294734925031662,False
gru,2025_23_OCO_10.0,2025_23,OCO,ALB,0.4180155396461487,0.26417168974876404,False
gru,2025_23_SAI_15.0,2025_23,SAI,ALB,0.5385165214538574,0.07254157960414886,False
gru,2025_23_VER_22.0,2025_23,VER,VER,0.7243937849998474,0.7243937849998474,True
gru,2025_24_ALB_5.0,2025_24,ALB,ALB,0.6737395524978638,0.6737395524978638,True
gru,2025_24_LEC_17.0,2025_24,LEC,LEC,0.41281044483184814,0.41281044483184814,True
gru,2025_24_OCO_17.0,2025_24,OCO,LEC,0.39171522855758667,0.18936491012573242,False
gru,2025_24_SAI_11.0,2025_24,SAI,ALB,0.5298965573310852,0.46109893918037415,False
gru,2025_24_VER_17.0,2025_24,VER,ALB,0.29175251722335815,0.21648359298706055,False
gru,2025_2_ALB_7.0,2025_2,ALB,ALB,0.6531827449798584,0.6531827449798584,True
gru,2025_2_LEC_20.0,2025_2,LEC,LEC,0.3698740601539612,0.3698740601539612,True
gru,2025_2_OCO_14.0,2025_2,OCO,OCO,0.382783979177475,0.382783979177475,True
gru,2025_2_SAI_8.0,2025_2,SAI,ALB,0.6878884434700012,0.18058642745018005,False
gru,2025_2_VER_14.0,2025_2,VER,VER,0.6082512140274048,0.6082512140274048,True
gru,2025_3_ALB_19.0,2025_3,ALB,ALB,0.7712114453315735,0.7712114453315735,True
gru,2025_3_LEC_17.0,2025_3,LEC,SAI,0.3752698600292206,0.21023862063884735,False
gru,2025_3_OCO_8.0,2025_3,OCO,LEC,0.3719465136528015,0.24459882080554962,False
gru,2025_3_SAI_14.0,2025_3,SAI,ALB,0.818366289138794,0.11362605541944504,False
gru,2025_3_VER_16.0,2025_3,VER,VER,0.44995927810668945,0.44995927810668945,True
gru,2025_4_ALB_5.0,2025_4,ALB,ALB,0.5182272791862488,0.5182272791862488,True
gru,2025_4_LEC_15.0,2025_4,LEC,VER,0.4891106188297272,0.2042022943496704,False
gru,2025_4_OCO_5.0,2025_4,OCO,VER,0.37031319737434387,0.2753264904022217,False
gru,2025_4_SAI_18.0,2025_4,SAI,ALB,0.5743489265441895,0.2815932333469391,False
gru,2025_4_VER_16.0,2025_4,VER,VER,0.5758933424949646,0.5758933424949646,True
gru,2025_5_ALB_13.0,2025_5,ALB,ALB,0.7596462368965149,0.7596462368965149,True
gru,2025_5_LEC_18.0,2025_5,LEC,LEC,0.3731076121330261,0.3731076121330261,True
gru,2025_5_OCO_5.0,2025_5,OCO,LEC,0.4265686869621277,0.2299397885799408,False
gru,2025_5_SAI_14.0,2025_5,SAI,SAI,0.4442487955093384,0.4442487955093384,True
gru,2025_5_VER_18.0,2025_5,VER,VER,0.6657363176345825,0.6657363176345825,True
gru,2025_6_ALB_19.0,2025_6,ALB,ALB,0.8324198126792908,0.8324198126792908,True
gru,2025_6_LEC_19.0,2025_6,LEC,OCO,0.3055463135242462,0.215557262301445,False
gru,2025_6_OCO_20.0,2025_6,OCO,LEC,0.31181564927101135,0.28148823976516724,False
gru,2025_6_SAI_19.0,2025_6,SAI,LEC,0.3836905360221863,0.2090502381324768,False
gru,2025_6_VER_17.0,2025_6,VER,VER,0.4605362117290497,0.4605362117290497,True
gru,2025_7_ALB_19.0,2025_7,ALB,ALB,0.5951203107833862,0.5951203107833862,True
gru,2025_7_LEC_10.0,2025_7,LEC,OCO,0.3209803104400635,0.29885199666023254,False
gru,2025_7_OCO_2.0,2025_7,OCO,OCO,0.33174362778663635,0.33174362778663635,True
gru,2025_7_SAI_14.0,2025_7,SAI,SAI,0.6055059432983398,0.6055059432983398,True
gru,2025_7_VER_16.0,2025_7,VER,VER,0.35873204469680786,0.35873204469680786,True
gru,2025_8_ALB_24.0,2025_8,ALB,ALB,0.7274562120437622,0.7274562120437622,True
gru,2025_8_LEC_26.0,2025_8,LEC,LEC,0.3666437566280365,0.3666437566280365,True
gru,2025_8_OCO_31.0,2025_8,OCO,LEC,0.38638848066329956,0.24453593790531158,False
gru,2025_8_SAI_20.0,2025_8,SAI,LEC,0.38411185145378113,0.3697341978549957,False
gru,2025_8_VER_17.0,2025_8,VER,VER,0.5451807379722595,0.5451807379722595,True
gru,2025_9_ALB_13.0,2025_9,ALB,SAI,0.3318229019641876,0.20635800063610077,False
gru,2025_9_LEC_11.0,2025_9,LEC,LEC,0.2846458852291107,0.2846458852291107,True
gru,2025_9_OCO_8.0,2025_9,OCO,VER,0.3311140239238739,0.25851625204086304,False
gru,2025_9_SAI_5.0,2025_9,SAI,ALB,0.40391504764556885,0.3309447467327118,False
gru,2025_9_VER_11.0,2025_9,VER,VER,0.4499989151954651,0.4499989151954651,True
lstm,2023_11_ALB_7.0,2023_11,ALB,OCO,0.3780982196331024,0.20968309044837952,False
lstm,2023_11_LEC_20.0,2023_11,LEC,VER,0.35747230052948,0.22516022622585297,False
lstm,2023_11_OCO_15.0,2023_11,OCO,OCO,0.4012826979160309,0.4012826979160309,True
lstm,2023_11_SAI_14.0,2023_11,SAI,OCO,0.26222941279411316,0.16799136996269226,False
lstm,2023_11_VER_17.0,2023_11,VER,OCO,0.3212723433971405,0.13981832563877106,False
lstm,2023_14_ALB_20.0,2023_14,ALB,ALB,0.5945582389831543,0.5945582389831543,True
lstm,2023_14_LEC_20.0,2023_14,LEC,LEC,0.2697393000125885,0.2697393000125885,True
lstm,2023_14_OCO_7.0,2023_14,OCO,LEC,0.2604537904262543,0.2215711772441864,False
lstm,2023_14_SAI_19.0,2023_14,SAI,LEC,0.26899948716163635,0.20057085156440735,False
lstm,2023_14_VER_20.0,2023_14,VER,LEC,0.26919978857040405,0.2457917481660843,False
lstm,2023_15_ALB_5.0,2023_15,ALB,ALB,0.462736576795578,0.462736576795578,True
lstm,2023_15_LEC_20.0,2023_15,LEC,VER,0.28503045439720154,0.257132887840271,False
lstm,2023_15_OCO_17.0,2023_15,OCO,VER,0.3559710681438446,0.21666578948497772,False
lstm,2023_15_SAI_19.0,2023_15,SAI,VER,0.31929510831832886,0.159083753824234,False
lstm,2023_15_VER_10.0,2023_15,VER,VER,0.34538325667381287,0.34538325667381287,True
lstm,2023_16_ALB_11.0,2023_16,ALB,ALB,0.4885914921760559,0.4885914921760559,True
lstm,2023_16_LEC_13.0,2023_16,LEC,LEC,0.36669254302978516,0.36669254302978516,True
lstm,2023_16_OCO_11.0,2023_16,OCO,OCO,0.4520283341407776,0.4520283341407776,True
lstm,2023_16_SAI_13.0,2023_16,SAI,LEC,0.3809938132762909,0.12788903713226318,False
lstm,2023_16_VER_11.0,2023_16,VER,OCO,0.37229445576667786,0.3606848120689392,False
lstm,2023_17_ALB_12.0,2023_17,ALB,ALB,0.258804589509964,0.258804589509964,True
lstm,2023_17_LEC_25.0,2023_17,LEC,VER,0.22271810472011566,0.2201176881790161,False
lstm,2023_17_OCO_23.0,2023_17,OCO,VER,0.23664505779743195,0.21502436697483063,False
lstm,2023_17_SAI_17.0,2023_17,SAI,LEC,0.233929842710495,0.20308515429496765,False
lstm,2023_17_VER_16.0,2023_17,VER,LEC,0.23498661816120148,0.23114240169525146,False
lstm,2023_18_ALB_5.0,2023_18,ALB,OCO,0.3331960141658783,0.16599899530410767,False
lstm,2023_18_LEC_20.0,2023_18,LEC,OCO,0.3097197115421295,0.19269566237926483,False
lstm,2023_18_OCO_20.0,2023_18,OCO,OCO,0.291648268699646,0.291648268699646,True
lstm,2023_18_SAI_17.0,2023_18,SAI,OCO,0.2581084668636322,0.19524382054805756,False
lstm,2023_18_VER_17.0,2023_18,VER,OCO,0.25663504004478455,0.18962271511554718,False
lstm,2023_19_ALB_11.0,2023_19,ALB,ALB,0.43255606293678284,0.43255606293678284,True
lstm,2023_19_LEC_13.0,2023_19,LEC,ALB,0.4460511803627014,0.15033353865146637,False
lstm,2023_19_OCO_2.0,2023_19,OCO,ALB,0.4121607542037964,0.11393366008996964,False
lstm,2023_19_SAI_13.0,2023_19,SAI,ALB,0.22408510744571686,0.20371828973293304,False
lstm,2023_19_VER_14.0,2023_19,VER,ALB,0.25980085134506226,0.1578858345746994,False
lstm,2023_1_ALB_5.0,2023_1,ALB,ALB,0.5539833903312683,0.5539833903312683,True
lstm,2023_1_LEC_16.0,2023_1,LEC,LEC,0.21740196645259857,0.21740196645259857,True
lstm,2023_1_OCO_11.0,2023_1,OCO,LEC,0.2350672483444214,0.21454991400241852,False
lstm,2023_1_SAI_17.0,2023_1,SAI,LEC,0.21388640999794006,0.21147562563419342,False
lstm,2023_1_VER_14.0,2023_1,VER,LEC,0.23508493602275848,0.23058485984802246,False
lstm,2023_21_ALB_20.0,2023_21,ALB,ALB,0.4606979191303253,0.4606979191303253,True
lstm,2023_21_LEC_22.0,2023_21,LEC,VER,0.3460775911808014,0.18409734964370728,False
lstm,2023_21_OCO_7.0,2023_21,OCO,VER,0.3287040591239929,0.26417553424835205,False
lstm,2023_21_SAI_22.0,2023_21,SAI,LEC,0.33880990743637085,0.24846741557121277,False
lstm,2023_21_VER_16.0,2023_21,VER,VER,0.35924506187438965,0.35924506187438965,True
lstm,2023_22_ALB_5.0,2023_22,ALB,ALB,0.6395354270935059,0.6395354270935059,True
lstm,2023_22_LEC_17.0,2023_22,LEC,VER,0.2255491018295288,0.2112472653388977,False
lstm,2023_22_OCO_11.0,2023_22,OCO,VER,0.2444751113653183,0.208109512925148,False
lstm,2023_22_SAI_5.0,2023_22,SAI,VER,0.2161858081817627,0.1982969492673874,False
lstm,2023_22_VER_11.0,2023_22,VER,VER,0.22596044838428497,0.22596044838428497,True
lstm,2023_2_ALB_8.0,2023_2,ALB,ALB,0.3042031526565552,0.3042031526565552,True
lstm,2023_2_LEC_18.0,2023_2,LEC,VER,0.3098509907722473,0.2523481547832489,False
lstm,2023_2_OCO_23.0,2023_2,OCO,VER,0.32092005014419556,0.22899146378040314,False
lstm,2023_2_SAI_23.0,2023_2,SAI,VER,0.31866854429244995,0.15738430619239807,False
lstm,2023_2_VER_2.0,2023_2,VER,VER,0.2751051187515259,0.2751051187515259,True
lstm,2023_4_ALB_18.0,2023_4,ALB,ALB,0.2697382867336273,0.2697382867336273,True
lstm,2023_4_LEC_20.0,2023_4,LEC,ALB,0.26761001348495483,0.18771560490131378,False
lstm,2023_4_OCO_18.0,2023_4,OCO,ALB,0.26250186562538147,0.21818627417087555,False
lstm,2023_4_SAI_20.0,2023_4,SAI,ALB,0.2673815190792084,0.1739935725927353,False
lstm,2023_4_VER_19.0,2023_4,VER,ALB,0.2675304114818573,0.14386773109436035,False
lstm,2023_5_ALB_11.0,2023_5,ALB,ALB,0.5788681507110596,0.5788681507110596,True
lstm,2023_5_LEC_13.0,2023_5,LEC,ALB,0.35561928153038025,0.17938196659088135,False
lstm,2023_5_OCO_14.0,2023_5,OCO,VER,0.32661235332489014,0.30747437477111816,False
lstm,2023_5_SAI_10.0,2023_5,SAI,VER,0.29968148469924927,0.1675018072128296,False
lstm,2023_5_VER_11.0,2023_5,VER,OCO,0.23924510180950165,0.23331724107265472,False
lstm,2023_6_ALB_18.0,2023_6,ALB,ALB,0.46699729561805725,0.46699729561805725,True
lstm,2023_6_LEC_25.0,2023_6,LEC,OCO,0.3253341615200043,0.2201894372701645,False
lstm,2023_6_OCO_25.0,2023_6,OCO,ALB,0.3239697217941284,0.2324163019657135,False
lstm,2023_6_SAI_27.0,2023_6,SAI,OCO,0.30388399958610535,0.1809920221567154,False
lstm,2023_6_VER_29.0,2023_6,VER,VER,0.35828471183776855,0.35828471183776855,True
lstm,2023_9_ALB_20.0,2023_9,ALB,ALB,0.8285945057868958,0.8285945057868958,True
lstm,2023_9_LEC_25.0,2023_9,LEC,SAI,0.35666391253471375,0.3136635720729828,False
lstm,2023_9_OCO_14.0,2023_9,OCO,OCO,0.6085381507873535,0.6085381507873535,True
lstm,2023_9_SAI_24.0,2023_9,SAI,LEC,0.30174413323402405,0.24675557017326355,False
lstm,2023_9_VER_23.0,2023_9,VER,SAI,0.35731545090675354,0.2618081271648407,False
lstm,2024_10_ALB_5.0,2024_10,ALB,ALB,0.25452932715415955,0.25452932715415955,True
lstm,2024_10_LEC_8.0,2024_10,LEC,VER,0.3134446144104004,0.22550487518310547,False
lstm,2024_10_OCO_11.0,2024_10,OCO,ALB,0.25699344277381897,0.22920407354831696,False
lstm,2024_10_SAI_5.0,2024_10,SAI,VER,0.34395307302474976,0.2820609509944916,False
lstm,2024_10_VER_5.0,2024_10,VER,VER,0.35162612795829773,0.35162612795829773,True
lstm,2024_11_ALB_8.0,2024_11,ALB,VER,0.27139002084732056,0.061407171189785004,False
lstm,2024_11_LEC_18.0,2024_11,LEC,VER,0.27362605929374695,0.2361871898174286,False
lstm,2024_11_OCO_17.0,2024_11,OCO,VER,0.28281089663505554,0.2619020342826843,False
lstm,2024_11_SAI_17.0,2024_11,SAI,VER,0.27478426694869995,0.17657873034477234,False
lstm,2024_11_VER_17.0,2024_11,VER,VER,0.2599492371082306,0.2599492371082306,True
lstm,2024_15_ALB_17.0,2024_15,ALB,VER,0.2832077443599701,0.05532603710889816,False
lstm,2024_15_LEC_23.0,2024_15,LEC,VER,0.31196898221969604,0.25506362318992615,False
lstm,2024_15_OCO_8.0,2024_15,OCO,VER,0.31105971336364746,0.2298853099346161,False
lstm,2024_15_SAI_17.0,2024_15,SAI,VER,0.3139251172542572,0.15532788634300232,False
lstm,2024_15_VER_13.0,2024_15,VER,VER,0.3127777874469757,0.3127777874469757,True
lstm,2024_16_ALB_17.0,2024_16,ALB,VER,0.3109320402145386,0.04718974977731705,False
lstm,2024_16_LEC_20.0,2024_16,LEC,VER,0.31332021951675415,0.25444066524505615,False
lstm,2024_16_OCO_5.0,2024_16,OCO,VER,0.3120481073856354,0.22966986894607544,False
lstm,2024_16_SAI_17.0,2024_16,SAI,VER,0.31368404626846313,0.1564066857099533,False
lstm,2024_16_VER_11.0,2024_16,VER,VER,0.3154793679714203,0.3154793679714203,True
lstm,2024_17_ALB_13.0,2024_17,ALB,ALB,0.32240530848503113,0.32240530848503113,True
lstm,2024_17_LEC_19.0,2024_17,LEC,VER,0.3268478512763977,0.1975843757390976,False
lstm,2024_17_OCO_5.0,2024_17,OCO,VER,0.3034358024597168,0.2420111447572708,False
lstm,2024_17_SAI_22.0,2024_17,SAI,LEC,0.3296544849872589,0.24399544298648834,False
lstm,2024_17_VER_19.0,2024_17,VER,VER,0.3385489583015442,0.3385489583015442,True
lstm,2024_18_ALB_11.0,2024_18,ALB,ALB,0.4103952944278717,0.4103952944278717,True
lstm,2024_18_LEC_13.0,2024_18,LEC,LEC,0.22744210064411163,0.22744210064411163,True
lstm,2024_18_OCO_14.0,2024_18,OCO,OCO,0.2127448320388794,0.2127448320388794,True
lstm,2024_18_SAI_14.0,2024_18,SAI,LEC,0.23069649934768677,0.20628678798675537,False
lstm,2024_18_VER_11.0,2024_18,VER,LEC,0.20990899205207825,0.19453203678131104,False
lstm,2024_19_ALB_7.0,2024_19,ALB,OCO,0.2936614751815796,0.18303479254245758,False
lstm,2024_19_LEC_17.0,2024_19,LEC,OCO,0.35373789072036743,0.1928655207157135,False
lstm,2024_19_OCO_14.0,2024_19,OCO,OCO,0.2931033670902252,0.2931033670902252,True
lstm,2024_19_SAI_16.0,2024_19,SAI,OCO,0.3247168958187103,0.18792878091335297,False
lstm,2024_19_VER_14.0,2024_19,VER,OCO,0.29829201102256775,0.1594923585653305,False
lstm,2024_1_ALB_11.0,2024_1,ALB,ALB,0.5248266458511353,0.5248266458511353,True
lstm,2024_1_LEC_12.0,2024_1,LEC,LEC,0.23290219902992249,0.23290219902992249,True
lstm,2024_1_OCO_8.0,2024_1,OCO,VER,0.22743965685367584,0.21626603603363037,False
lstm,2024_1_SAI_17.0,2024_1,SAI,LEC,0.22687959671020508,0.20969589054584503,False
lstm,2024_1_VER_16.0,2024_1,VER,LEC,0.23421089351177216,0.23082409799098969,False
lstm,2024_20_ALB_11.0,2024_20,ALB,ALB,0.5386413335800171,0.5386413335800171,True
lstm,2024_20_LEC_20.0,2024_20,LEC,LEC,0.29908162355422974,0.29908162355422974,True
lstm,2024_20_OCO_8.0,2024_20,OCO,OCO,0.3047628402709961,0.3047628402709961,True
lstm,2024_20_SAI_20.0,2024_20,SAI,OCO,0.2964286804199219,0.17070873081684113,False
lstm,2024_20_VER_17.0,2024_20,VER,OCO,0.27535757422447205,0.20159108936786652,False
lstm,2024_22_ALB_5.0,2024_22,ALB,LEC,0.2621438503265381,0.2197149246931076,False
lstm,2024_22_LEC_22.0,2024_22,LEC,OCO,0.2738836705684662,0.20537705719470978,False
lstm,2024_22_OCO_17.0,2024_22,OCO,OCO,0.28748032450675964,0.28748032450675964,True
lstm,2024_22_SAI_23.0,2024_22,SAI,VER,0.2880694568157196,0.16958804428577423,False
lstm,2024_22_VER_20.0,2024_22,VER,VER,0.37122148275375366,0.37122148275375366,True
lstm,2024_23_ALB_8.0,2024_23,ALB,LEC,0.2266760617494583,0.1390867531299591,False
lstm,2024_23_LEC_25.0,2024_23,LEC,LEC,0.23594480752944946,0.23594480752944946,True
lstm,2024_23_OCO_9.0,2024_23,OCO,LEC,0.23186852037906647,0.21478383243083954,False
lstm,2024_23_SAI_25.0,2024_23,SAI,LEC,0.23540626466274261,0.20022910833358765,False
lstm,2024_23_VER_21.0,2024_23,VER,LEC,0.23632365465164185,0.23590411245822906,False
lstm,2024_24_ALB_5.0,2024_24,ALB,OCO,0.26245567202568054,0.20386633276939392,False
lstm,2024_24_LEC_11.0,2024_24,LEC,VER,0.2978786528110504,0.20740048587322235,False
lstm,2024_24_SAI_15.0,2024_24,SAI,VER,0.230280801653862,0.19580380618572235,False
lstm,2024_24_VER_11.0,2024_24,VER,VER,0.30298662185668945,0.30298662185668945,True
lstm,2024_2_ALB_15.0,2024_2,ALB,ALB,0.2395308017730713,0.2395308017730713,True
lstm,2024_2_LEC_22.0,2024_2,LEC,VER,0.29287639260292053,0.21088823676109314,False
lstm,2024_2_OCO_9.0,2024_2,OCO,VER,0.30616921186447144,0.2895232141017914,False
lstm,2024_2_VER_14.0,2024_2,VER,VER,0.2827851474285126,0.2827851474285126,True
lstm,2024_4_ALB_8.0,2024_4,ALB,ALB,0.5156758427619934,0.5156758427619934,True
lstm,2024_4_LEC_11.0,2024_4,LEC,LEC,0.2590482234954834,0.2590482234954834,True
lstm,2024_4_OCO_5.0,2024_4,OCO,ALB,0.44583943486213684,0.10494817048311234,False
lstm,2024_4_SAI_8.0,2024_4,SAI,VER,0.3053496181964874,0.15320007503032684,False
lstm,2024_4_VER_11.0,2024_4,VER,VER,0.30364423990249634,0.30364423990249634,True
lstm,2024_5_ALB_13.0,2024_5,ALB,ALB,0.45919543504714966,0.45919543504714966,True
lstm,2024_5_LEC_19.0,2024_5,LEC,VER,0.35264986753463745,0.2540687024593353,False
lstm,2024_5_OCO_14.0,2024_5,OCO,VER,0.3070985972881317,0.219650998711586,False
lstm,2024_5_SAI_16.0,2024_5,SAI,VER,0.3399960696697235,0.16527105867862701,False
lstm,2024_5_VER_17.0,2024_5,VER,VER,0.3354915678501129,0.3354915678501129,True
lstm,2024_6_ALB_8.0,2024_6,ALB,ALB,0.5388901233673096,0.5388901233673096,True
lstm,2024_6_LEC_17.0,2024_6,LEC,OCO,0.548352062702179,0.1436346024274826,False
lstm,2024_6_OCO_8.0,2024_6,OCO,OCO,0.5089771747589111,0.5089771747589111,True
lstm,2024_6_SAI_17.0,2024_6,SAI,OCO,0.6089491844177246,0.04059060662984848,False
lstm,2024_6_VER_14.0,2024_6,VER,VER,0.42297202348709106,0.42297202348709106,True
lstm,2024_7_ALB_11.0,2024_7,ALB,ALB,0.468514621257782,0.468514621257782,True
lstm,2024_7_LEC_20.0,2024_7,LEC,OCO,0.241807222366333,0.21260854601860046,False
lstm,2024_7_OCO_14.0,2024_7,OCO,ALB,0.2786795496940613,0.16102293133735657,False
lstm,2024_7_SAI_19.0,2024_7,SAI,VER,0.2896042466163635,0.17263615131378174,False
lstm,2024_7_VER_17.0,2024_7,VER,VER,0.31691426038742065,0.31691426038742065,True
lstm,2024_8_ALB_28.0,2024_8,ALB,ALB,0.22430531680583954,0.22430531680583954,True
lstm,2024_8_LEC_25.0,2024_8,LEC,LEC,0.23413820564746857,0.23413820564746857,True
lstm,2024_8_OCO_15.0,2024_8,OCO,LEC,0.22591711580753326,0.2134086787700653,False
lstm,2024_8_SAI_27.0,2024_8,SAI,LEC,0.2353753000497818,0.20060867071151733,False
lstm,2024_8_VER_24.0,2024_8,VER,VER,0.23944424092769623,0.23944424092769623,True
lstm,2025_10_ALB_21.0,2025_10,ALB,ALB,0.3959237039089203,0.3959237039089203,True
lstm,2025_10_LEC_17.0,2025_10,LEC,OCO,0.2620680630207062,0.24464119970798492,False
lstm,2025_10_OCO_12.0,2025_10,OCO,VER,0.3008020520210266,0.2352573126554489,False
lstm,2025_10_SAI_12.0,2025_10,SAI,VER,0.26312577724456787,0.1840723156929016,False
lstm,2025_10_VER_19.0,2025_10,VER,VER,0.32782864570617676,0.32782864570617676,True
lstm,2025_11_ALB_8.0,2025_11,ALB,ALB,0.687559187412262,0.687559187412262,True
lstm,2025_11_LEC_17.0,2025_11,LEC,SAI,0.35455378890037537,0.3076660633087158,False
lstm,2025_11_OCO_8.0,2025_11,OCO,LEC,0.4071134328842163,0.19907531142234802,False
lstm,2025_11_SAI_8.0,2025_11,SAI,SAI,0.4321914613246918,0.4321914613246918,True
lstm,2025_11_VER_11.0,2025_11,VER,VER,0.3125607669353485,0.3125607669353485,True
lstm,2025_12_ALB_9.0,2025_12,ALB,ALB,0.5332830548286438,0.5332830548286438,True
lstm,2025_12_LEC_20.0,2025_12,LEC,LEC,0.22196871042251587,0.22196871042251587,True
lstm,2025_12_OCO_8.0,2025_12,OCO,OCO,0.21692797541618347,0.21692797541618347,True
lstm,2025_12_SAI_11.0,2025_12,SAI,ALB,0.5324820876121521,0.1716286540031433,False
lstm,2025_12_VER_17.0,2025_12,VER,VER,0.22835509479045868,0.22835509479045868,True
lstm,2025_13_ALB_19.0,2025_13,ALB,OCO,0.2283911556005478,0.15110859274864197,False
lstm,2025_13_LEC_17.0,2025_13,LEC,OCO,0.3188475966453552,0.18382048606872559,False
lstm,2025_13_OCO_13.0,2025_13,OCO,OCO,0.30825793743133545,0.30825793743133545,True
lstm,2025_13_SAI_4.0,2025_13,SAI,OCO,0.27955925464630127,0.17340587079524994,False
lstm,2025_13_VER_14.0,2025_13,VER,OCO,0.2624552547931671,0.17945075035095215,False
lstm,2025_14_ALB_8.0,2025_14,ALB,ALB,0.42515596747398376,0.42515596747398376,True
lstm,2025_14_LEC_17.0,2025_14,LEC,ALB,0.2880021333694458,0.19585369527339935,False
lstm,2025_14_OCO_5.0,2025_14,OCO,ALB,0.30970680713653564,0.15234942734241486,False
lstm,2025_14_SAI_8.0,2025_14,SAI,ALB,0.37721356749534607,0.20909440517425537,False
lstm,2025_14_VER_11.0,2025_14,VER,VER,0.3297663629055023,0.3297663629055023,True
lstm,2025_15_ALB_8.0,2025_15,ALB,VER,0.2942705452442169,0.05084662884473801,False
lstm,2025_15_LEC_14.0,2025_15,LEC,VER,0.312412291765213,0.25498685240745544,False
lstm,2025_15_OCO_8.0,2025_15,OCO,VER,0.3118862211704254,0.22982726991176605,False
lstm,2025_15_SAI_11.0,2025_15,SAI,VER,0.3027585744857788,0.16203966736793518,False
lstm,2025_15_VER_17.0,2025_15,VER,VER,0.3130028545856476,0.3130028545856476,True
lstm,2025_16_ALB_15.0,2025_16,ALB,ALB,0.39778268337249756,0.39778268337249756,True
lstm,2025_16_LEC_16.0,2025_16,LEC,LEC,0.3041625916957855,0.3041625916957855,True
lstm,2025_16_OCO_14.0,2025_16,OCO,LEC,0.33373910188674927,0.15402862429618835,False
lstm,2025_16_SAI_18.0,2025_16,SAI,SAI,0.30683794617652893,0.30683794617652893,True
lstm,2025_16_VER_17.0,2025_16,VER,LEC,0.25287681818008423,0.23998481035232544,False
lstm,2025_18_ALB_13.0,2025_18,ALB,ALB,0.24867011606693268,0.24867011606693268,True
lstm,2025_18_LEC_18.0,2025_18,LEC,LEC,0.21521028876304626,0.21521028876304626,True
lstm,2025_18_OCO_2.0,2025_18,OCO,LEC,0.21307702362537384,0.20942288637161255,False
lstm,2025_18_SAI_10.0,2025_18,SAI,ALB,0.20979368686676025,0.20811936259269714,False
lstm,2025_18_VER_14.0,2025_18,VER,LEC,0.2294893115758896,0.22623831033706665,False
lstm,2025_19_ALB_8.0,2025_19,ALB,ALB,0.5578035116195679,0.5578035116195679,True
lstm,2025_19_LEC_16.0,2025_19,LEC,VER,0.3079410195350647,0.25426167249679565,False
lstm,2025_19_OCO_7.0,2025_19,OCO,LEC,0.28792664408683777,0.14650554955005646,False
lstm,2025_19_SAI_10.0,2025_19,SAI,ALB,0.32671117782592773,0.23069435358047485,False
lstm,2025_19_VER_11.0,2025_19,VER,VER,0.5123465657234192,0.5123465657234192,True
lstm,2025_1_ALB_20.0,2025_1,ALB,VER,0.2862998843193054,0.123401939868927,False
lstm,2025_1_LEC_17.0,2025_1,LEC,VER,0.32191431522369385,0.2214331477880478,False
lstm,2025_1_OCO_5.0,2025_1,OCO,OCO,0.29601922631263733,0.29601922631263733,True
lstm,2025_1_SAI_20.0,2025_1,SAI,VER,0.3122142255306244,0.28419315814971924,False
lstm,2025_1_VER_16.0,2025_1,VER,VER,0.3319600522518158,0.3319600522518158,True
lstm,2025_20_ALB_5.0,2025_20,ALB,ALB,0.40617233514785767,0.40617233514785767,True
lstm,2025_20_LEC_19.0,2025_20,LEC,ALB,0.4492347538471222,0.14165329933166504,False
lstm,2025_20_OCO_14.0,2025_20,OCO,ALB,0.3220479488372803,0.14473484456539154,False
lstm,2025_20_SAI_17.0,2025_20,SAI,ALB,0.3802613914012909,0.21009927988052368,False
lstm,2025_20_VER_17.0,2025_20,VER,ALB,0.33831581473350525,0.12603361904621124,False
lstm,2025_21_ALB_14.0,2025_21,ALB,ALB,0.5780212879180908,0.5780212879180908,True
lstm,2025_21_LEC_15.0,2025_21,LEC,VER,0.3127521872520447,0.254801869392395,False
lstm,2025_21_OCO_8.0,2025_21,OCO,VER,0.31179219484329224,0.22997990250587463,False
lstm,2025_21_SAI_9.0,2025_21,SAI,VER,0.31133386492729187,0.15727269649505615,False
lstm,2025_21_VER_8.0,2025_21,VER,VER,0.3128582537174225,0.3128582537174225,True
lstm,2025_23_ALB_10.0,2025_23,ALB,VER,0.2648948132991791,0.06938326358795166,False
lstm,2025_23_LEC_17.0,2025_23,LEC,SAI,0.5900222659111023,0.24603483080863953,False
lstm,2025_23_OCO_10.0,2025_23,OCO,LEC,0.3042040467262268,0.21147461235523224,False
lstm,2025_23_SAI_15.0,2025_23,SAI,SAI,0.35245439410209656,0.35245439410209656,True
lstm,2025_23_VER_22.0,2025_23,VER,SAI,0.34873074293136597,0.2963872253894806,False
lstm,2025_24_ALB_5.0,2025_24,ALB,ALB,0.5475786328315735,0.5475786328315735,True
lstm,2025_24_LEC_17.0,2025_24,LEC,VER,0.22313028573989868,0.21135233342647552,False
lstm,2025_24_OCO_17.0,2025_24,OCO,ALB,0.4806550443172455,0.0958862155675888,False
lstm,2025_24_SAI_11.0,2025_24,SAI,ALB,0.7197876572608948,0.12288352102041245,False
lstm,2025_24_VER_17.0,2025_24,VER,SAI,0.21370507776737213,0.2078094482421875,False
lstm,2025_2_ALB_7.0,2025_2,ALB,VER,0.3140893578529358,0.1214982196688652,False
lstm,2025_2_LEC_20.0,2025_2,LEC,VER,0.3049021065235138,0.2230241298675537,False
lstm,2025_2_OCO_14.0,2025_2,OCO,VER,0.36144301295280457,0.06489980220794678,False
lstm,2025_2_SAI_8.0,2025_2,SAI,OCO,0.3605057895183563,0.1634838581085205,False
lstm,2025_2_VER_14.0,2025_2,VER,VER,0.3428780734539032,0.3428780734539032,True
lstm,2025_3_ALB_19.0,2025_3,ALB,OCO,0.3087725341320038,0.21061824262142181,False
lstm,2025_3_LEC_17.0,2025_3,LEC,OCO,0.336762011051178,0.16752031445503235,False
lstm,2025_3_OCO_8.0,2025_3,OCO,VER,0.2768970727920532,0.14827166497707367,False
lstm,2025_3_SAI_14.0,2025_3,SAI,OCO,0.304182231426239,0.16437983512878418,False
lstm,2025_3_VER_16.0,2025_3,VER,VER,0.21706828474998474,0.21706828474998474,True
lstm,2025_4_ALB_5.0,2025_4,ALB,ALB,0.534172534942627,0.534172534942627,True
lstm,2025_4_LEC_15.0,2025_4,LEC,VER,0.29798024892807007,0.1854296773672104,False
lstm,2025_4_OCO_5.0,2025_4,OCO,OCO,0.27043861150741577,0.27043861150741577,True
lstm,2025_4_SAI_18.0,2025_4,SAI,ALB,0.4711538553237915,0.20565803349018097,False
lstm,2025_4_VER_16.0,2025_4,VER,VER,0.3088844418525696,0.3088844418525696,True
lstm,2025_5_ALB_13.0,2025_5,ALB,OCO,0.26901939511299133,0.05874810740351677,False
lstm,2025_5_LEC_18.0,2025_5,LEC,VER,0.29391223192214966,0.25100523233413696,False
lstm,2025_5_OCO_5.0,2025_5,OCO,OCO,0.2825665771961212,0.2825665771961212,True
lstm,2025_5_SAI_14.0,2025_5,SAI,OCO,0.2994246780872345,0.23348557949066162,False
lstm,2025_5_VER_18.0,2025_5,VER,VER,0.32746198773384094,0.32746198773384094,True
lstm,2025_6_ALB_19.0,2025_6,ALB,ALB,0.7492713332176208,0.7492713332176208,True
lstm,2025_6_LEC_19.0,2025_6,LEC,OCO,0.5518960356712341,0.10497616231441498,False
lstm,2025_6_OCO_20.0,2025_6,OCO,OCO,0.5121648907661438,0.5121648907661438,True
lstm,2025_6_SAI_19.0,2025_6,SAI,LEC,0.3573150932788849,0.3045903742313385,False
lstm,2025_6_VER_17.0,2025_6,VER,VER,0.5184271931648254,0.5184271931648254,True
lstm,2025_7_ALB_19.0,2025_7,ALB,ALB,0.412511944770813,0.412511944770813,True
lstm,2025_7_LEC_10.0,2025_7,LEC,LEC,0.22386395931243896,0.22386395931243896,True
lstm,2025_7_OCO_2.0,2025_7,OCO,ALB,0.23804284632205963,0.19213420152664185,False
lstm,2025_7_SAI_14.0,2025_7,SAI,LEC,0.2218908816576004,0.2103772610425949,False
lstm,2025_7_VER_16.0,2025_7,VER,LEC,0.23453448712825775,0.23113146424293518,False
lstm,2025_8_ALB_24.0,2025_8,ALB,OCO,0.28459152579307556,0.223724365234375,False
lstm,2025_8_LEC_26.0,2025_8,LEC,VER,0.3654794991016388,0.21857717633247375,False
lstm,2025_8_OCO_31.0,2025_8,OCO,VER,0.3674345016479492,0.056794892996549606,False
lstm,2025_8_SAI_20.0,2025_8,SAI,VER,0.3497579097747803,0.251426100730896,False
lstm,2025_8_VER_17.0,2025_8,VER,VER,0.36179685592651367,0.36179685592651367,True
lstm,2025_9_ALB_13.0,2025_9,ALB,LEC,0.2584002614021301,0.07726304233074188,False
lstm,2025_9_LEC_11.0,2025_9,LEC,LEC,0.26703155040740967,0.26703155040740967,True
lstm,2025_9_OCO_8.0,2025_9,OCO,LEC,0.26464128494262695,0.21684622764587402,False
lstm,2025_9_SAI_5.0,2025_9,SAI,ALB,0.5706082582473755,0.20422978699207306,False
lstm,2025_9_VER_11.0,2025_9,VER,LEC,0.26874715089797974,0.24462950229644775,False
hybrid_cnn_tabular,2023_11_ALB_7.0,2023_11,ALB,ALB,0.999396562576294,0.999396562576294,True
hybrid_cnn_tabular,2023_11_LEC_20.0,2023_11,LEC,LEC,0.9995935559272766,0.9995935559272766,True
hybrid_cnn_tabular,2023_11_OCO_15.0,2023_11,OCO,OCO,0.9990184307098389,0.9990184307098389,True
hybrid_cnn_tabular,2023_11_SAI_14.0,2023_11,SAI,SAI,0.9999728202819824,0.9999728202819824,True
hybrid_cnn_tabular,2023_11_VER_17.0,2023_11,VER,VER,0.9978647828102112,0.9978647828102112,True
hybrid_cnn_tabular,2023_14_ALB_20.0,2023_14,ALB,ALB,0.9997748732566833,0.9997748732566833,True
hybrid_cnn_tabular,2023_14_LEC_20.0,2023_14,LEC,SAI,0.9799692034721375,0.005546913016587496,False
hybrid_cnn_tabular,2023_14_OCO_7.0,2023_14,OCO,OCO,0.9999452829360962,0.9999452829360962,True
hybrid_cnn_tabular,2023_14_SAI_19.0,2023_14,SAI,SAI,0.9903249740600586,0.9903249740600586,True
hybrid_cnn_tabular,2023_14_VER_20.0,2023_14,VER,VER,0.929965615272522,0.929965615272522,True
hybrid_cnn_tabular,2023_15_ALB_5.0,2023_15,ALB,ALB,0.997668445110321,0.997668445110321,True
hybrid_cnn_tabular,2023_15_LEC_20.0,2023_15,LEC,LEC,0.9966052770614624,0.9966052770614624,True
hybrid_cnn_tabular,2023_15_OCO_17.0,2023_15,OCO,OCO,0.9712477922439575,0.9712477922439575,True
hybrid_cnn_tabular,2023_15_SAI_19.0,2023_15,SAI,SAI,0.9999585151672363,0.9999585151672363,True
hybrid_cnn_tabular,2023_15_VER_10.0,2023_15,VER,VER,0.996915340423584,0.996915340423584,True
hybrid_cnn_tabular,2023_16_ALB_11.0,2023_16,ALB,ALB,0.9997424483299255,0.9997424483299255,True
hybrid_cnn_tabular,2023_16_LEC_13.0,2023_16,LEC,LEC,0.9999775886535645,0.9999775886535645,True
hybrid_cnn_tabular,2023_16_OCO_11.0,2023_16,OCO,OCO,0.9999955892562866,0.9999955892562866,True
hybrid_cnn_tabular,2023_16_SAI_13.0,2023_16,SAI,SAI,0.9999972581863403,0.9999972581863403,True
hybrid_cnn_tabular,2023_16_VER_11.0,2023_16,VER,VER,0.8702672719955444,0.8702672719955444,True
hybrid_cnn_tabular,2023_17_ALB_12.0,2023_17,ALB,ALB,0.996142566204071,0.996142566204071,True
hybrid_cnn_tabular,2023_17_LEC_25.0,2023_17,LEC,LEC,0.984816312789917,0.984816312789917,True
hybrid_cnn_tabular,2023_17_OCO_23.0,2023_17,OCO,OCO,0.9976933598518372,0.9976933598518372,True
hybrid_cnn_tabular,2023_17_SAI_17.0,2023_17,SAI,OCO,0.794533371925354,0.13825081288814545,False
hybrid_cnn_tabular,2023_17_VER_16.0,2023_17,VER,VER,0.9875118732452393,0.9875118732452393,True
hybrid_cnn_tabular,2023_18_ALB_5.0,2023_18,ALB,ALB,0.9999536275863647,0.9999536275863647,True
hybrid_cnn_tabular,2023_18_LEC_20.0,2023_18,LEC,LEC,0.9988183379173279,0.9988183379173279,True
hybrid_cnn_tabular,2023_18_OCO_20.0,2023_18,OCO,OCO,0.9992602467536926,0.9992602467536926,True
hybrid_cnn_tabular,2023_18_SAI_17.0,2023_18,SAI,SAI,0.9992357492446899,0.9992357492446899,True
hybrid_cnn_tabular,2023_18_VER_17.0,2023_18,VER,VER,0.9934640526771545,0.9934640526771545,True
hybrid_cnn_tabular,2023_19_ALB_11.0,2023_19,ALB,ALB,0.9996059536933899,0.9996059536933899,True
hybrid_cnn_tabular,2023_19_LEC_13.0,2023_19,LEC,VER,0.5974152684211731,0.03066030517220497,False
hybrid_cnn_tabular,2023_19_OCO_2.0,2023_19,OCO,OCO,0.9999477863311768,0.9999477863311768,True
hybrid_cnn_tabular,2023_19_SAI_13.0,2023_19,SAI,SAI,0.9964240193367004,0.9964240193367004,True
hybrid_cnn_tabular,2023_19_VER_14.0,2023_19,VER,VER,0.9947110414505005,0.9947110414505005,True
hybrid_cnn_tabular,2023_1_ALB_5.0,2023_1,ALB,ALB,0.9904414415359497,0.9904414415359497,True
hybrid_cnn_tabular,2023_1_LEC_16.0,2023_1,LEC,LEC,0.9928256273269653,0.9928256273269653,True
hybrid_cnn_tabular,2023_1_OCO_11.0,2023_1,OCO,OCO,0.9883771538734436,0.9883771538734436,True
hybrid_cnn_tabular,2023_1_SAI_17.0,2023_1,SAI,SAI,0.9999898672103882,0.9999898672103882,True
hybrid_cnn_tabular,2023_1_VER_14.0,2023_1,VER,VER,0.9966272711753845,0.9966272711753845,True
hybrid_cnn_tabular,2023_21_ALB_20.0,2023_21,ALB,ALB,0.9999542236328125,0.9999542236328125,True
hybrid_cnn_tabular,2023_21_LEC_22.0,2023_21,LEC,LEC,0.9990671277046204,0.9990671277046204,True
hybrid_cnn_tabular,2023_21_OCO_7.0,2023_21,OCO,OCO,0.9939267039299011,0.9939267039299011,True
hybrid_cnn_tabular,2023_21_SAI_22.0,2023_21,SAI,SAI,0.9990654587745667,0.9990654587745667,True
hybrid_cnn_tabular,2023_21_VER_16.0,2023_21,VER,VER,0.9971430897712708,0.9971430897712708,True
hybrid_cnn_tabular,2023_22_ALB_5.0,2023_22,ALB,ALB,0.9839625954627991,0.9839625954627991,True
hybrid_cnn_tabular,2023_22_LEC_17.0,2023_22,LEC,LEC,0.9988484382629395,0.9988484382629395,True
hybrid_cnn_tabular,2023_22_OCO_11.0,2023_22,OCO,OCO,0.97542405128479,0.97542405128479,True
hybrid_cnn_tabular,2023_22_SAI_5.0,2023_22,SAI,SAI,0.9953634738922119,0.9953634738922119,True
hybrid_cnn_tabular,2023_22_VER_11.0,2023_22,VER,VER,0.9997274279594421,0.9997274279594421,True
hybrid_cnn_tabular,2023_2_ALB_8.0,2023_2,ALB,ALB,0.9983866214752197,0.9983866214752197,True
hybrid_cnn_tabular,2023_2_LEC_18.0,2023_2,LEC,LEC,0.9999904632568359,0.9999904632568359,True
hybrid_cnn_tabular,2023_2_OCO_23.0,2023_2,OCO,OCO,0.9697574973106384,0.9697574973106384,True
hybrid_cnn_tabular,2023_2_SAI_23.0,2023_2,SAI,LEC,0.9791854023933411,0.0207313634455204,False
hybrid_cnn_tabular,2023_2_VER_2.0,2023_2,VER,VER,0.985619306564331,0.985619306564331,True
hybrid_cnn_tabular,2023_4_ALB_18.0,2023_4,ALB,ALB,0.992838442325592,0.992838442325592,True
hybrid_cnn_tabular,2023_4_LEC_20.0,2023_4,LEC,LEC,0.9985278844833374,0.9985278844833374,True
hybrid_cnn_tabular,2023_4_OCO_18.0,2023_4,OCO,OCO,0.8935011625289917,0.8935011625289917,True
hybrid_cnn_tabular,2023_4_SAI_20.0,2023_4,SAI,SAI,0.9995952248573303,0.9995952248573303,True
hybrid_cnn_tabular,2023_4_VER_19.0,2023_4,VER,VER,0.9293737411499023,0.9293737411499023,True
hybrid_cnn_tabular,2023_5_ALB_11.0,2023_5,ALB,ALB,0.9993305206298828,0.9993305206298828,True
hybrid_cnn_tabular,2023_5_LEC_13.0,2023_5,LEC,LEC,0.9980387091636658,0.9980387091636658,True
hybrid_cnn_tabular,2023_5_OCO_14.0,2023_5,OCO,OCO,0.9997001886367798,0.9997001886367798,True
hybrid_cnn_tabular,2023_5_SAI_10.0,2023_5,SAI,SAI,0.9970176219940186,0.9970176219940186,True
hybrid_cnn_tabular,2023_5_VER_11.0,2023_5,VER,VER,0.9923591017723083,0.9923591017723083,True
hybrid_cnn_tabular,2023_6_ALB_18.0,2023_6,ALB,ALB,0.8276991844177246,0.8276991844177246,True
hybrid_cnn_tabular,2023_6_LEC_25.0,2023_6,LEC,LEC,0.998956561088562,0.998956561088562,True
hybrid_cnn_tabular,2023_6_OCO_25.0,2023_6,OCO,OCO,0.9204790592193604,0.9204790592193604,True
hybrid_cnn_tabular,2023_6_SAI_27.0,2023_6,SAI,SAI,0.5188170671463013,0.5188170671463013,True
hybrid_cnn_tabular,2023_6_VER_29.0,2023_6,VER,VER,0.9974274039268494,0.9974274039268494,True
hybrid_cnn_tabular,2023_9_ALB_20.0,2023_9,ALB,ALB,0.9999972581863403,0.9999972581863403,True
hybrid_cnn_tabular,2023_9_LEC_25.0,2023_9,LEC,LEC,1.0,1.0,True
hybrid_cnn_tabular,2023_9_OCO_14.0,2023_9,OCO,OCO,0.9999915361404419,0.9999915361404419,True
hybrid_cnn_tabular,2023_9_SAI_24.0,2023_9,SAI,SAI,1.0,1.0,True
hybrid_cnn_tabular,2023_9_VER_23.0,2023_9,VER,VER,0.9998819828033447,0.9998819828033447,True
hybrid_cnn_tabular,2024_10_ALB_5.0,2024_10,ALB,ALB,0.9879569411277771,0.9879569411277771,True
hybrid_cnn_tabular,2024_10_LEC_8.0,2024_10,LEC,LEC,0.9986051917076111,0.9986051917076111,True
hybrid_cnn_tabular,2024_10_OCO_11.0,2024_10,OCO,OCO,0.7964695692062378,0.7964695692062378,True
hybrid_cnn_tabular,2024_10_SAI_5.0,2024_10,SAI,SAI,0.8543535470962524,0.8543535470962524,True
hybrid_cnn_tabular,2024_10_VER_5.0,2024_10,VER,VER,0.9992831349372864,0.9992831349372864,True
hybrid_cnn_tabular,2024_11_ALB_8.0,2024_11,ALB,ALB,0.9858869910240173,0.9858869910240173,True
hybrid_cnn_tabular,2024_11_LEC_18.0,2024_11,LEC,LEC,0.9998936653137207,0.9998936653137207,True
hybrid_cnn_tabular,2024_11_OCO_17.0,2024_11,OCO,OCO,0.9678972959518433,0.9678972959518433,True
hybrid_cnn_tabular,2024_11_SAI_17.0,2024_11,SAI,SAI,0.9999945163726807,0.9999945163726807,True
hybrid_cnn_tabular,2024_11_VER_17.0,2024_11,VER,VER,0.9988524913787842,0.9988524913787842,True
hybrid_cnn_tabular,2024_15_ALB_17.0,2024_15,ALB,OCO,0.5832907557487488,0.4008253812789917,False
hybrid_cnn_tabular,2024_15_LEC_23.0,2024_15,LEC,LEC,0.9999945163726807,0.9999945163726807,True
hybrid_cnn_tabular,2024_15_OCO_8.0,2024_15,OCO,OCO,0.9999955892562866,0.9999955892562866,True
hybrid_cnn_tabular,2024_15_SAI_17.0,2024_15,SAI,SAI,0.9850829839706421,0.9850829839706421,True
hybrid_cnn_tabular,2024_15_VER_13.0,2024_15,VER,VER,0.980904757976532,0.980904757976532,True
hybrid_cnn_tabular,2024_16_ALB_17.0,2024_16,ALB,ALB,0.9955331087112427,0.9955331087112427,True
hybrid_cnn_tabular,2024_16_LEC_20.0,2024_16,LEC,LEC,0.999997615814209,0.999997615814209,True
hybrid_cnn_tabular,2024_16_OCO_5.0,2024_16,OCO,ALB,0.8192893862724304,0.09913720935583115,False
hybrid_cnn_tabular,2024_16_SAI_17.0,2024_16,SAI,SAI,0.9967791438102722,0.9967791438102722,True
hybrid_cnn_tabular,2024_16_VER_11.0,2024_16,VER,VER,0.9981456995010376,0.9981456995010376,True
hybrid_cnn_tabular,2024_17_ALB_13.0,2024_17,ALB,ALB,0.9967734217643738,0.9967734217643738,True
hybrid_cnn_tabular,2024_17_LEC_19.0,2024_17,LEC,LEC,0.9999996423721313,0.9999996423721313,True
hybrid_cnn_tabular,2024_17_OCO_5.0,2024_17,OCO,OCO,0.9736627340316772,0.9736627340316772,True
hybrid_cnn_tabular,2024_17_SAI_22.0,2024_17,SAI,SAI,0.999984860420227,0.999984860420227,True
hybrid_cnn_tabular,2024_17_VER_19.0,2024_17,VER,VER,0.997860848903656,0.997860848903656,True
hybrid_cnn_tabular,2024_18_ALB_11.0,2024_18,ALB,ALB,0.9875214695930481,0.9875214695930481,True
hybrid_cnn_tabular,2024_18_LEC_13.0,2024_18,LEC,LEC,0.9993910789489746,0.9993910789489746,True
hybrid_cnn_tabular,2024_18_OCO_14.0,2024_18,OCO,OCO,0.9960327744483948,0.9960327744483948,True
hybrid_cnn_tabular,2024_18_SAI_14.0,2024_18,SAI,SAI,0.9995009899139404,0.9995009899139404,True
hybrid_cnn_tabular,2024_18_VER_11.0,2024_18,VER,VER,0.980946958065033,0.980946958065033,True
hybrid_cnn_tabular,2024_19_ALB_7.0,2024_19,ALB,ALB,0.9993541836738586,0.9993541836738586,True
hybrid_cnn_tabular,2024_19_LEC_17.0,2024_19,LEC,LEC,0.9998993873596191,0.9998993873596191,True
hybrid_cnn_tabular,2024_19_OCO_14.0,2024_19,OCO,OCO,0.999038815498352,0.999038815498352,True
hybrid_cnn_tabular,2024_19_SAI_16.0,2024_19,SAI,SAI,0.8346068859100342,0.8346068859100342,True
hybrid_cnn_tabular,2024_19_VER_14.0,2024_19,VER,VER,0.9959285855293274,0.9959285855293274,True
hybrid_cnn_tabular,2024_1_ALB_11.0,2024_1,ALB,ALB,0.991950273513794,0.991950273513794,True
hybrid_cnn_tabular,2024_1_LEC_12.0,2024_1,LEC,LEC,0.998917818069458,0.998917818069458,True
hybrid_cnn_tabular,2024_1_OCO_8.0,2024_1,OCO,OCO,0.9651204943656921,0.9651204943656921,True
hybrid_cnn_tabular,2024_1_SAI_17.0,2024_1,SAI,SAI,0.996224045753479,0.996224045753479,True
hybrid_cnn_tabular,2024_1_VER_16.0,2024_1,VER,VER,0.9988368153572083,0.9988368153572083,True
hybrid_cnn_tabular,2024_20_ALB_11.0,2024_20,ALB,ALB,0.7340296506881714,0.7340296506881714,True
hybrid_cnn_tabular,2024_20_LEC_20.0,2024_20,LEC,LEC,0.999845027923584,0.999845027923584,True
hybrid_cnn_tabular,2024_20_OCO_8.0,2024_20,OCO,OCO,0.8900361657142639,0.8900361657142639,True
hybrid_cnn_tabular,2024_20_SAI_20.0,2024_20,SAI,SAI,0.9988980293273926,0.9988980293273926,True
hybrid_cnn_tabular,2024_20_VER_17.0,2024_20,VER,VER,0.9992188215255737,0.9992188215255737,True
hybrid_cnn_tabular,2024_22_ALB_5.0,2024_22,ALB,ALB,0.9980176687240601,0.9980176687240601,True
hybrid_cnn_tabular,2024_22_LEC_22.0,2024_22,LEC,LEC,0.9998999834060669,0.9998999834060669,True
hybrid_cnn_tabular,2024_22_OCO_17.0,2024_22,OCO,OCO,0.9999982118606567,0.9999982118606567,True
hybrid_cnn_tabular,2024_22_SAI_23.0,2024_22,SAI,SAI,0.9999939203262329,0.9999939203262329,True
hybrid_cnn_tabular,2024_22_VER_20.0,2024_22,VER,VER,0.9892095923423767,0.9892095923423767,True
hybrid_cnn_tabular,2024_23_ALB_8.0,2024_23,ALB,ALB,0.9902369379997253,0.9902369379997253,True
hybrid_cnn_tabular,2024_23_LEC_25.0,2024_23,LEC,LEC,0.9996602535247803,0.9996602535247803,True
hybrid_cnn_tabular,2024_23_OCO_9.0,2024_23,OCO,OCO,0.9970466494560242,0.9970466494560242,True
hybrid_cnn_tabular,2024_23_SAI_25.0,2024_23,SAI,OCO,0.6876330375671387,0.10512698441743851,False
hybrid_cnn_tabular,2024_23_VER_21.0,2024_23,VER,VER,0.979284405708313,0.979284405708313,True
hybrid_cnn_tabular,2024_24_ALB_5.0,2024_24,ALB,ALB,0.9924721717834473,0.9924721717834473,True
hybrid_cnn_tabular,2024_24_LEC_11.0,2024_24,LEC,LEC,0.999976396560669,0.999976396560669,True
hybrid_cnn_tabular,2024_24_SAI_15.0,2024_24,SAI,SAI,0.9998736381530762,0.9998736381530762,True
hybrid_cnn_tabular,2024_24_VER_11.0,2024_24,VER,VER,0.9996414184570312,0.9996414184570312,True
hybrid_cnn_tabular,2024_2_ALB_15.0,2024_2,ALB,ALB,0.9310922026634216,0.9310922026634216,True
hybrid_cnn_tabular,2024_2_LEC_22.0,2024_2,LEC,LEC,0.999517560005188,0.999517560005188,True
hybrid_cnn_tabular,2024_2_OCO_9.0,2024_2,OCO,OCO,0.9998843669891357,0.9998843669891357,True
hybrid_cnn_tabular,2024_2_VER_14.0,2024_2,VER,VER,0.9008380770683289,0.9008380770683289,True
hybrid_cnn_tabular,2024_4_ALB_8.0,2024_4,ALB,ALB,0.9961804151535034,0.9961804151535034,True
hybrid_cnn_tabular,2024_4_LEC_11.0,2024_4,LEC,LEC,0.9911863207817078,0.9911863207817078,True
hybrid_cnn_tabular,2024_4_OCO_5.0,2024_4,OCO,OCO,0.9998384714126587,0.9998384714126587,True
hybrid_cnn_tabular,2024_4_SAI_8.0,2024_4,SAI,SAI,0.9941356182098389,0.9941356182098389,True
hybrid_cnn_tabular,2024_4_VER_11.0,2024_4,VER,VER,0.9993129968643188,0.9993129968643188,True
hybrid_cnn_tabular,2024_5_ALB_13.0,2024_5,ALB,ALB,0.9676930904388428,0.9676930904388428,True
hybrid_cnn_tabular,2024_5_LEC_19.0,2024_5,LEC,LEC,0.9999991655349731,0.9999991655349731,True
hybrid_cnn_tabular,2024_5_OCO_14.0,2024_5,OCO,OCO,0.9999897480010986,0.9999897480010986,True
hybrid_cnn_tabular,2024_5_SAI_16.0,2024_5,SAI,SAI,0.9974913597106934,0.9974913597106934,True
hybrid_cnn_tabular,2024_5_VER_17.0,2024_5,VER,VER,0.9391803741455078,0.9391803741455078,True
hybrid_cnn_tabular,2024_6_ALB_8.0,2024_6,ALB,ALB,0.9978430271148682,0.9978430271148682,True
hybrid_cnn_tabular,2024_6_LEC_17.0,2024_6,LEC,LEC,0.9999773502349854,0.9999773502349854,True
hybrid_cnn_tabular,2024_6_OCO_8.0,2024_6,OCO,OCO,0.9999285936355591,0.9999285936355591,True
hybrid_cnn_tabular,2024_6_SAI_17.0,2024_6,SAI,SAI,0.9746305346488953,0.9746305346488953,True
hybrid_cnn_tabular,2024_6_VER_14.0,2024_6,VER,VER,0.9997988343238831,0.9997988343238831,True
hybrid_cnn_tabular,2024_7_ALB_11.0,2024_7,ALB,ALB,0.9168873429298401,0.9168873429298401,True
hybrid_cnn_tabular,2024_7_LEC_20.0,2024_7,LEC,LEC,0.9999016523361206,0.9999016523361206,True
hybrid_cnn_tabular,2024_7_OCO_14.0,2024_7,OCO,OCO,0.9999291896820068,0.9999291896820068,True
hybrid_cnn_tabular,2024_7_SAI_19.0,2024_7,SAI,SAI,0.9691691994667053,0.9691691994667053,True
hybrid_cnn_tabular,2024_7_VER_17.0,2024_7,VER,VER,0.9841737747192383,0.9841737747192383,True
hybrid_cnn_tabular,2024_8_ALB_28.0,2024_8,ALB,ALB,0.9546257853507996,0.9546257853507996,True
hybrid_cnn_tabular,2024_8_LEC_25.0,2024_8,LEC,LEC,0.9825535416603088,0.9825535416603088,True
hybrid_cnn_tabular,2024_8_OCO_15.0,2024_8,OCO,OCO,0.9986477494239807,0.9986477494239807,True
hybrid_cnn_tabular,2024_8_SAI_27.0,2024_8,SAI,SAI,0.9721601009368896,0.9721601009368896,True
hybrid_cnn_tabular,2024_8_VER_24.0,2024_8,VER,VER,0.9873412251472473,0.9873412251472473,True
hybrid_cnn_tabular,2025_10_ALB_21.0,2025_10,ALB,ALB,0.9992524981498718,0.9992524981498718,True
hybrid_cnn_tabular,2025_10_LEC_17.0,2025_10,LEC,LEC,0.9185430407524109,0.9185430407524109,True
hybrid_cnn_tabular,2025_10_OCO_12.0,2025_10,OCO,OCO,0.9930540919303894,0.9930540919303894,True
hybrid_cnn_tabular,2025_10_SAI_12.0,2025_10,SAI,SAI,0.9991738200187683,0.9991738200187683,True
hybrid_cnn_tabular,2025_10_VER_19.0,2025_10,VER,VER,0.9992074370384216,0.9992074370384216,True
hybrid_cnn_tabular,2025_11_ALB_8.0,2025_11,ALB,ALB,0.9960054755210876,0.9960054755210876,True
hybrid_cnn_tabular,2025_11_LEC_17.0,2025_11,LEC,LEC,0.9999997615814209,0.9999997615814209,True
hybrid_cnn_tabular,2025_11_OCO_8.0,2025_11,OCO,OCO,0.9996776580810547,0.9996776580810547,True
hybrid_cnn_tabular,2025_11_SAI_8.0,2025_11,SAI,SAI,0.9088777303695679,0.9088777303695679,True
hybrid_cnn_tabular,2025_11_VER_11.0,2025_11,VER,VER,0.9999034404754639,0.9999034404754639,True
hybrid_cnn_tabular,2025_12_ALB_9.0,2025_12,ALB,ALB,0.9919756054878235,0.9919756054878235,True
hybrid_cnn_tabular,2025_12_LEC_20.0,2025_12,LEC,OCO,0.770461916923523,0.19546596705913544,False
hybrid_cnn_tabular,2025_12_OCO_8.0,2025_12,OCO,OCO,0.5649558305740356,0.5649558305740356,True
hybrid_cnn_tabular,2025_12_SAI_11.0,2025_12,SAI,ALB,0.8947196006774902,0.10004136711359024,False
hybrid_cnn_tabular,2025_12_VER_17.0,2025_12,VER,VER,0.998211145401001,0.998211145401001,True
hybrid_cnn_tabular,2025_13_ALB_19.0,2025_13,ALB,ALB,0.8908387422561646,0.8908387422561646,True
hybrid_cnn_tabular,2025_13_LEC_17.0,2025_13,LEC,LEC,0.9994188547134399,0.9994188547134399,True
hybrid_cnn_tabular,2025_13_OCO_13.0,2025_13,OCO,LEC,0.8510843515396118,0.001438885577954352,False
hybrid_cnn_tabular,2025_13_SAI_4.0,2025_13,SAI,ALB,0.5452143549919128,0.45318853855133057,False
hybrid_cnn_tabular,2025_13_VER_14.0,2025_13,VER,VER,0.8367045521736145,0.8367045521736145,True
hybrid_cnn_tabular,2025_14_ALB_8.0,2025_14,ALB,ALB,0.9718055725097656,0.9718055725097656,True
hybrid_cnn_tabular,2025_14_LEC_17.0,2025_14,LEC,LEC,0.9739770293235779,0.9739770293235779,True
hybrid_cnn_tabular,2025_14_OCO_5.0,2025_14,OCO,LEC,0.6969829797744751,0.1531028300523758,False
hybrid_cnn_tabular,2025_14_SAI_8.0,2025_14,SAI,SAI,0.7035683989524841,0.7035683989524841,True
hybrid_cnn_tabular,2025_14_VER_11.0,2025_14,VER,VER,0.9995265007019043,0.9995265007019043,True
hybrid_cnn_tabular,2025_15_ALB_8.0,2025_15,ALB,ALB,0.943845808506012,0.943845808506012,True
hybrid_cnn_tabular,2025_15_LEC_14.0,2025_15,LEC,LEC,0.7577382326126099,0.7577382326126099,True
hybrid_cnn_tabular,2025_15_OCO_8.0,2025_15,OCO,OCO,0.7909842729568481,0.7909842729568481,True
hybrid_cnn_tabular,2025_15_SAI_11.0,2025_15,SAI,SAI,0.9977768063545227,0.9977768063545227,True
hybrid_cnn_tabular,2025_15_VER_17.0,2025_15,VER,VER,0.9832860231399536,0.9832860231399536,True
hybrid_cnn_tabular,2025_16_ALB_15.0,2025_16,ALB,ALB,0.9942215085029602,0.9942215085029602,True
hybrid_cnn_tabular,2025_16_LEC_16.0,2025_16,LEC,LEC,0.9963679313659668,0.9963679313659668,True
hybrid_cnn_tabular,2025_16_OCO_14.0,2025_16,OCO,OCO,0.8498857617378235,0.8498857617378235,True
hybrid_cnn_tabular,2025_16_SAI_18.0,2025_16,SAI,SAI,0.977837085723877,0.977837085723877,True
hybrid_cnn_tabular,2025_16_VER_17.0,2025_16,VER,VER,0.968251645565033,0.968251645565033,True
hybrid_cnn_tabular,2025_18_ALB_13.0,2025_18,ALB,ALB,0.6266071796417236,0.6266071796417236,True
hybrid_cnn_tabular,2025_18_LEC_18.0,2025_18,LEC,OCO,0.7225738763809204,0.25307464599609375,False
hybrid_cnn_tabular,2025_18_OCO_2.0,2025_18,OCO,OCO,0.9555111527442932,0.9555111527442932,True
hybrid_cnn_tabular,2025_18_SAI_10.0,2025_18,SAI,SAI,0.98395174741745,0.98395174741745,True
hybrid_cnn_tabular,2025_18_VER_14.0,2025_18,VER,VER,0.9904869198799133,0.9904869198799133,True
hybrid_cnn_tabular,2025_19_ALB_8.0,2025_19,ALB,ALB,0.9989656209945679,0.9989656209945679,True
hybrid_cnn_tabular,2025_19_LEC_16.0,2025_19,LEC,OCO,0.8895124793052673,0.10737081617116928,False
hybrid_cnn_tabular,2025_19_OCO_7.0,2025_19,OCO,OCO,0.99964439868927,0.99964439868927,True
hybrid_cnn_tabular,2025_19_SAI_10.0,2025_19,SAI,SAI,0.996236264705658,0.996236264705658,True
hybrid_cnn_tabular,2025_19_VER_11.0,2025_19,VER,VER,0.9995536208152771,0.9995536208152771,True
hybrid_cnn_tabular,2025_1_ALB_20.0,2025_1,ALB,ALB,0.5931841731071472,0.5931841731071472,True
hybrid_cnn_tabular,2025_1_LEC_17.0,2025_1,LEC,LEC,0.9996442794799805,0.9996442794799805,True
hybrid_cnn_tabular,2025_1_OCO_5.0,2025_1,OCO,OCO,0.951697587966919,0.951697587966919,True
hybrid_cnn_tabular,2025_1_SAI_20.0,2025_1,SAI,SAI,0.9994134902954102,0.9994134902954102,True
hybrid_cnn_tabular,2025_1_VER_16.0,2025_1,VER,VER,0.995802104473114,0.995802104473114,True
hybrid_cnn_tabular,2025_20_ALB_5.0,2025_20,ALB,ALB,0.9938673377037048,0.9938673377037048,True
hybrid_cnn_tabular,2025_20_LEC_19.0,2025_20,LEC,ALB,0.8696697950363159,0.0004311375378165394,False
hybrid_cnn_tabular,2025_20_OCO_14.0,2025_20,OCO,OCO,0.9995922446250916,0.9995922446250916,True
hybrid_cnn_tabular,2025_20_SAI_17.0,2025_20,SAI,ALB,0.9725546836853027,0.02736835554242134,False
hybrid_cnn_tabular,2025_20_VER_17.0,2025_20,VER,VER,0.9995386600494385,0.9995386600494385,True
hybrid_cnn_tabular,2025_21_ALB_14.0,2025_21,ALB,ALB,0.9983155727386475,0.9983155727386475,True
hybrid_cnn_tabular,2025_21_LEC_15.0,2025_21,LEC,LEC,0.9832966327667236,0.9832966327667236,True
hybrid_cnn_tabular,2025_21_OCO_8.0,2025_21,OCO,OCO,0.9983983635902405,0.9983983635902405,True
hybrid_cnn_tabular,2025_21_SAI_9.0,2025_21,SAI,SAI,0.976214587688446,0.976214587688446,True
hybrid_cnn_tabular,2025_21_VER_8.0,2025_21,VER,VER,0.9975157976150513,0.9975157976150513,True
hybrid_cnn_tabular,2025_23_ALB_10.0,2025_23,ALB,ALB,0.9988992214202881,0.9988992214202881,True
hybrid_cnn_tabular,2025_23_LEC_17.0,2025_23,LEC,LEC,0.9999289512634277,0.9999289512634277,True
hybrid_cnn_tabular,2025_23_OCO_10.0,2025_23,OCO,OCO,0.9989680051803589,0.9989680051803589,True
hybrid_cnn_tabular,2025_23_SAI_15.0,2025_23,SAI,ALB,0.9989755153656006,3.599917545216158e-05,False
hybrid_cnn_tabular,2025_23_VER_22.0,2025_23,VER,VER,0.9999727010726929,0.9999727010726929,True
hybrid_cnn_tabular,2025_24_ALB_5.0,2025_24,ALB,ALB,0.7902941703796387,0.7902941703796387,True
hybrid_cnn_tabular,2025_24_LEC_17.0,2025_24,LEC,LEC,0.9929371476173401,0.9929371476173401,True
hybrid_cnn_tabular,2025_24_OCO_17.0,2025_24,OCO,VER,0.8618014454841614,0.0629962831735611,False
hybrid_cnn_tabular,2025_24_SAI_11.0,2025_24,SAI,SAI,0.9997667670249939,0.9997667670249939,True
hybrid_cnn_tabular,2025_24_VER_17.0,2025_24,VER,VER,0.999883770942688,0.999883770942688,True
hybrid_cnn_tabular,2025_2_ALB_7.0,2025_2,ALB,ALB,0.9855673313140869,0.9855673313140869,True
hybrid_cnn_tabular,2025_2_LEC_20.0,2025_2,LEC,LEC,0.9982858300209045,0.9982858300209045,True
hybrid_cnn_tabular,2025_2_OCO_14.0,2025_2,OCO,OCO,0.9936380982398987,0.9936380982398987,True
hybrid_cnn_tabular,2025_2_SAI_8.0,2025_2,SAI,ALB,0.754742443561554,0.1321507841348648,False
hybrid_cnn_tabular,2025_2_VER_14.0,2025_2,VER,VER,0.9990391731262207,0.9990391731262207,True
hybrid_cnn_tabular,2025_3_ALB_19.0,2025_3,ALB,ALB,0.7792607545852661,0.7792607545852661,True
hybrid_cnn_tabular,2025_3_LEC_17.0,2025_3,LEC,LEC,0.9998549222946167,0.9998549222946167,True
hybrid_cnn_tabular,2025_3_OCO_8.0,2025_3,OCO,OCO,0.6069145798683167,0.6069145798683167,True
hybrid_cnn_tabular,2025_3_SAI_14.0,2025_3,SAI,SAI,0.9915999174118042,0.9915999174118042,True
hybrid_cnn_tabular,2025_3_VER_16.0,2025_3,VER,VER,0.9807493090629578,0.9807493090629578,True
hybrid_cnn_tabular,2025_4_ALB_5.0,2025_4,ALB,ALB,0.9596508145332336,0.9596508145332336,True
hybrid_cnn_tabular,2025_4_LEC_15.0,2025_4,LEC,LEC,0.8704967498779297,0.8704967498779297,True
hybrid_cnn_tabular,2025_4_OCO_5.0,2025_4,OCO,OCO,0.9995121955871582,0.9995121955871582,True
hybrid_cnn_tabular,2025_4_SAI_18.0,2025_4,SAI,ALB,0.6988154053688049,0.3011358678340912,False
hybrid_cnn_tabular,2025_4_VER_16.0,2025_4,VER,VER,0.9837258458137512,0.9837258458137512,True
hybrid_cnn_tabular,2025_5_ALB_13.0,2025_5,ALB,ALB,0.8991147875785828,0.8991147875785828,True
hybrid_cnn_tabular,2025_5_LEC_18.0,2025_5,LEC,LEC,0.9999927282333374,0.9999927282333374,True
hybrid_cnn_tabular,2025_5_OCO_5.0,2025_5,OCO,OCO,0.9996343851089478,0.9996343851089478,True
hybrid_cnn_tabular,2025_5_SAI_14.0,2025_5,SAI,SAI,0.9278343915939331,0.9278343915939331,True
hybrid_cnn_tabular,2025_5_VER_18.0,2025_5,VER,VER,0.9975679516792297,0.9975679516792297,True
hybrid_cnn_tabular,2025_6_ALB_19.0,2025_6,ALB,ALB,0.5180075764656067,0.5180075764656067,True
hybrid_cnn_tabular,2025_6_LEC_19.0,2025_6,LEC,LEC,0.9998767375946045,0.9998767375946045,True
hybrid_cnn_tabular,2025_6_OCO_20.0,2025_6,OCO,OCO,0.989612877368927,0.989612877368927,True
hybrid_cnn_tabular,2025_6_SAI_19.0,2025_6,SAI,SAI,0.9750955104827881,0.9750955104827881,True
hybrid_cnn_tabular,2025_6_VER_17.0,2025_6,VER,VER,0.9906821250915527,0.9906821250915527,True
hybrid_cnn_tabular,2025_7_ALB_19.0,2025_7,ALB,ALB,0.9272114634513855,0.9272114634513855,True
hybrid_cnn_tabular,2025_7_LEC_10.0,2025_7,LEC,OCO,0.8615643382072449,0.1205068901181221,False
hybrid_cnn_tabular,2025_7_OCO_2.0,2025_7,OCO,OCO,0.9988524913787842,0.9988524913787842,True
hybrid_cnn_tabular,2025_7_SAI_14.0,2025_7,SAI,SAI,0.8904417753219604,0.8904417753219604,True
hybrid_cnn_tabular,2025_7_VER_16.0,2025_7,VER,VER,0.8681070804595947,0.8681070804595947,True
hybrid_cnn_tabular,2025_8_ALB_24.0,2025_8,ALB,ALB,0.9896243214607239,0.9896243214607239,True
hybrid_cnn_tabular,2025_8_LEC_26.0,2025_8,LEC,LEC,0.9950959086418152,0.9950959086418152,True
hybrid_cnn_tabular,2025_8_OCO_31.0,2025_8,OCO,OCO,0.9599188566207886,0.9599188566207886,True
hybrid_cnn_tabular,2025_8_SAI_20.0,2025_8,SAI,SAI,0.8861662149429321,0.8861662149429321,True
hybrid_cnn_tabular,2025_8_VER_17.0,2025_8,VER,VER,0.9619051218032837,0.9619051218032837,True
hybrid_cnn_tabular,2025_9_ALB_13.0,2025_9,ALB,ALB,0.9234969019889832,0.9234969019889832,True
hybrid_cnn_tabular,2025_9_LEC_11.0,2025_9,LEC,SAI,0.518605649471283,0.4775833189487457,False
hybrid_cnn_tabular,2025_9_OCO_8.0,2025_9,OCO,SAI,0.8698253631591797,0.06824904680252075,False
hybrid_cnn_tabular,2025_9_SAI_5.0,2025_9,SAI,SAI,0.9623375535011292,0.9623375535011292,True
hybrid_cnn_tabular,2025_9_VER_11.0,2025_9,VER,VER,0.9881463050842285,0.9881463050842285,True
