fold,epoch,loss,val_loss,accuracy,val_accuracy
1,1,1.6263118982315063,1.6085164546966553,0.161849707365036,0.20000000298023224
1,2,1.6095504760742188,1.607749104499817,0.21387283504009247,0.2666666805744171
1,3,1.6098806858062744,1.606141448020935,0.15028901398181915,0.24444444477558136
1,4,1.604286551475525,1.6044838428497314,0.21387283504009247,0.20000000298023224
1,5,1.6028329133987427,1.5991426706314087,0.19075144827365875,0.2666666805744171
1,6,1.5988601446151733,1.5922868251800537,0.23699422180652618,0.2666666805744171
1,7,1.5862953662872314,1.5780704021453857,0.2601155936717987,0.3333333432674408
1,8,1.575230598449707,1.5594654083251953,0.32947975397109985,0.31111112236976624
1,9,1.5631214380264282,1.536597728729248,0.2947976887226105,0.31111112236976624
1,10,1.4943546056747437,1.4828680753707886,0.3988439440727234,0.31111112236976624
1,11,1.427804946899414,1.4212300777435303,0.4046242833137512,0.3777777850627899
1,12,1.408637285232544,1.4105693101882935,0.3641618490219116,0.3333333432674408
1,13,1.3112398386001587,1.2840046882629395,0.4046242833137512,0.4000000059604645
1,14,1.2728300094604492,1.1594258546829224,0.5028901696205139,0.5333333611488342
1,15,1.1513206958770752,1.0888458490371704,0.5433526039123535,0.5777778029441833
1,16,1.059502124786377,1.0076566934585571,0.5838150382041931,0.6000000238418579
1,17,0.9520688652992249,0.9478264451026917,0.6242774724960327,0.5777778029441833
1,18,1.0967507362365723,0.8948784470558167,0.5491329431533813,0.6222222447395325
1,19,0.9038704037666321,0.8619908094406128,0.6011560559272766,0.644444465637207
1,20,0.8857963681221008,0.8911945819854736,0.647398829460144,0.6222222447395325
1,21,0.8892597556114197,1.000190258026123,0.676300585269928,0.5777778029441833
1,22,0.9387934803962708,0.9440933465957642,0.6127167344093323,0.5555555820465088
1,23,0.8783649802207947,0.72578364610672,0.6242774724960327,0.7555555701255798
1,24,0.7507059574127197,0.7015072107315063,0.7052023410797119,0.7555555701255798
1,25,0.6597843766212463,0.7217610478401184,0.7398843765258789,0.7333333492279053
1,26,0.7022992968559265,0.7496801614761353,0.7398843765258789,0.6888889074325562
1,27,0.6650258302688599,0.6435016393661499,0.7514451146125793,0.7777777910232544
1,28,0.6330496072769165,0.5403603315353394,0.7687861323356628,0.8444444537162781
1,29,0.5807429552078247,0.622776210308075,0.8034682273864746,0.800000011920929
1,30,0.5199109315872192,0.5550646185874939,0.8034682273864746,0.800000011920929
1,31,0.5350188612937927,0.4729757606983185,0.8150289058685303,0.8444444537162781
1,32,0.41301488876342773,0.4676345884799957,0.8381502628326416,0.7777777910232544
1,33,0.4368661940097809,0.5330290198326111,0.8323699235916138,0.8222222328186035
1,34,0.43084654211997986,0.5182923078536987,0.8208092451095581,0.800000011920929
1,35,0.3610433042049408,0.5267177820205688,0.8728323578834534,0.8222222328186035
1,36,0.40610450506210327,0.526820719242096,0.8265895843505859,0.800000011920929
1,37,0.33781740069389343,0.37134790420532227,0.884393036365509,0.8666666746139526
1,38,0.33776482939720154,0.39104774594306946,0.8959537744522095,0.8666666746139526
1,39,0.35113629698753357,0.5210812091827393,0.8612716794013977,0.800000011920929
1,40,0.4061661660671234,0.41280898451805115,0.8265895843505859,0.8444444537162781
1,41,0.3603944182395935,0.40349671244621277,0.849711000919342,0.8666666746139526
1,42,0.3122365176677704,0.5009083151817322,0.8901734352111816,0.7777777910232544
1,43,0.3379984200000763,0.38317710161209106,0.9017341136932373,0.8888888955116272
1,44,0.2870505750179291,0.3056950867176056,0.8959537744522095,0.8888888955116272
1,45,0.3184970021247864,0.46974655985832214,0.8959537744522095,0.8222222328186035
1,46,0.33436495065689087,0.4881349205970764,0.8901734352111816,0.8444444537162781
1,47,0.3181937038898468,0.4055054485797882,0.8901734352111816,0.8888888955116272
1,48,0.28267884254455566,0.33140257000923157,0.9075144529342651,0.8888888955116272
1,49,0.25202473998069763,0.40524643659591675,0.9248554706573486,0.8666666746139526
1,50,0.2224765121936798,0.28583845496177673,0.9537572264671326,0.8888888955116272
1,51,0.21187712252140045,0.30153897404670715,0.9479768872261047,0.9111111164093018
1,52,0.21719981729984283,0.29691919684410095,0.9421965479850769,0.9111111164093018
1,53,0.1811039298772812,0.32468703389167786,0.9595375657081604,0.8666666746139526
1,54,0.2035226821899414,0.29182979464530945,0.9364162087440491,0.8888888955116272
1,55,0.23667362332344055,0.32731786370277405,0.9248554706573486,0.8888888955116272
1,56,0.22858989238739014,0.304419606924057,0.9075144529342651,0.8888888955116272
1,57,0.17000633478164673,0.3509427309036255,0.9537572264671326,0.8222222328186035
1,58,0.16965267062187195,0.2719275951385498,0.9479768872261047,0.8888888955116272
1,59,0.1621197611093521,0.39893776178359985,0.9479768872261047,0.8666666746139526
1,60,0.21362759172916412,0.28210851550102234,0.9190751314163208,0.8888888955116272
1,61,0.20108669996261597,0.28405940532684326,0.9364162087440491,0.9111111164093018
1,62,0.1424296796321869,0.33313822746276855,0.9537572264671326,0.8666666746139526
1,63,0.14990253746509552,0.3204030394554138,0.9537572264671326,0.8666666746139526
1,64,0.18091033399105072,0.29777318239212036,0.9248554706573486,0.9111111164093018
1,65,0.1509155035018921,0.3588152527809143,0.9595375657081604,0.8666666746139526
1,66,0.2676231563091278,0.30616432428359985,0.913294792175293,0.8666666746139526
1,67,0.1953316181898117,0.3701778054237366,0.9306358098983765,0.8888888955116272
1,68,0.2070450335741043,0.3958947956562042,0.9190751314163208,0.8888888955116272
1,69,0.2379292994737625,0.3853563070297241,0.9075144529342651,0.8888888955116272
1,70,0.1758180558681488,0.3481713533401489,0.9421965479850769,0.8666666746139526
1,71,0.22870931029319763,0.2874627411365509,0.913294792175293,0.8666666746139526
1,72,0.17879937589168549,0.2983701825141907,0.9364162087440491,0.8666666746139526
1,73,0.15933512151241302,0.28911125659942627,0.9479768872261047,0.8888888955116272
1,74,0.13635319471359253,0.27655842900276184,0.9595375657081604,0.9333333373069763
1,75,0.15586139261722565,0.2650125324726105,0.9595375657081604,0.8666666746139526
1,76,0.12909770011901855,0.29724058508872986,0.9653179049491882,0.9111111164093018
1,77,0.12684908509254456,0.3182797431945801,0.9595375657081604,0.8222222328186035
1,78,0.1426510512828827,0.2693376839160919,0.9421965479850769,0.8666666746139526
1,79,0.08898038417100906,0.28711050748825073,0.9710982441902161,0.9111111164093018
1,80,0.10338583588600159,0.30570799112319946,0.9595375657081604,0.8666666746139526
1,81,0.10472678393125534,0.28573334217071533,0.9710982441902161,0.8888888955116272
1,82,0.12059500813484192,0.29507458209991455,0.9537572264671326,0.9333333373069763
1,83,0.10816512256860733,0.3028154969215393,0.9595375657081604,0.8666666746139526
1,84,0.08028645068407059,0.3037729859352112,0.9768785834312439,0.9111111164093018
1,85,0.07883916050195694,0.3365945518016815,0.9826589822769165,0.8666666746139526
1,86,0.10211008787155151,0.32638469338417053,0.9595375657081604,0.9111111164093018
1,87,0.1229298785328865,0.3542025089263916,0.9479768872261047,0.9111111164093018
1,88,0.10433448106050491,0.36043375730514526,0.9595375657081604,0.8888888955116272
1,89,0.178252711892128,0.560951828956604,0.9306358098983765,0.8222222328186035
1,90,0.1869342178106308,0.37611863017082214,0.9190751314163208,0.8444444537162781
1,91,0.1546514928340912,0.31841668486595154,0.9537572264671326,0.9111111164093018
1,92,0.12302520126104355,0.3566740155220032,0.9537572264671326,0.8666666746139526
1,93,0.11921434104442596,0.272441029548645,0.9537572264671326,0.9111111164093018
1,94,0.11883372813463211,0.30612289905548096,0.9710982441902161,0.9333333373069763
1,95,0.08810887485742569,0.320550799369812,0.9768785834312439,0.9111111164093018
2,1,1.6471796035766602,1.6086233854293823,0.2023121416568756,0.2222222238779068
2,2,1.6062694787979126,1.6088305711746216,0.2196531742811203,0.20000000298023224
2,3,1.6169590950012207,1.6082746982574463,0.16763006150722504,0.2222222238779068
2,4,1.6107090711593628,1.6081427335739136,0.20809248089790344,0.24444444477558136
2,5,1.6084296703338623,1.607155203819275,0.19653178751468658,0.2666666805744171
2,6,1.6080716848373413,1.605855107307434,0.23699422180652618,0.24444444477558136
2,7,1.6085715293884277,1.602853536605835,0.21387283504009247,0.24444444477558136
2,8,1.601725459098816,1.5868079662322998,0.2658959627151489,0.20000000298023224
2,9,1.5791159868240356,1.5349477529525757,0.23699422180652618,0.24444444477558136
2,10,1.5511510372161865,1.4501986503601074,0.24277456104755402,0.35555556416511536
2,11,1.4946403503417969,1.335572361946106,0.323699414730072,0.46666666865348816
2,12,1.4553369283676147,1.2781689167022705,0.2774566411972046,0.4888888895511627
2,13,1.3895962238311768,1.3280752897262573,0.39306357502937317,0.3777777850627899
2,14,1.4319703578948975,1.3379727602005005,0.3583815097808838,0.3777777850627899
2,15,1.4451712369918823,1.4008721113204956,0.323699414730072,0.42222222685813904
2,16,1.4674324989318848,1.2530288696289062,0.32947975397109985,0.5111111402511597
2,17,1.3369827270507812,1.186300277709961,0.39306357502937317,0.5333333611488342
2,18,1.2993496656417847,1.190251111984253,0.45086705684661865,0.4888888895511627
2,19,1.3414052724838257,1.2047587633132935,0.38728323578834534,0.46666666865348816
2,20,1.2976233959197998,1.0884087085723877,0.4046242833137512,0.4444444477558136
2,21,1.1920253038406372,0.9892869591712952,0.5028901696205139,0.6000000238418579
2,22,1.1633365154266357,0.9511654376983643,0.4797687828540802,0.6000000238418579
2,23,1.0968142747879028,0.9695212244987488,0.5491329431533813,0.5111111402511597
2,24,1.1233421564102173,1.0428802967071533,0.5375722646713257,0.4444444477558136
2,25,1.0970993041992188,0.8967025876045227,0.5086705088615417,0.644444465637207
2,26,1.0114727020263672,0.7694249749183655,0.5491329431533813,0.7111111283302307
2,27,0.828877329826355,0.7298144698143005,0.7109826803207397,0.7333333492279053
2,28,0.8211172223091125,0.6826303005218506,0.6589595079421997,0.7555555701255798
2,29,0.9195060729980469,0.614580512046814,0.6127167344093323,0.7333333492279053
2,30,0.8284316658973694,0.662699818611145,0.6300578117370605,0.7111111283302307
2,31,0.8404029607772827,0.685377836227417,0.6589595079421997,0.7555555701255798
2,32,0.767832338809967,0.5206820368766785,0.7167630195617676,0.7777777910232544
2,33,0.651278555393219,0.48717185854911804,0.7745664715766907,0.8222222328186035
2,34,0.6997018456459045,0.535255491733551,0.7514451146125793,0.7777777910232544
2,35,0.6458641886711121,0.5030033588409424,0.763005793094635,0.7777777910232544
2,36,0.5833856463432312,0.43678441643714905,0.7745664715766907,0.8444444537162781
2,37,0.557852566242218,0.40877750515937805,0.7976878881454468,0.8888888955116272
2,38,0.5362050533294678,0.4145871102809906,0.8034682273864746,0.8222222328186035
2,39,0.5135248303413391,0.5763533711433411,0.8323699235916138,0.800000011920929
2,40,0.6295763850212097,0.46206507086753845,0.763005793094635,0.8444444537162781
2,41,0.5238533616065979,0.5591765642166138,0.849711000919342,0.7777777910232544
2,42,0.48242491483688354,0.5243701338768005,0.8208092451095581,0.8444444537162781
2,43,0.47954893112182617,0.3994905352592468,0.8265895843505859,0.8222222328186035
2,44,0.39755839109420776,0.3229772448539734,0.884393036365509,0.8888888955116272
2,45,0.38856232166290283,0.34261682629585266,0.884393036365509,0.8888888955116272
2,46,0.36919885873794556,0.38480982184410095,0.8786126971244812,0.8666666746139526
2,47,0.35386431217193604,0.2668778598308563,0.8959537744522095,0.9111111164093018
2,48,0.43124350905418396,0.6625440120697021,0.8034682273864746,0.7777777910232544
2,49,0.4988465905189514,0.3462553024291992,0.8034682273864746,0.8888888955116272
2,50,0.32078269124031067,0.37536582350730896,0.8901734352111816,0.8666666746139526
2,51,0.46815139055252075,0.40866559743881226,0.8208092451095581,0.8888888955116272
2,52,0.48199722170829773,0.4464143216609955,0.8439306616783142,0.8444444537162781
2,53,0.46941694617271423,0.4098115563392639,0.8323699235916138,0.8222222328186035
2,54,0.42631441354751587,0.5340570211410522,0.8670520186424255,0.7555555701255798
2,55,0.41643044352531433,0.27090984582901,0.8728323578834534,0.9111111164093018
2,56,0.3202369809150696,0.24132473766803741,0.9017341136932373,0.9111111164093018
2,57,0.30657750368118286,0.35842737555503845,0.9248554706573486,0.8666666746139526
2,58,0.3513428568840027,0.4488818645477295,0.8728323578834534,0.8888888955116272
2,59,0.3633122742176056,0.4807325601577759,0.8728323578834534,0.8222222328186035
2,60,0.3612689971923828,0.423681378364563,0.8728323578834534,0.8222222328186035
2,61,0.31977319717407227,0.33141419291496277,0.8901734352111816,0.8888888955116272
2,62,0.3033839166164398,0.20860883593559265,0.913294792175293,0.8888888955116272
2,63,0.21763138473033905,0.22365263104438782,0.9421965479850769,0.8888888955116272
2,64,0.20727629959583282,0.2228136658668518,0.9537572264671326,0.9111111164093018
2,65,0.2204066663980484,0.16318397223949432,0.9190751314163208,0.9555555582046509
2,66,0.31015458703041077,0.43491703271865845,0.8901734352111816,0.8444444537162781
2,67,0.4514334797859192,0.42418017983436584,0.8439306616783142,0.8444444537162781
2,68,0.35828882455825806,0.7138738036155701,0.8728323578834534,0.7555555701255798
2,69,0.4308842122554779,0.3260539174079895,0.8439306616783142,0.9111111164093018
2,70,0.36410197615623474,0.22118136286735535,0.8786126971244812,0.9333333373069763
2,71,0.283112108707428,0.23036551475524902,0.913294792175293,0.8888888955116272
2,72,0.20810069143772125,0.1688198745250702,0.9537572264671326,0.9555555582046509
2,73,0.1682155877351761,0.24060654640197754,0.9595375657081604,0.9111111164093018
2,74,0.200597882270813,0.3062025308609009,0.9248554706573486,0.8888888955116272
2,75,0.17734728753566742,0.18785355985164642,0.9306358098983765,0.8888888955116272
2,76,0.1944751888513565,0.19764603674411774,0.9364162087440491,0.9333333373069763
2,77,0.18124517798423767,0.1979067325592041,0.9421965479850769,0.9111111164093018
2,78,0.19741927087306976,0.30958282947540283,0.9421965479850769,0.8666666746139526
2,79,0.22257457673549652,0.2992786467075348,0.9190751314163208,0.8444444537162781
2,80,0.2321780025959015,0.2649855613708496,0.9075144529342651,0.9111111164093018
2,81,0.15286485850811005,0.1720743030309677,0.9595375657081604,0.9333333373069763
2,82,0.14929507672786713,0.18470396101474762,0.9537572264671326,0.9111111164093018
2,83,0.17540360987186432,0.2593688666820526,0.9479768872261047,0.8666666746139526
2,84,0.24387192726135254,0.21583063900470734,0.9190751314163208,0.9333333373069763
2,85,0.14445041120052338,0.2602532207965851,0.9595375657081604,0.8888888955116272
3,1,1.6232142448425293,1.6101659536361694,0.19075144827365875,0.20000000298023224
3,2,1.605360984802246,1.608028531074524,0.24855491518974304,0.24444444477558136
3,3,1.608472228050232,1.6064985990524292,0.22543352842330933,0.20000000298023224
3,4,1.6077803373336792,1.6046926975250244,0.22543352842330933,0.20000000298023224
3,5,1.6036465167999268,1.5999377965927124,0.21387283504009247,0.20000000298023224
3,6,1.60019850730896,1.5957586765289307,0.2774566411972046,0.2666666805744171
3,7,1.595093846321106,1.5706980228424072,0.24277456104755402,0.20000000298023224
3,8,1.5655055046081543,1.5617133378982544,0.2658959627151489,0.24444444477558136
3,9,1.5363215208053589,1.5502756834030151,0.2832369804382324,0.20000000298023224
3,10,1.5212774276733398,1.4276821613311768,0.2774566411972046,0.46666666865348816
3,11,1.398781418800354,1.4460917711257935,0.3815028965473175,0.35555556416511536
3,12,1.365440011024475,1.1811707019805908,0.3757225573062897,0.6666666865348816
3,13,1.2306982278823853,1.1359719038009644,0.42774567008018494,0.5333333611488342
3,14,1.0673309564590454,1.01090407371521,0.5086705088615417,0.4888888895511627
3,15,1.0605775117874146,1.0030112266540527,0.5317919254302979,0.5555555820465088
3,16,1.0572999715805054,0.9738574624061584,0.5144508481025696,0.5777778029441833
3,17,0.8679715394973755,0.8782848715782166,0.6936416029930115,0.6222222447395325
3,18,0.7966775298118591,0.8343429565429688,0.6820809245109558,0.6888889074325562
3,19,0.7369211912155151,0.8142685890197754,0.6994219422340393,0.6888889074325562
3,20,0.7646081447601318,0.661965548992157,0.6878612637519836,0.800000011920929
3,21,0.648746907711029,0.6991830468177795,0.7283236980438232,0.7333333492279053
3,22,0.5888439416885376,0.622330904006958,0.7919074892997742,0.8222222328186035
3,23,0.5297691226005554,0.7239640355110168,0.7745664715766907,0.7777777910232544
3,24,0.5475627779960632,0.5620893836021423,0.7861271500587463,0.8666666746139526
3,25,0.5151451230049133,0.5559258460998535,0.8034682273864746,0.8222222328186035
3,26,0.566633403301239,0.5683600306510925,0.8150289058685303,0.8222222328186035
3,27,0.527031421661377,0.7486969232559204,0.8265895843505859,0.7111111283302307
3,28,0.4700543284416199,1.1330196857452393,0.8150289058685303,0.5777778029441833
3,29,0.5983928442001343,0.7358834743499756,0.763005793094635,0.7111111283302307
3,30,0.5118832588195801,1.0148611068725586,0.8034682273864746,0.5777778029441833
3,31,0.5869618058204651,1.126758098602295,0.7919074892997742,0.6000000238418579
3,32,0.767102837562561,0.7403339147567749,0.6589595079421997,0.7111111283302307
3,33,0.6616352796554565,0.5216355323791504,0.7167630195617676,0.8888888955116272
3,34,0.43093448877334595,0.5715577602386475,0.8670520186424255,0.800000011920929
3,35,0.3779703974723816,0.5599591732025146,0.8901734352111816,0.8222222328186035
3,36,0.352626234292984,0.7335477471351624,0.8670520186424255,0.7555555701255798
3,37,0.42521774768829346,0.6081990599632263,0.849711000919342,0.800000011920929
3,38,0.3159565031528473,0.5180128216743469,0.9017341136932373,0.8222222328186035
3,39,0.3304840624332428,0.4989803433418274,0.8728323578834534,0.8444444537162781
3,40,0.2873450517654419,0.5007569193840027,0.9075144529342651,0.8666666746139526
3,41,0.2250109612941742,0.43688634037971497,0.913294792175293,0.8888888955116272
3,42,0.23440814018249512,0.46131303906440735,0.9190751314163208,0.9111111164093018
3,43,0.21412669122219086,0.5096976161003113,0.9364162087440491,0.8222222328186035
3,44,0.19225291907787323,0.49382102489471436,0.9421965479850769,0.8444444537162781
3,45,0.20085667073726654,0.5901299118995667,0.9306358098983765,0.800000011920929
3,46,0.22364923357963562,0.5976630449295044,0.9248554706573486,0.7333333492279053
3,47,0.2731456756591797,0.47712936997413635,0.8786126971244812,0.8444444537162781
3,48,0.2155650109052658,0.4181746542453766,0.9075144529342651,0.9111111164093018
3,49,0.1765802800655365,0.413729190826416,0.9479768872261047,0.9333333373069763
3,50,0.13826608657836914,0.40635794401168823,0.9595375657081604,0.9111111164093018
3,51,0.15707848966121674,0.57513827085495,0.9479768872261047,0.8444444537162781
3,52,0.21765698492527008,0.9057701230049133,0.913294792175293,0.800000011920929
3,53,0.3064568042755127,0.8123419880867004,0.8786126971244812,0.6888889074325562
3,54,0.3389976918697357,0.6712973117828369,0.8612716794013977,0.7555555701255798
3,55,0.35311317443847656,0.500024676322937,0.8554913401603699,0.8444444537162781
3,56,0.29853004217147827,0.41917359828948975,0.9017341136932373,0.9555555582046509
3,57,0.16723690927028656,0.4022296071052551,0.9653179049491882,0.9111111164093018
3,58,0.15729431807994843,0.46741876006126404,0.9595375657081604,0.9333333373069763
3,59,0.14662426710128784,0.39583075046539307,0.9537572264671326,0.9333333373069763
3,60,0.1151859387755394,0.38624972105026245,0.9653179049491882,0.9555555582046509
3,61,0.10350162535905838,0.47162696719169617,0.9768785834312439,0.9111111164093018
3,62,0.08764462918043137,0.5227990746498108,0.9710982441902161,0.9111111164093018
3,63,0.09276119619607925,0.5606138110160828,0.9710982441902161,0.8888888955116272
3,64,0.08363769948482513,0.5540936589241028,0.9768785834312439,0.8666666746139526
3,65,0.09337320178747177,0.43576568365097046,0.9710982441902161,0.8888888955116272
3,66,0.09403318166732788,0.4682624340057373,0.9710982441902161,0.9111111164093018
3,67,0.0768289864063263,0.4520060122013092,0.9768785834312439,0.9333333373069763
3,68,0.07026300579309464,0.4032447934150696,0.9768785834312439,0.9111111164093018
3,69,0.045930687338113785,0.4529778063297272,0.9942196607589722,0.9555555582046509
3,70,0.05713677778840065,0.450937956571579,0.9710982441902161,0.9555555582046509
3,71,0.04390314593911171,0.45221588015556335,0.9884393215179443,0.8888888955116272
3,72,0.05192282050848007,0.4480433166027069,0.9884393215179443,0.9333333373069763
3,73,0.03168182820081711,0.46891364455223083,0.9942196607589722,0.9111111164093018
3,74,0.05947974696755409,0.4992554485797882,0.9768785834312439,0.9555555582046509
3,75,0.13448485732078552,1.5041027069091797,0.9595375657081604,0.7111111283302307
3,76,0.4179792106151581,1.8349311351776123,0.8439306616783142,0.5777778029441833
3,77,0.43637919425964355,0.5930464267730713,0.8381502628326416,0.8444444537162781
3,78,0.3200589418411255,0.9124986529350281,0.8612716794013977,0.7777777910232544
3,79,0.29304346442222595,0.4822079837322235,0.9306358098983765,0.8888888955116272
3,80,0.15834644436836243,0.42100220918655396,0.9479768872261047,0.9333333373069763
4,1,1.619314432144165,1.6087714433670044,0.21264368295669556,0.20000000298023224
4,2,1.6114424467086792,1.6079061031341553,0.20114941895008087,0.20000000298023224
4,3,1.6089751720428467,1.6069388389587402,0.2068965584039688,0.20000000298023224
4,4,1.6100842952728271,1.6049747467041016,0.1666666716337204,0.20000000298023224
4,5,1.6034961938858032,1.6003557443618774,0.2298850566148758,0.20000000298023224
4,6,1.5980007648468018,1.5919973850250244,0.24712643027305603,0.4000000059604645
4,7,1.5810436010360718,1.5426522493362427,0.3563218414783478,0.4000000059604645
4,8,1.5453732013702393,1.5039724111557007,0.24712643027305603,0.2888889014720917
4,9,1.4931524991989136,1.3932856321334839,0.3045977056026459,0.42222222685813904
4,10,1.4179737567901611,1.2760053873062134,0.4137931168079376,0.46666666865348816
4,11,1.3406846523284912,1.2373754978179932,0.36781609058380127,0.5555555820465088
4,12,1.220790982246399,1.0686604976654053,0.49425286054611206,0.6666666865348816
4,13,1.119590163230896,0.9779255390167236,0.5114942789077759,0.6222222447395325
4,14,1.0337117910385132,0.935589611530304,0.5632184147834778,0.5777778029441833
4,15,1.0118507146835327,0.7913752198219299,0.5574712753295898,0.7111111283302307
4,16,1.0067880153656006,0.9540836811065674,0.568965494632721,0.644444465637207
4,17,1.0026392936706543,0.8646336793899536,0.568965494632721,0.5777778029441833
4,18,0.899747908115387,0.7642260789871216,0.6034482717514038,0.7777777910232544
4,19,0.7631272077560425,0.7153946161270142,0.7126436829566956,0.800000011920929
4,20,0.7414703965187073,0.6124480366706848,0.6839080452919006,0.7555555701255798
4,21,0.7039610147476196,0.670005738735199,0.6896551847457886,0.6888889074325562
4,22,0.8412702083587646,0.7017292380332947,0.6091954112052917,0.7111111283302307
4,23,0.7753099203109741,0.6773121356964111,0.6839080452919006,0.6888889074325562
4,24,0.7789779305458069,0.7041888236999512,0.7126436829566956,0.7111111283302307
4,25,0.7062450051307678,0.6002101302146912,0.7011494040489197,0.7777777910232544
4,26,0.6378043293952942,0.5488002300262451,0.7413793206214905,0.7333333492279053
4,27,0.5614639520645142,0.5310692191123962,0.7816091775894165,0.7555555701255798
4,28,0.511133074760437,0.6322528123855591,0.7873563170433044,0.7111111283302307
4,29,0.5059728026390076,0.7339314222335815,0.7931034564971924,0.6888889074325562
4,30,0.5427160263061523,0.5507906079292297,0.7643678188323975,0.7111111283302307
4,31,0.4879136383533478,0.5801169872283936,0.8103448152542114,0.7555555701255798
4,32,0.5437944531440735,0.4680528938770294,0.7931034564971924,0.8222222328186035
4,33,0.4720834195613861,0.3361044228076935,0.8103448152542114,0.8888888955116272
4,34,0.4923691153526306,0.3105044364929199,0.7701149582862854,0.8888888955116272
4,35,0.4480896294116974,0.5465564131736755,0.8218390941619873,0.800000011920929
4,36,0.5169572830200195,0.5054196119308472,0.8103448152542114,0.800000011920929
4,37,0.4826246201992035,0.47297409176826477,0.7873563170433044,0.8222222328186035
4,38,0.4163753092288971,0.3657117187976837,0.8275862336158752,0.8444444537162781
4,39,0.4071212708950043,0.5457274317741394,0.8390804529190063,0.7555555701255798
4,40,0.4297464191913605,0.3730277717113495,0.8218390941619873,0.8444444537162781
4,41,0.3432343602180481,0.6023860573768616,0.8908045887947083,0.800000011920929
4,42,0.3650844395160675,0.6623814105987549,0.8505747318267822,0.7777777910232544
4,43,0.3932769298553467,0.34644782543182373,0.8390804529190063,0.8888888955116272
4,44,0.37322792410850525,0.38736727833747864,0.8275862336158752,0.8888888955116272
4,45,0.4179719388484955,0.3991035521030426,0.8505747318267822,0.8444444537162781
4,46,0.37784871459007263,0.3178498148918152,0.8505747318267822,0.8444444537162781
4,47,0.4178694784641266,0.4456211030483246,0.8333333134651184,0.8444444537162781
4,48,0.43894967436790466,0.3065570294857025,0.8160919547080994,0.8666666746139526
4,49,0.5316237807273865,0.33039727807044983,0.7701149582862854,0.8444444537162781
4,50,0.5115360617637634,0.5878167748451233,0.7931034564971924,0.7333333492279053
4,51,0.418394535779953,0.33751699328422546,0.8505747318267822,0.8666666746139526
4,52,0.30953261256217957,0.22084465622901917,0.8965517282485962,0.9333333373069763
4,53,0.33483386039733887,0.2661106586456299,0.8620689511299133,0.9111111164093018
4,54,0.28191569447517395,0.23208115994930267,0.8908045887947083,0.9111111164093018
4,55,0.2868969142436981,0.2248874008655548,0.9252873659133911,0.8666666746139526
4,56,0.23020119965076447,0.27380114793777466,0.9137930870056152,0.8666666746139526
4,57,0.309543639421463,0.28678417205810547,0.8678160905838013,0.8888888955116272
4,58,0.34703198075294495,0.27885866165161133,0.8908045887947083,0.8666666746139526
4,59,0.3991621732711792,0.3046618700027466,0.8735632300376892,0.9111111164093018
4,60,0.2869579792022705,0.3090980052947998,0.8793103694915771,0.8888888955116272
4,61,0.27244991064071655,0.23194529116153717,0.9080459475517273,0.8888888955116272
4,62,0.30197641253471375,0.28736335039138794,0.8735632300376892,0.8888888955116272
4,63,0.2478654831647873,0.23970408737659454,0.9252873659133911,0.9333333373069763
4,64,0.19082461297512054,0.1705436110496521,0.931034505367279,0.9333333373069763
4,65,0.22450153529644012,0.23084162175655365,0.9137930870056152,0.8888888955116272
4,66,0.2331242859363556,0.2539089322090149,0.9080459475517273,0.8666666746139526
4,67,0.21559195220470428,0.21023355424404144,0.9252873659133911,0.9111111164093018
4,68,0.21497362852096558,0.21344803273677826,0.9252873659133911,0.9333333373069763
4,69,0.22854851186275482,0.277614027261734,0.9022988677024841,0.9111111164093018
4,70,0.2334592491388321,0.24459563195705414,0.9195402264595032,0.9333333373069763
4,71,0.22811932861804962,0.18062441051006317,0.9080459475517273,0.9111111164093018
4,72,0.2690909802913666,0.12908796966075897,0.8793103694915771,0.9555555582046509
4,73,0.27335256338119507,0.16386830806732178,0.9022988677024841,0.9111111164093018
4,74,0.2637835144996643,0.3188841938972473,0.8965517282485962,0.8888888955116272
4,75,0.37776750326156616,0.4409051537513733,0.8620689511299133,0.800000011920929
4,76,0.2992224395275116,0.23065784573554993,0.8965517282485962,0.9333333373069763
4,77,0.25459805130958557,0.12621985375881195,0.9137930870056152,0.9555555582046509
4,78,0.20495912432670593,0.17023110389709473,0.9137930870056152,0.9333333373069763
4,79,0.1822507679462433,0.25546005368232727,0.931034505367279,0.9111111164093018
4,80,0.22259995341300964,0.1665254384279251,0.9195402264595032,0.9333333373069763
4,81,0.17476537823677063,0.15238983929157257,0.931034505367279,0.9333333373069763
4,82,0.1400465965270996,0.23248782753944397,0.959770143032074,0.9333333373069763
4,83,0.21667242050170898,0.2649083733558655,0.9080459475517273,0.8888888955116272
4,84,0.21321231126785278,0.24799001216888428,0.9137930870056152,0.8888888955116272
4,85,0.21452462673187256,0.27835813164711,0.9195402264595032,0.8888888955116272
4,86,0.19395045936107635,0.1952562928199768,0.931034505367279,0.9333333373069763
4,87,0.17015904188156128,0.15280626714229584,0.931034505367279,0.9111111164093018
4,88,0.1663212776184082,0.17694975435733795,0.9425287246704102,0.9111111164093018
4,89,0.1563400775194168,0.20250611007213593,0.954023003578186,0.9333333373069763
4,90,0.12600192427635193,0.19879834353923798,0.959770143032074,0.9333333373069763
4,91,0.15266212821006775,0.16630680859088898,0.9482758641242981,0.9555555582046509
4,92,0.17630444467067719,0.12483764439821243,0.9252873659133911,0.9111111164093018
4,93,0.12574461102485657,0.1815124899148941,0.9712643623352051,0.9333333373069763
4,94,0.17359760403633118,0.19047331809997559,0.9367815852165222,0.9333333373069763
4,95,0.1263110339641571,0.15416587889194489,0.959770143032074,0.9111111164093018
4,96,0.10562275350093842,0.1516972929239273,0.954023003578186,0.9333333373069763
4,97,0.12605132162570953,0.1526305228471756,0.9655172228813171,0.9555555582046509
4,98,0.10041767358779907,0.1915559619665146,0.9482758641242981,0.9333333373069763
4,99,0.08861678838729858,0.16800060868263245,0.9655172228813171,0.9111111164093018
4,100,0.2459554374217987,0.17341075837612152,0.9022988677024841,0.9333333373069763
4,101,0.242887482047081,0.4834815263748169,0.9137930870056152,0.8222222328186035
4,102,0.23651568591594696,0.20969106256961823,0.9022988677024841,0.9111111164093018
4,103,0.12364897131919861,0.16174225509166718,0.954023003578186,0.9555555582046509
4,104,0.1245124340057373,0.17190028727054596,0.959770143032074,0.9333333373069763
4,105,0.09457091987133026,0.16124765574932098,0.977011501789093,0.9333333373069763
4,106,0.113279789686203,0.19967882335186005,0.9655172228813171,0.9333333373069763
4,107,0.10512722283601761,0.2712302505970001,0.9712643623352051,0.8888888955116272
4,108,0.11501789093017578,0.12820295989513397,0.9655172228813171,0.9333333373069763
4,109,0.06496816128492355,0.1996656060218811,0.977011501789093,0.9111111164093018
4,110,0.08181232959032059,0.24820421636104584,0.9712643623352051,0.8888888955116272
4,111,0.06675393879413605,0.1941770613193512,0.977011501789093,0.9555555582046509
4,112,0.08620118349790573,0.1487271785736084,0.9712643623352051,0.9333333373069763
5,1,1.6368043422698975,1.6087442636489868,0.18390804529190063,0.2222222238779068
5,2,1.6171194314956665,1.6090121269226074,0.1666666716337204,0.20000000298023224
5,3,1.6075425148010254,1.6088558435440063,0.2183908075094223,0.20000000298023224
5,4,1.6069772243499756,1.6085537672042847,0.2298850566148758,0.20000000298023224
5,5,1.6076306104660034,1.607909083366394,0.20114941895008087,0.20000000298023224
5,6,1.6100631952285767,1.606505274772644,0.14942528307437897,0.20000000298023224
5,7,1.6088387966156006,1.6049892902374268,0.18965516984462738,0.20000000298023224
5,8,1.6057106256484985,1.6014846563339233,0.2298850566148758,0.24444444477558136
5,9,1.5987873077392578,1.5936431884765625,0.2298850566148758,0.20000000298023224
5,10,1.5838903188705444,1.568757176399231,0.26436781883239746,0.4000000059604645
5,11,1.5690170526504517,1.52755606174469,0.3333333432674408,0.2666666805744171
5,12,1.5273263454437256,1.4696686267852783,0.29885056614875793,0.2888889014720917
5,13,1.502272367477417,1.4862221479415894,0.3333333432674408,0.4000000059604645
5,14,1.4909909963607788,1.4198099374771118,0.3333333432674408,0.35555556416511536
5,15,1.314152479171753,1.2255444526672363,0.477011501789093,0.46666666865348816
5,16,1.108101725578308,0.9679348468780518,0.522988498210907,0.6888889074325562
5,17,1.004311442375183,0.8811160326004028,0.5344827771186829,0.6888889074325562
5,18,0.9500811100006104,0.8701792359352112,0.5632184147834778,0.6222222447395325
5,19,0.8514246344566345,0.8418368101119995,0.6551724076271057,0.6888889074325562
5,20,0.7365509271621704,0.8596115708351135,0.6896551847457886,0.6888889074325562
5,21,0.7207437753677368,0.7095304727554321,0.7068965435028076,0.7333333492279053
5,22,0.6328762769699097,0.6243782639503479,0.7183908224105835,0.800000011920929
5,23,0.5989594459533691,0.6292697191238403,0.7471264600753784,0.7333333492279053
5,24,0.6046947836875916,0.8067126870155334,0.7528735399246216,0.6000000238418579
5,25,0.6939390301704407,0.8066806197166443,0.7068965435028076,0.5555555820465088
5,26,0.5149887204170227,0.5803172588348389,0.8103448152542114,0.800000011920929
5,27,0.5091658234596252,0.6178492307662964,0.8275862336158752,0.7777777910232544
5,28,0.5324973464012146,0.6220492124557495,0.8045976758003235,0.7333333492279053
5,29,0.5557838678359985,0.6519572734832764,0.7873563170433044,0.6888889074325562
5,30,0.4670122563838959,0.756190299987793,0.8103448152542114,0.6888889074325562
5,31,0.44975733757019043,0.5399685502052307,0.7988505959510803,0.7555555701255798
5,32,0.412795752286911,0.46928152441978455,0.8563218116760254,0.8444444537162781
5,33,0.39314019680023193,0.4707396924495697,0.8735632300376892,0.8222222328186035
5,34,0.4105490446090698,0.45871052145957947,0.8390804529190063,0.800000011920929
5,35,0.46983930468559265,0.5264924764633179,0.8448275923728943,0.800000011920929
5,36,0.3883492350578308,0.44573724269866943,0.8333333134651184,0.8222222328186035
5,37,0.3732619881629944,0.4873826205730438,0.8678160905838013,0.7777777910232544
5,38,0.3261777460575104,0.4623374938964844,0.8735632300376892,0.7777777910232544
5,39,0.290607750415802,0.5700291395187378,0.8965517282485962,0.7777777910232544
5,40,0.35397160053253174,0.48305460810661316,0.8678160905838013,0.7777777910232544
5,41,0.2351103574037552,0.4450150430202484,0.9252873659133911,0.8222222328186035
5,42,0.2980709373950958,0.5356506109237671,0.9022988677024841,0.7555555701255798
5,43,0.21040229499340057,0.5205672979354858,0.9252873659133911,0.800000011920929
5,44,0.2748871445655823,0.7335503697395325,0.8793103694915771,0.7333333492279053
5,45,0.383988618850708,0.5592402219772339,0.8505747318267822,0.7333333492279053
5,46,0.3335387706756592,0.5064506530761719,0.8620689511299133,0.8222222328186035
5,47,0.2894116938114166,0.5911980867385864,0.8850574493408203,0.7555555701255798
5,48,0.3565817177295685,0.74351966381073,0.8735632300376892,0.7555555701255798
5,49,0.39000552892684937,0.5813066363334656,0.8160919547080994,0.7555555701255798
5,50,0.3882821202278137,0.3821764290332794,0.8735632300376892,0.8444444537162781
5,51,0.3092723488807678,0.5886467099189758,0.8793103694915771,0.7333333492279053
5,52,0.3445710241794586,0.37013837695121765,0.8793103694915771,0.800000011920929
5,53,0.2704237103462219,0.3414863646030426,0.8965517282485962,0.8444444537162781
5,54,0.24992170929908752,0.4105899930000305,0.931034505367279,0.800000011920929
5,55,0.258951872587204,0.27425530552864075,0.8850574493408203,0.8444444537162781
5,56,0.15688513219356537,0.28051868081092834,0.959770143032074,0.8666666746139526
5,57,0.13786539435386658,0.29190391302108765,0.9655172228813171,0.8666666746139526
5,58,0.1271151453256607,0.2563013434410095,0.977011501789093,0.8888888955116272
5,59,0.14576759934425354,0.31130340695381165,0.954023003578186,0.8666666746139526
5,60,0.12577922642230988,0.2785817086696625,0.9482758641242981,0.8888888955116272
5,61,0.12297704070806503,0.25134551525115967,0.9655172228813171,0.9333333373069763
5,62,0.1163264662027359,0.268147736787796,0.9712643623352051,0.8666666746139526
5,63,0.14090831577777863,0.2771523594856262,0.959770143032074,0.9111111164093018
5,64,0.12471043318510056,0.266893208026886,0.9655172228813171,0.8888888955116272
5,65,0.13488717377185822,0.2661302387714386,0.9482758641242981,0.8888888955116272
5,66,0.142612025141716,0.29825711250305176,0.9482758641242981,0.8444444537162781
5,67,0.13706031441688538,0.2786995470523834,0.9367815852165222,0.8888888955116272
5,68,0.1913902908563614,0.5762379765510559,0.931034505367279,0.8222222328186035
5,69,0.13276076316833496,0.3004799783229828,0.9425287246704102,0.8666666746139526
5,70,0.11147048324346542,0.3825030028820038,0.9712643623352051,0.8666666746139526
5,71,0.09130856394767761,0.25752943754196167,0.9655172228813171,0.9111111164093018
5,72,0.08917714655399323,0.2656973898410797,0.982758641242981,0.9333333373069763
5,73,0.08945652842521667,0.23652172088623047,0.9712643623352051,0.9555555582046509
5,74,0.11060867458581924,0.3024550974369049,0.9712643623352051,0.9111111164093018
5,75,0.10990968346595764,0.2921660244464874,0.9655172228813171,0.8888888955116272
5,76,0.20392334461212158,0.3909604251384735,0.9195402264595032,0.7777777910232544
5,77,0.280559241771698,0.5341088771820068,0.9022988677024841,0.7555555701255798
5,78,0.2661055028438568,1.2799345254898071,0.8908045887947083,0.644444465637207
5,79,0.3132860064506531,0.35040104389190674,0.8965517282485962,0.8444444537162781
5,80,0.18631422519683838,0.43876826763153076,0.9252873659133911,0.800000011920929
5,81,0.13201986253261566,0.27212586998939514,0.959770143032074,0.8888888955116272
5,82,0.10116016864776611,0.25972944498062134,0.9712643623352051,0.8888888955116272
5,83,0.09026673436164856,0.3222716748714447,0.9712643623352051,0.8444444537162781
5,84,0.08123739808797836,0.24980460107326508,0.977011501789093,0.8888888955116272
5,85,0.07002783566713333,0.3587345480918884,0.982758641242981,0.8666666746139526
5,86,0.07202640175819397,0.30179908871650696,0.977011501789093,0.8888888955116272
5,87,0.07173029333353043,0.26887810230255127,0.982758641242981,0.9333333373069763
5,88,0.13755163550376892,0.3129172623157501,0.9367815852165222,0.9111111164093018
5,89,0.10424347221851349,0.40321439504623413,0.977011501789093,0.8444444537162781
5,90,0.0902036502957344,0.2727901339530945,0.977011501789093,0.8888888955116272
5,91,0.068883515894413,0.2805754244327545,0.982758641242981,0.9111111164093018
5,92,0.08949673175811768,0.38163042068481445,0.977011501789093,0.8888888955116272
5,93,0.08613753318786621,0.3301854133605957,0.959770143032074,0.8444444537162781
