dataset,fold,feature,feature_family,importance_macro_f1_drop_mean,importance_macro_f1_drop_std
short_qualifying_2023_2025_top5,1,gear_mean,gear,0.22010892825037393,0.037407787111472496
short_qualifying_2023_2025_top5,1,throttle_diff_std,throttle,0.1281372690881048,0.029257247540567282
short_qualifying_2023_2025_top5,1,throttle_diff_abs_mean,throttle,0.10344375756458138,0.030369362312647162
short_qualifying_2023_2025_top5,1,throttle_zero_frac,throttle,0.1434301309564737,0.020997220882045066
short_qualifying_2023_2025_top5,1,throttle_mid_frac,throttle,0.07368660508065546,0.022885060617310892
short_qualifying_2023_2025_top5,1,speed_std,speed,0.04004390768143633,0.01747077459137793
short_qualifying_2023_2025_top5,1,rpm_diff_std,rpm,0.13602214504083818,0.02243143819711317
short_qualifying_2023_2025_top5,1,rpm_diff_abs_mean,rpm,-0.011002522115565582,0.014796300210410349
short_qualifying_2023_2025_top5,1,throttle_full_frac,throttle,0.13863235209324865,0.03510374882967452
short_qualifying_2023_2025_top5,1,rpm_median,rpm,0.038792943136192595,0.04679713179898562
short_qualifying_2023_2025_top5,1,throttle_std,throttle,0.06779781621886889,0.023136353529066275
short_qualifying_2023_2025_top5,1,brake_diff_std,brake,0.04537302209613425,0.01649108688187088
short_qualifying_2023_2025_top5,1,throttle_p25,throttle,0.0849287905077379,0.018812815619358846
short_qualifying_2023_2025_top5,1,rpm_max,rpm,0.06280737213460327,0.01692873561393165
short_qualifying_2023_2025_top5,1,throttle_p10,throttle,0.01545966009581574,0.015484277996838625
short_qualifying_2023_2025_top5,1,throttle_diff_abs_max,throttle,0.031097729967295252,0.022627372065116273
short_qualifying_2023_2025_top5,1,throttle_max,throttle,0.0036363636363636377,0.008131156281817419
short_qualifying_2023_2025_top5,1,gear_change_count,gear,-0.0026207812020168975,0.0230673573117181
short_qualifying_2023_2025_top5,1,brake_active_frac,brake,0.06143126438778619,0.03150603579108962
short_qualifying_2023_2025_top5,1,brake_mean,brake,0.03727439903689742,0.029114445968843872
short_qualifying_2023_2025_top5,1,speed_p75,speed,0.00012384716732547485,0.0120427502933268
short_qualifying_2023_2025_top5,1,speed_diff_std,speed,0.00037639553429027475,0.0008416460011004073
short_qualifying_2023_2025_top5,1,gear_std,gear,0.0,0.0
short_qualifying_2023_2025_top5,1,gear_min,gear,0.0006048163887980796,0.021249898386190177
short_qualifying_2023_2025_top5,1,speed_p10,speed,-0.0012818013412978723,0.01464476387390048
short_qualifying_2023_2025_top5,1,rpm_min,rpm,0.017732760908046985,0.01666526401975698
short_qualifying_2023_2025_top5,1,brake_diff_abs_mean,brake,0.046409937888198805,0.01663636231505658
short_qualifying_2023_2025_top5,1,gear_max,gear,0.008180567258828143,0.01480131267692042
short_qualifying_2023_2025_top5,1,throttle_high_frac,throttle,0.07862692303882243,0.02021590956648626
short_qualifying_2023_2025_top5,1,speed_median,speed,-0.006837955332234436,0.01604938897642293
short_qualifying_2023_2025_top5,1,rpm_cv,rpm,-0.013145310829521284,0.014947763567908591
short_qualifying_2023_2025_top5,1,speed_diff_abs_mean,speed,-0.0032124976472802658,0.007750862816004561
short_qualifying_2023_2025_top5,1,rpm_mean,rpm,0.057482575903628555,0.040320499961765274
short_qualifying_2023_2025_top5,1,speed_min,speed,-0.00922872398387269,0.010182774315957216
short_qualifying_2023_2025_top5,1,rpm_std,rpm,-0.009949898461568884,0.016001799442829284
short_qualifying_2023_2025_top5,1,rpm_diff_mean,rpm,0.0021225197380804195,0.02082088073628135
short_qualifying_2023_2025_top5,1,throttle_p75,throttle,0.007116883116883121,0.009745193555611403
short_qualifying_2023_2025_top5,1,gear_median,gear,-0.008875052636151048,0.026546720272883507
short_qualifying_2023_2025_top5,1,brake_on_count,brake,0.0,0.0
short_qualifying_2023_2025_top5,1,speed_diff_abs_max,speed,0.0,0.0
short_qualifying_2023_2025_top5,1,throttle_diff_mean,throttle,0.0037056277056277008,0.014623470174680724
short_qualifying_2023_2025_top5,1,throttle_median,throttle,0.0,0.0
short_qualifying_2023_2025_top5,1,speed_diff_mean,speed,0.0,0.0
short_qualifying_2023_2025_top5,1,brake_std,brake,-0.006866930171278018,0.015354922659721921
short_qualifying_2023_2025_top5,1,rpm_diff_abs_max,rpm,0.0,0.0
short_qualifying_2023_2025_top5,1,speed_p25,speed,0.0,0.0
short_qualifying_2023_2025_top5,1,throttle_mean,throttle,0.0,0.0
short_qualifying_2023_2025_top5,1,throttle_low_frac,throttle,-0.0068443440617353525,0.009372752582734584
short_qualifying_2023_2025_top5,1,speed_range,speed,0.0,0.0
short_qualifying_2023_2025_top5,1,brake_max,brake,0.0,0.0
short_qualifying_2023_2025_top5,1,speed_max,speed,0.0,0.0
short_qualifying_2023_2025_top5,1,speed_mean,speed,0.0,0.0
short_qualifying_2023_2025_top5,1,brake_diff_abs_max,brake,0.0,0.0
short_qualifying_2023_2025_top5,1,speed_cv,speed,-0.0034112554112554205,0.007627798988181122
short_qualifying_2023_2025_top5,1,speed_p90,speed,0.0,0.0
short_qualifying_2023_2025_top5,1,throttle_p90,throttle,0.0,0.0
short_qualifying_2023_2025_top5,1,brake_p90,brake,0.0,0.0
short_qualifying_2023_2025_top5,2,gear_mean,gear,0.18565162567499355,0.018644095903530992
short_qualifying_2023_2025_top5,2,throttle_diff_std,throttle,0.10665773158953944,0.04995170432087839
short_qualifying_2023_2025_top5,2,throttle_diff_abs_mean,throttle,0.0761973388929911,0.04014875684398252
short_qualifying_2023_2025_top5,2,throttle_zero_frac,throttle,0.22013131064206584,0.049007065929497315
short_qualifying_2023_2025_top5,2,throttle_mid_frac,throttle,0.07720437457279565,0.02811936236106101
short_qualifying_2023_2025_top5,2,speed_std,speed,0.1284617780727621,0.01803308489226086
short_qualifying_2023_2025_top5,2,rpm_diff_std,rpm,0.07334570783907175,0.0434515629161116
short_qualifying_2023_2025_top5,2,rpm_diff_abs_mean,rpm,0.015211067193675865,0.02383641599553664
short_qualifying_2023_2025_top5,2,throttle_full_frac,throttle,0.15972740933107066,0.03416133487046793
short_qualifying_2023_2025_top5,2,rpm_median,rpm,0.04300229625447018,0.015189068529356732
short_qualifying_2023_2025_top5,2,throttle_std,throttle,0.04685074345943909,0.015250461840996423
short_qualifying_2023_2025_top5,2,brake_diff_std,brake,0.015930735930736017,0.013251669512046123
short_qualifying_2023_2025_top5,2,throttle_p25,throttle,0.058637825942173816,0.029739995783775907
short_qualifying_2023_2025_top5,2,rpm_max,rpm,0.0851079196928167,0.03210393495059086
short_qualifying_2023_2025_top5,2,throttle_p10,throttle,0.050910842323199354,0.02067612135962382
short_qualifying_2023_2025_top5,2,throttle_diff_abs_max,throttle,0.03265424430641826,0.02563917217035926
short_qualifying_2023_2025_top5,2,throttle_max,throttle,0.0,0.0
short_qualifying_2023_2025_top5,2,gear_change_count,gear,0.07536051195181641,0.013428112770380647
short_qualifying_2023_2025_top5,2,brake_active_frac,brake,0.030007076980990078,0.02268233436845681
short_qualifying_2023_2025_top5,2,brake_mean,brake,0.012433653303218595,0.007054787449849103
short_qualifying_2023_2025_top5,2,speed_p75,speed,0.04668473555430082,0.009622472542745108
short_qualifying_2023_2025_top5,2,speed_diff_std,speed,0.014584152079804324,0.024000451485609663
short_qualifying_2023_2025_top5,2,gear_std,gear,0.09824428142414413,0.02798551284862818
short_qualifying_2023_2025_top5,2,gear_min,gear,0.017280255975908165,0.02229380958106273
short_qualifying_2023_2025_top5,2,speed_p10,speed,0.0,0.0
short_qualifying_2023_2025_top5,2,rpm_min,rpm,0.06556683408125066,0.024396128636867263
short_qualifying_2023_2025_top5,2,brake_diff_abs_mean,brake,0.011991341991342108,0.007645623618229834
short_qualifying_2023_2025_top5,2,gear_max,gear,0.0,0.0
short_qualifying_2023_2025_top5,2,throttle_high_frac,throttle,0.003320158102766824,0.007424099213833351
short_qualifying_2023_2025_top5,2,speed_median,speed,0.0,0.0
short_qualifying_2023_2025_top5,2,rpm_cv,rpm,0.003502729154903106,0.02346600021337625
short_qualifying_2023_2025_top5,2,speed_diff_abs_mean,speed,0.0,0.0
short_qualifying_2023_2025_top5,2,rpm_mean,rpm,-0.00027856201769245194,0.011827583561832696
short_qualifying_2023_2025_top5,2,speed_min,speed,0.003025409373235477,0.008325932607336562
short_qualifying_2023_2025_top5,2,rpm_std,rpm,0.024957651044607565,0.00842159836350169
short_qualifying_2023_2025_top5,2,rpm_diff_mean,rpm,0.005454545454545512,0.009633855260466426
short_qualifying_2023_2025_top5,2,throttle_p75,throttle,-0.0037944664031620335,0.007631632180962593
short_qualifying_2023_2025_top5,2,gear_median,gear,0.01090909090909089,0.016049572473380513
short_qualifying_2023_2025_top5,2,brake_on_count,brake,0.014713131262330403,0.007595611938817533
short_qualifying_2023_2025_top5,2,speed_diff_abs_max,speed,0.009567812812664145,0.027247521166315892
short_qualifying_2023_2025_top5,2,throttle_diff_mean,throttle,0.0,0.0
short_qualifying_2023_2025_top5,2,throttle_median,throttle,0.003555430077169208,0.007950183341797671
short_qualifying_2023_2025_top5,2,speed_diff_mean,speed,0.0028458498023715252,0.009040934991617844
short_qualifying_2023_2025_top5,2,brake_std,brake,0.0035008469791078635,0.00782813182410997
short_qualifying_2023_2025_top5,2,rpm_diff_abs_max,rpm,0.010350084697910789,0.01018527871170267
short_qualifying_2023_2025_top5,2,speed_p25,speed,0.0,0.0
short_qualifying_2023_2025_top5,2,throttle_mean,throttle,0.0,0.0
short_qualifying_2023_2025_top5,2,throttle_low_frac,throttle,0.0,0.0
short_qualifying_2023_2025_top5,2,speed_range,speed,0.014221720308676833,0.007950183341797673
short_qualifying_2023_2025_top5,2,brake_max,brake,0.0,0.0
short_qualifying_2023_2025_top5,2,speed_max,speed,0.0,0.0
short_qualifying_2023_2025_top5,2,speed_mean,speed,0.0,0.0
short_qualifying_2023_2025_top5,2,brake_diff_abs_max,brake,0.0,0.0
short_qualifying_2023_2025_top5,2,speed_cv,speed,0.0,0.0
short_qualifying_2023_2025_top5,2,speed_p90,speed,0.003632599284773219,0.014735439684498801
short_qualifying_2023_2025_top5,2,throttle_p90,throttle,0.0,0.0
short_qualifying_2023_2025_top5,2,brake_p90,brake,0.0,0.0
short_qualifying_2023_2025_top5,3,gear_mean,gear,0.21315312305464587,0.05103615518437885
short_qualifying_2023_2025_top5,3,throttle_diff_std,throttle,0.14322095832980378,0.019619124173477227
short_qualifying_2023_2025_top5,3,throttle_diff_abs_mean,throttle,0.20245918344230357,0.05337590047292848
short_qualifying_2023_2025_top5,3,throttle_zero_frac,throttle,0.18259769900410622,0.042621042793628085
short_qualifying_2023_2025_top5,3,throttle_mid_frac,throttle,0.07957652104654381,0.02574970976792558
short_qualifying_2023_2025_top5,3,speed_std,speed,0.010253833123398204,0.024013428869019558
short_qualifying_2023_2025_top5,3,rpm_diff_std,rpm,0.17074110457726005,0.02433764586864591
short_qualifying_2023_2025_top5,3,rpm_diff_abs_mean,rpm,0.0722615837251992,0.011893070887924963
short_qualifying_2023_2025_top5,3,throttle_full_frac,throttle,0.12801894272867093,0.05739341719800648
short_qualifying_2023_2025_top5,3,rpm_median,rpm,0.01215288984259224,0.029484295774274444
short_qualifying_2023_2025_top5,3,throttle_std,throttle,0.05448530173106825,0.038413304396831764
short_qualifying_2023_2025_top5,3,brake_diff_std,brake,0.06999275713692181,0.020790912465842224
short_qualifying_2023_2025_top5,3,throttle_p25,throttle,0.06412184990106544,0.028242599530170505
short_qualifying_2023_2025_top5,3,rpm_max,rpm,0.05120174138704865,0.02971322216195811
short_qualifying_2023_2025_top5,3,throttle_p10,throttle,0.07857242518478205,0.02503565987993853
short_qualifying_2023_2025_top5,3,throttle_diff_abs_max,throttle,0.031020163970278312,0.020776801453956353
short_qualifying_2023_2025_top5,3,throttle_max,throttle,0.0043254137167180184,0.00832409162999797
short_qualifying_2023_2025_top5,3,gear_change_count,gear,0.048772562465926164,0.021429165742165152
short_qualifying_2023_2025_top5,3,brake_active_frac,brake,0.038269702227596916,0.03563375131779454
short_qualifying_2023_2025_top5,3,brake_mean,brake,0.04662343995524763,0.03300407101570678
short_qualifying_2023_2025_top5,3,speed_p75,speed,0.0,0.0
short_qualifying_2023_2025_top5,3,speed_diff_std,speed,0.009773125425299244,0.009397316031182077
short_qualifying_2023_2025_top5,3,gear_std,gear,0.027990231990231984,0.009902253156035613
short_qualifying_2023_2025_top5,3,gear_min,gear,0.02564007650964162,0.010021919555178945
short_qualifying_2023_2025_top5,3,speed_p10,speed,0.03840716744057697,0.02048849867474769
short_qualifying_2023_2025_top5,3,rpm_min,rpm,0.014446473604368303,0.014874317927358691
short_qualifying_2023_2025_top5,3,brake_diff_abs_mean,brake,0.033146120935594506,0.00860396045469872
short_qualifying_2023_2025_top5,3,gear_max,gear,0.00013537339853126885,0.00030270412146108733
short_qualifying_2023_2025_top5,3,throttle_high_frac,throttle,0.020758648758648746,0.008085155845383862
short_qualifying_2023_2025_top5,3,speed_median,speed,0.01641494737146898,0.014613855427596419
short_qualifying_2023_2025_top5,3,rpm_cv,rpm,0.012271930967583033,0.010191473537533392
short_qualifying_2023_2025_top5,3,speed_diff_abs_mean,speed,0.04164270512096593,0.024507456565281107
short_qualifying_2023_2025_top5,3,rpm_mean,rpm,0.0,0.0
short_qualifying_2023_2025_top5,3,speed_min,speed,0.0,0.0
short_qualifying_2023_2025_top5,3,rpm_std,rpm,0.013349921169600654,0.019952486788775065
short_qualifying_2023_2025_top5,3,rpm_diff_mean,rpm,0.01854180602006683,0.0
short_qualifying_2023_2025_top5,3,throttle_p75,throttle,0.013714285714285701,0.007666518779999271
short_qualifying_2023_2025_top5,3,gear_median,gear,0.03530024757850827,0.007968660151570838
short_qualifying_2023_2025_top5,3,brake_on_count,brake,0.011147184199815707,0.016060335637893212
short_qualifying_2023_2025_top5,3,speed_diff_abs_max,speed,0.019588046735872687,0.012993179466387636
short_qualifying_2023_2025_top5,3,throttle_diff_mean,throttle,0.0,0.0
short_qualifying_2023_2025_top5,3,throttle_median,throttle,0.003492655492655472,0.014800896321843648
short_qualifying_2023_2025_top5,3,speed_diff_mean,speed,0.0007005168744298462,0.0009592222350956018
short_qualifying_2023_2025_top5,3,brake_std,brake,0.0,0.0
short_qualifying_2023_2025_top5,3,rpm_diff_abs_max,rpm,0.013714285714285701,0.0076665187799992715
short_qualifying_2023_2025_top5,3,speed_p25,speed,0.028525144420796587,0.00976456386013602
short_qualifying_2023_2025_top5,3,throttle_mean,throttle,0.016921210901988837,0.008168420845683626
short_qualifying_2023_2025_top5,3,throttle_low_frac,throttle,0.0036659169290748084,0.008197239453278547
short_qualifying_2023_2025_top5,3,speed_range,speed,-0.004512009729401178,0.014366822512145506
short_qualifying_2023_2025_top5,3,brake_max,brake,0.0,0.0
short_qualifying_2023_2025_top5,3,speed_max,speed,0.0,0.0
short_qualifying_2023_2025_top5,3,speed_mean,speed,0.0,0.0
short_qualifying_2023_2025_top5,3,brake_diff_abs_max,brake,0.0,0.0
short_qualifying_2023_2025_top5,3,speed_cv,speed,0.0,0.0
short_qualifying_2023_2025_top5,3,speed_p90,speed,0.0,0.0
short_qualifying_2023_2025_top5,3,throttle_p90,throttle,0.0,0.0
short_qualifying_2023_2025_top5,3,brake_p90,brake,0.0,0.0
short_qualifying_2023_2025_top5,4,gear_mean,gear,0.16401809672116544,0.040314719847364074
short_qualifying_2023_2025_top5,4,throttle_diff_std,throttle,0.13309221596269658,0.025092428179350767
short_qualifying_2023_2025_top5,4,throttle_diff_abs_mean,throttle,0.08529804749026723,0.029784144076635155
short_qualifying_2023_2025_top5,4,throttle_zero_frac,throttle,0.20117183819528126,0.029976034015790742
short_qualifying_2023_2025_top5,4,throttle_mid_frac,throttle,0.13262923580360664,0.04195675208874772
short_qualifying_2023_2025_top5,4,speed_std,speed,-0.0078612341129503,0.01637284431591973
short_qualifying_2023_2025_top5,4,rpm_diff_std,rpm,0.14538147781215077,0.0191288434318352
short_qualifying_2023_2025_top5,4,rpm_diff_abs_mean,rpm,0.08294144573961515,0.04554982296094612
short_qualifying_2023_2025_top5,4,throttle_full_frac,throttle,0.014662657962429182,0.032405480697056885
short_qualifying_2023_2025_top5,4,rpm_median,rpm,0.028753508276620487,0.02932435224524653
short_qualifying_2023_2025_top5,4,throttle_std,throttle,0.10887316384427717,0.02786135761991077
short_qualifying_2023_2025_top5,4,brake_diff_std,brake,0.07567058567133952,0.01961746012304975
short_qualifying_2023_2025_top5,4,throttle_p25,throttle,0.030395864496551052,0.03274544377555369
short_qualifying_2023_2025_top5,4,rpm_max,rpm,0.040300494318801006,0.021194355901322518
short_qualifying_2023_2025_top5,4,throttle_p10,throttle,0.0424105091839108,0.017514021823401848
short_qualifying_2023_2025_top5,4,throttle_diff_abs_max,throttle,0.012202573896691504,0.012009476663254156
short_qualifying_2023_2025_top5,4,throttle_max,throttle,0.011514022209674412,0.009867763820055938
short_qualifying_2023_2025_top5,4,gear_change_count,gear,0.024800836082300725,0.03202509289740077
short_qualifying_2023_2025_top5,4,brake_active_frac,brake,0.05631812407093069,0.031312286373428505
short_qualifying_2023_2025_top5,4,brake_mean,brake,0.05447385067333921,0.03563511828954868
short_qualifying_2023_2025_top5,4,speed_p75,speed,-0.0053631707727817,0.016079335096130704
short_qualifying_2023_2025_top5,4,speed_diff_std,speed,0.019005466934017213,0.02068464624386172
short_qualifying_2023_2025_top5,4,gear_std,gear,0.003518162996423868,0.007866851615928119
short_qualifying_2023_2025_top5,4,gear_min,gear,0.014001664239650569,0.016239342728070413
short_qualifying_2023_2025_top5,4,speed_p10,speed,0.009883780597739422,0.010959008858091793
short_qualifying_2023_2025_top5,4,rpm_min,rpm,0.016053799227200804,0.009022895576751165
short_qualifying_2023_2025_top5,4,brake_diff_abs_mean,brake,0.043582258832386776,0.016228080486202952
short_qualifying_2023_2025_top5,4,gear_max,gear,0.0,0.0
short_qualifying_2023_2025_top5,4,throttle_high_frac,throttle,0.031038296741621618,0.012064119012780821
short_qualifying_2023_2025_top5,4,speed_median,speed,-0.006908496537787112,0.015614896039645939
short_qualifying_2023_2025_top5,4,rpm_cv,rpm,0.01030802302198186,0.010405153304450528
short_qualifying_2023_2025_top5,4,speed_diff_abs_mean,speed,0.0,0.0
short_qualifying_2023_2025_top5,4,rpm_mean,rpm,0.0,0.0
short_qualifying_2023_2025_top5,4,speed_min,speed,0.002194993412384738,0.016181699336921342
short_qualifying_2023_2025_top5,4,rpm_std,rpm,-0.009792207792207819,0.01715286777545284
short_qualifying_2023_2025_top5,4,rpm_diff_mean,rpm,-0.016445461479786337,0.009193292447539135
short_qualifying_2023_2025_top5,4,throttle_p75,throttle,0.011624242424242426,0.010631998674446013
short_qualifying_2023_2025_top5,4,gear_median,gear,0.016336407553798817,0.015179446157602536
short_qualifying_2023_2025_top5,4,brake_on_count,brake,0.03320262447951239,0.025720382043672368
short_qualifying_2023_2025_top5,4,speed_diff_abs_max,speed,-0.03267558223622293,0.011066317361689237
short_qualifying_2023_2025_top5,4,throttle_diff_mean,throttle,-0.0003584415584415801,0.0008014996906363368
short_qualifying_2023_2025_top5,4,throttle_median,throttle,0.026562126699372614,0.022002704860140058
short_qualifying_2023_2025_top5,4,speed_diff_mean,speed,0.0,0.0
short_qualifying_2023_2025_top5,4,brake_std,brake,0.0,0.0
short_qualifying_2023_2025_top5,4,rpm_diff_abs_max,rpm,-0.004111365369946584,0.009193292447539135
short_qualifying_2023_2025_top5,4,speed_p25,speed,0.0,0.0
short_qualifying_2023_2025_top5,4,throttle_mean,throttle,-0.0036625509367465892,0.018013716019773196
short_qualifying_2023_2025_top5,4,throttle_low_frac,throttle,0.03449006574407032,0.033762265153655
short_qualifying_2023_2025_top5,4,speed_range,speed,-0.0171318216489841,0.01589813690759181
short_qualifying_2023_2025_top5,4,brake_max,brake,0.0,0.0
short_qualifying_2023_2025_top5,4,speed_max,speed,0.0,0.0
short_qualifying_2023_2025_top5,4,speed_mean,speed,0.0,0.0
short_qualifying_2023_2025_top5,4,brake_diff_abs_max,brake,0.0,0.0
short_qualifying_2023_2025_top5,4,speed_cv,speed,0.0,0.0
short_qualifying_2023_2025_top5,4,speed_p90,speed,0.0,0.0
short_qualifying_2023_2025_top5,4,throttle_p90,throttle,0.0,0.0
short_qualifying_2023_2025_top5,4,brake_p90,brake,0.0,0.0
short_qualifying_2023_2025_top5,5,gear_mean,gear,0.18390198926174148,0.04618598635822824
short_qualifying_2023_2025_top5,5,throttle_diff_std,throttle,0.04382190654501859,0.05743347461057304
short_qualifying_2023_2025_top5,5,throttle_diff_abs_mean,throttle,0.10351328518925769,0.026570669073649
short_qualifying_2023_2025_top5,5,throttle_zero_frac,throttle,0.15758552287614067,0.043254650467547735
short_qualifying_2023_2025_top5,5,throttle_mid_frac,throttle,0.14700815279304974,0.05628164321724525
short_qualifying_2023_2025_top5,5,speed_std,speed,0.08770360653838911,0.025081769283109356
short_qualifying_2023_2025_top5,5,rpm_diff_std,rpm,0.10874926446551156,0.04246328699341738
short_qualifying_2023_2025_top5,5,rpm_diff_abs_mean,rpm,-0.0037869376999811965,0.008467850123714659
short_qualifying_2023_2025_top5,5,throttle_full_frac,throttle,0.045455615322892176,0.03303808139357536
short_qualifying_2023_2025_top5,5,rpm_median,rpm,0.04918113861729414,0.014445392543361328
short_qualifying_2023_2025_top5,5,throttle_std,throttle,0.09574735653362647,0.030788709952837716
short_qualifying_2023_2025_top5,5,brake_diff_std,brake,0.07335243703664748,0.01326576731749671
short_qualifying_2023_2025_top5,5,throttle_p25,throttle,-0.01920045172219098,0.018856970186430032
short_qualifying_2023_2025_top5,5,rpm_max,rpm,0.051116130246564986,0.0303108661555485
short_qualifying_2023_2025_top5,5,throttle_p10,throttle,0.004018504759923447,0.008889166569495666
short_qualifying_2023_2025_top5,5,throttle_diff_abs_max,throttle,0.02494942890823886,0.01602985649774651
short_qualifying_2023_2025_top5,5,throttle_max,throttle,0.004034632034632035,0.009021711493635516
short_qualifying_2023_2025_top5,5,gear_change_count,gear,-0.01105138339920957,0.016723826731761513
short_qualifying_2023_2025_top5,5,brake_active_frac,brake,0.04891485631073724,0.020794641862008224
short_qualifying_2023_2025_top5,5,brake_mean,brake,0.021897986071899012,0.008736555788636208
short_qualifying_2023_2025_top5,5,speed_p75,speed,0.03112591756070009,0.007965331318004457
short_qualifying_2023_2025_top5,5,speed_diff_std,speed,3.011481272352512e-05,1.6834692094869436e-05
short_qualifying_2023_2025_top5,5,gear_std,gear,0.0500568417090155,0.014262404545917385
short_qualifying_2023_2025_top5,5,gear_min,gear,0.01613852813852814,0.009021711493635516
short_qualifying_2023_2025_top5,5,speed_p10,speed,-0.007648409561453073,0.010473844899478354
short_qualifying_2023_2025_top5,5,rpm_min,rpm,-0.019397267873240476,0.01920560727301888
short_qualifying_2023_2025_top5,5,brake_diff_abs_mean,brake,0.018128364389233886,0.013312076390853989
short_qualifying_2023_2025_top5,5,gear_max,gear,0.0,0.0
short_qualifying_2023_2025_top5,5,throttle_high_frac,throttle,0.0,0.0
short_qualifying_2023_2025_top5,5,speed_median,speed,0.0,0.0
short_qualifying_2023_2025_top5,5,rpm_cv,rpm,0.01409599096555616,0.00796332612999707
short_qualifying_2023_2025_top5,5,speed_diff_abs_mean,speed,-0.003178618482966367,0.0158357966712061
short_qualifying_2023_2025_top5,5,rpm_mean,rpm,0.0,0.0
short_qualifying_2023_2025_top5,5,speed_min,speed,0.00010690758516833654,3.8719791818100406e-05
short_qualifying_2023_2025_top5,5,rpm_std,rpm,0.012149068322981326,0.01675762420134055
short_qualifying_2023_2025_top5,5,rpm_diff_mean,rpm,-0.00912181639870433,0.020025998801587938
short_qualifying_2023_2025_top5,5,throttle_p75,throttle,0.01613852813852814,0.009021711493635516
short_qualifying_2023_2025_top5,5,gear_median,gear,0.0,0.0
short_qualifying_2023_2025_top5,5,brake_on_count,brake,0.03383173348390729,0.024701443606524483
short_qualifying_2023_2025_top5,5,speed_diff_abs_max,speed,0.010457368718238236,0.009546227898546613
short_qualifying_2023_2025_top5,5,throttle_diff_mean,throttle,-0.003567099567099619,0.008073424786148137
short_qualifying_2023_2025_top5,5,throttle_median,throttle,-0.0037869376999811965,0.008467850123714659
short_qualifying_2023_2025_top5,5,speed_diff_mean,speed,0.0,0.0
short_qualifying_2023_2025_top5,5,brake_std,brake,0.010988895162808187,0.01663883992749508
short_qualifying_2023_2025_top5,5,rpm_diff_abs_max,rpm,0.00806926406926407,0.011049294883004651
short_qualifying_2023_2025_top5,5,speed_p25,speed,3.011481272352512e-05,1.6834692094869436e-05
short_qualifying_2023_2025_top5,5,throttle_mean,throttle,0.0,0.0
short_qualifying_2023_2025_top5,5,throttle_low_frac,throttle,0.0,0.0
short_qualifying_2023_2025_top5,5,speed_range,speed,0.006187841144362794,0.010123175877226937
short_qualifying_2023_2025_top5,5,brake_max,brake,0.0,0.0
short_qualifying_2023_2025_top5,5,speed_max,speed,0.0,0.0
short_qualifying_2023_2025_top5,5,speed_mean,speed,0.0,0.0
short_qualifying_2023_2025_top5,5,brake_diff_abs_max,brake,0.0,0.0
short_qualifying_2023_2025_top5,5,speed_cv,speed,0.0,0.0
short_qualifying_2023_2025_top5,5,speed_p90,speed,0.0,0.0
short_qualifying_2023_2025_top5,5,throttle_p90,throttle,0.0,0.0
short_qualifying_2023_2025_top5,5,brake_p90,brake,0.0,0.0
long_qualifying_2018_2025_top5,1,n_samples,other,0.14646555461191518,0.026450007257457105
long_qualifying_2018_2025_top5,1,speed_mean,speed,0.10690362131762512,0.02926753798937383
long_qualifying_2018_2025_top5,1,speed_std,speed,0.20596737687593408,0.016926251026911157
long_qualifying_2018_2025_top5,1,speed_min,speed,0.02543658384399128,0.007196466143509876
long_qualifying_2018_2025_top5,1,speed_max,speed,0.020841742901110828,0.011213647748201687
long_qualifying_2018_2025_top5,1,speed_q10,speed,0.040082918079851225,0.013697410959715155
long_qualifying_2018_2025_top5,1,speed_q50,speed,0.06465450456366421,0.016612175489991637
long_qualifying_2018_2025_top5,1,speed_q90,speed,0.05833731445723378,0.012781767701668955
long_qualifying_2018_2025_top5,1,speed_range,speed,0.01697451577064073,0.008208040311877622
long_qualifying_2018_2025_top5,1,throttle_mean,throttle,0.11188683856288736,0.011507720008270187
long_qualifying_2018_2025_top5,1,throttle_std,throttle,0.18732744069765492,0.018553211998291987
long_qualifying_2018_2025_top5,1,throttle_max,throttle,-0.001572439782293844,0.00954463907182738
long_qualifying_2018_2025_top5,1,throttle_zero_frac,throttle,0.124704209365087,0.013215365213517362
long_qualifying_2018_2025_top5,1,throttle_full_frac,throttle,0.09861718403396043,0.00956460820348344
long_qualifying_2018_2025_top5,1,throttle_mid_frac,throttle,0.06426609456812835,0.011260200037961242
long_qualifying_2018_2025_top5,1,brake_mean,brake,0.06156975558463831,0.009630188243350706
long_qualifying_2018_2025_top5,1,brake_std,brake,0.015532004270768373,0.012292649387037075
long_qualifying_2018_2025_top5,1,brake_max,brake,0.0,0.0
long_qualifying_2018_2025_top5,1,brake_active_frac,brake,0.06570787023120842,0.01678222816927883
long_qualifying_2018_2025_top5,1,brake_on_count,brake,0.12775133224843255,0.018967556453973872
long_qualifying_2018_2025_top5,1,first_brake_frac_pos,other,0.004861985918589729,0.00917457759807015
long_qualifying_2018_2025_top5,1,last_brake_frac_pos,other,0.01516470932847982,0.013376337543932122
long_qualifying_2018_2025_top5,1,rpm_mean,rpm,0.14425920120706504,0.02380164697371502
long_qualifying_2018_2025_top5,1,rpm_std,rpm,0.16057396010543393,0.025898374859489072
long_qualifying_2018_2025_top5,1,rpm_min,rpm,0.09148155586546514,0.017683897541069447
long_qualifying_2018_2025_top5,1,rpm_max,rpm,0.06463772796543257,0.008075279611184198
long_qualifying_2018_2025_top5,1,gear_mean,gear,0.20639385096561239,0.016518786653013977
long_qualifying_2018_2025_top5,1,gear_std,gear,0.19428183604010074,0.01691776166729888
long_qualifying_2018_2025_top5,1,gear_min,gear,0.008767742404499046,0.007933138340857366
long_qualifying_2018_2025_top5,1,gear_max,gear,0.0,0.0
long_qualifying_2018_2025_top5,1,gear_change_count,gear,0.08192198356044098,0.015920519165779252
long_qualifying_2018_2025_top5,1,speed_diff_mean,speed,0.022224856364901215,0.0137431671040969
long_qualifying_2018_2025_top5,1,speed_diff_std,speed,0.03477474178358446,0.022097499932675818
long_qualifying_2018_2025_top5,1,speed_diff_abs_mean,speed,0.10760267223405409,0.019376394099867484
long_qualifying_2018_2025_top5,1,throttle_diff_mean,throttle,0.006430499347410512,0.0036028711451719726
long_qualifying_2018_2025_top5,1,throttle_diff_std,throttle,0.08695898658911791,0.017512181061007315
long_qualifying_2018_2025_top5,1,throttle_diff_abs_mean,throttle,0.09874771779002009,0.012301195639403477
long_qualifying_2018_2025_top5,1,rpm_diff_mean,rpm,0.004706188472905448,0.011908966858847814
long_qualifying_2018_2025_top5,1,rpm_diff_std,rpm,0.15245478995925554,0.011678520122048883
long_qualifying_2018_2025_top5,1,rpm_diff_abs_mean,rpm,0.012922520645402003,0.009106504158682763
long_qualifying_2018_2025_top5,2,n_samples,other,0.0737673223635551,0.019036331008261062
long_qualifying_2018_2025_top5,2,speed_mean,speed,0.15876600204858332,0.03575477285238096
long_qualifying_2018_2025_top5,2,speed_std,speed,0.15038768865682567,0.027450756587594966
long_qualifying_2018_2025_top5,2,speed_min,speed,0.035168839478967914,0.009290316190894671
long_qualifying_2018_2025_top5,2,speed_max,speed,0.0386085894887386,0.014605473557763633
long_qualifying_2018_2025_top5,2,speed_q10,speed,0.07746212625396003,0.02041437158104536
long_qualifying_2018_2025_top5,2,speed_q50,speed,0.09947472674580371,0.022624904560961355
long_qualifying_2018_2025_top5,2,speed_q90,speed,0.06767869421626878,0.039655144936922584
long_qualifying_2018_2025_top5,2,speed_range,speed,0.019666799440410564,0.0141784002119354
long_qualifying_2018_2025_top5,2,throttle_mean,throttle,0.179227673346894,0.03322302905300937
long_qualifying_2018_2025_top5,2,throttle_std,throttle,0.17994318029966186,0.013541912768706465
long_qualifying_2018_2025_top5,2,throttle_max,throttle,0.007091498704402066,0.0
long_qualifying_2018_2025_top5,2,throttle_zero_frac,throttle,0.13598450496458636,0.046088317770587355
long_qualifying_2018_2025_top5,2,throttle_full_frac,throttle,0.06312269933057812,0.017241916947681655
long_qualifying_2018_2025_top5,2,throttle_mid_frac,throttle,0.037666391574361247,0.03285114181482131
long_qualifying_2018_2025_top5,2,brake_mean,brake,0.05008498537607135,0.010210519426648815
long_qualifying_2018_2025_top5,2,brake_std,brake,0.06311048637560297,0.01926952781867447
long_qualifying_2018_2025_top5,2,brake_max,brake,0.0,0.0
long_qualifying_2018_2025_top5,2,brake_active_frac,brake,0.053016595845495694,0.01982835862440317
long_qualifying_2018_2025_top5,2,brake_on_count,brake,0.11947247356285247,0.03178905513921899
long_qualifying_2018_2025_top5,2,first_brake_frac_pos,other,-0.011256593458874998,0.005761106065394607
long_qualifying_2018_2025_top5,2,last_brake_frac_pos,other,-0.0006823356451917562,0.012776088040348643
long_qualifying_2018_2025_top5,2,rpm_mean,rpm,0.13723484592413757,0.044471434771421146
long_qualifying_2018_2025_top5,2,rpm_std,rpm,0.13406465820993213,0.01968209513440351
long_qualifying_2018_2025_top5,2,rpm_min,rpm,0.05282659553580693,0.018939827102382824
long_qualifying_2018_2025_top5,2,rpm_max,rpm,0.05048440292648961,0.0221293607173105
long_qualifying_2018_2025_top5,2,gear_mean,gear,0.24713266534885464,0.030633571122217432
long_qualifying_2018_2025_top5,2,gear_std,gear,0.10708731415681641,0.03687628484158896
long_qualifying_2018_2025_top5,2,gear_min,gear,-0.006300874890784747,0.02257561733990346
long_qualifying_2018_2025_top5,2,gear_max,gear,-0.0017200827258996964,0.008119269532041203
long_qualifying_2018_2025_top5,2,gear_change_count,gear,0.0730532930247451,0.010676009772687853
long_qualifying_2018_2025_top5,2,speed_diff_mean,speed,0.0279872281596264,0.012279885829812829
long_qualifying_2018_2025_top5,2,speed_diff_std,speed,0.01187056390130472,0.009457917748459294
long_qualifying_2018_2025_top5,2,speed_diff_abs_mean,speed,0.15509120547621777,0.028061714394837668
long_qualifying_2018_2025_top5,2,throttle_diff_mean,throttle,0.001599788007879055,0.006374207069669754
long_qualifying_2018_2025_top5,2,throttle_diff_std,throttle,0.14786025168329064,0.03111499647077404
long_qualifying_2018_2025_top5,2,throttle_diff_abs_mean,throttle,0.14077265318489382,0.03603933115387227
long_qualifying_2018_2025_top5,2,rpm_diff_mean,rpm,0.019045026078276538,0.013401564379929894
long_qualifying_2018_2025_top5,2,rpm_diff_std,rpm,0.20984269476931808,0.03829210457533373
long_qualifying_2018_2025_top5,2,rpm_diff_abs_mean,rpm,0.07272513447452278,0.04397944208894733
long_qualifying_2018_2025_top5,3,n_samples,other,0.07511071576195003,0.012836225399153866
long_qualifying_2018_2025_top5,3,speed_mean,speed,0.092433108571582,0.012576013912766556
long_qualifying_2018_2025_top5,3,speed_std,speed,0.10056049225921074,0.03353190011574983
long_qualifying_2018_2025_top5,3,speed_min,speed,0.021319551055747475,0.016139132581581023
long_qualifying_2018_2025_top5,3,speed_max,speed,-0.003930251941195051,0.006048329998049741
long_qualifying_2018_2025_top5,3,speed_q10,speed,0.01630395310116408,0.013587014912751291
long_qualifying_2018_2025_top5,3,speed_q50,speed,0.057242796366970515,0.01632602596916051
long_qualifying_2018_2025_top5,3,speed_q90,speed,0.016878587304314463,0.012594289033197386
long_qualifying_2018_2025_top5,3,speed_range,speed,0.005870043852786955,0.0033995261258055035
long_qualifying_2018_2025_top5,3,throttle_mean,throttle,0.1167081641501464,0.032589624370809096
long_qualifying_2018_2025_top5,3,throttle_std,throttle,0.10353792471932974,0.019241096666504046
long_qualifying_2018_2025_top5,3,throttle_max,throttle,0.018346311968953356,0.0038124999018020393
long_qualifying_2018_2025_top5,3,throttle_zero_frac,throttle,0.0929728577033567,0.01912697280767141
long_qualifying_2018_2025_top5,3,throttle_full_frac,throttle,0.060076094896894784,0.012783138505433412
long_qualifying_2018_2025_top5,3,throttle_mid_frac,throttle,0.055551164450543686,0.008753211712854581
long_qualifying_2018_2025_top5,3,brake_mean,brake,-0.0010687142259350635,0.020252612319394517
long_qualifying_2018_2025_top5,3,brake_std,brake,0.006540048330495862,0.009025195443025385
long_qualifying_2018_2025_top5,3,brake_max,brake,0.0,0.0
long_qualifying_2018_2025_top5,3,brake_active_frac,brake,-0.007567702888880113,0.007421316853778906
long_qualifying_2018_2025_top5,3,brake_on_count,brake,0.07394988507744864,0.022056078578854586
long_qualifying_2018_2025_top5,3,first_brake_frac_pos,other,-0.012564862682460464,0.005665481544309332
long_qualifying_2018_2025_top5,3,last_brake_frac_pos,other,-0.0014839634463114982,0.005660396935067406
long_qualifying_2018_2025_top5,3,rpm_mean,rpm,0.0733450574160595,0.026042352118379464
long_qualifying_2018_2025_top5,3,rpm_std,rpm,0.11199737585957328,0.02407358920928175
long_qualifying_2018_2025_top5,3,rpm_min,rpm,0.048453848246317446,0.009626465317861268
long_qualifying_2018_2025_top5,3,rpm_max,rpm,0.008227809261670683,0.034003900543760096
long_qualifying_2018_2025_top5,3,gear_mean,gear,0.15426685107175925,0.023160531032027594
long_qualifying_2018_2025_top5,3,gear_std,gear,0.10259515146245199,0.03839693217098925
long_qualifying_2018_2025_top5,3,gear_min,gear,0.00236019808226835,0.0034091235267744904
long_qualifying_2018_2025_top5,3,gear_max,gear,0.002757165852900845,0.006065635321024384
long_qualifying_2018_2025_top5,3,gear_change_count,gear,0.06194735611194182,0.017088604512129985
long_qualifying_2018_2025_top5,3,speed_diff_mean,speed,-0.009332941557042807,0.011300777528324398
long_qualifying_2018_2025_top5,3,speed_diff_std,speed,0.01292959605199786,0.005717681926897326
long_qualifying_2018_2025_top5,3,speed_diff_abs_mean,speed,0.03346532309226291,0.015278044086613653
long_qualifying_2018_2025_top5,3,throttle_diff_mean,throttle,-0.0014152344826230845,0.008107244182353191
long_qualifying_2018_2025_top5,3,throttle_diff_std,throttle,0.1068524073545811,0.017585943992250254
long_qualifying_2018_2025_top5,3,throttle_diff_abs_mean,throttle,0.09200459937308018,0.008868115911426454
long_qualifying_2018_2025_top5,3,rpm_diff_mean,rpm,-0.002474607387457173,0.012241240922209929
long_qualifying_2018_2025_top5,3,rpm_diff_std,rpm,0.13211141536340779,0.023550769857573137
long_qualifying_2018_2025_top5,3,rpm_diff_abs_mean,rpm,0.02746371023660856,0.0046695808861232126
long_qualifying_2018_2025_top5,4,n_samples,other,0.1139755972026039,0.013124018773987384
long_qualifying_2018_2025_top5,4,speed_mean,speed,0.11806223075296238,0.018183874373326598
long_qualifying_2018_2025_top5,4,speed_std,speed,0.08059278799901429,0.022258937833176555
long_qualifying_2018_2025_top5,4,speed_min,speed,0.038084655534376635,0.015586409770854544
long_qualifying_2018_2025_top5,4,speed_max,speed,0.02114351708878879,0.0055343279815153
long_qualifying_2018_2025_top5,4,speed_q10,speed,0.03149931838314542,0.024866473466044745
long_qualifying_2018_2025_top5,4,speed_q50,speed,0.11684679247448522,0.01734771591817865
long_qualifying_2018_2025_top5,4,speed_q90,speed,0.05614479895171727,0.02127966315582922
long_qualifying_2018_2025_top5,4,speed_range,speed,-0.001510821344446378,0.00974048640059065
long_qualifying_2018_2025_top5,4,throttle_mean,throttle,0.16810619325691836,0.022300194872440997
long_qualifying_2018_2025_top5,4,throttle_std,throttle,0.1503675256130694,0.03761325839915124
long_qualifying_2018_2025_top5,4,throttle_max,throttle,0.0033628739156910782,0.011708002007712983
long_qualifying_2018_2025_top5,4,throttle_zero_frac,throttle,0.07977119728781035,0.023274844414571734
long_qualifying_2018_2025_top5,4,throttle_full_frac,throttle,0.09310929207073819,0.024367993768310652
long_qualifying_2018_2025_top5,4,throttle_mid_frac,throttle,0.05681832785436784,0.022099107545877676
long_qualifying_2018_2025_top5,4,brake_mean,brake,0.02826916526620802,0.01978237158803651
long_qualifying_2018_2025_top5,4,brake_std,brake,0.04999833410882881,0.013780849269905797
long_qualifying_2018_2025_top5,4,brake_max,brake,0.0,0.0
long_qualifying_2018_2025_top5,4,brake_active_frac,brake,0.031379908378824185,0.022516072017034507
long_qualifying_2018_2025_top5,4,brake_on_count,brake,0.11043848124582183,0.02266710351484365
long_qualifying_2018_2025_top5,4,first_brake_frac_pos,other,-0.009672989884132921,0.006053169248891851
long_qualifying_2018_2025_top5,4,last_brake_frac_pos,other,0.002559230388811784,0.007844792490345297
long_qualifying_2018_2025_top5,4,rpm_mean,rpm,0.12535113916000007,0.00925967066401171
long_qualifying_2018_2025_top5,4,rpm_std,rpm,0.12577532141044984,0.01067295911840633
long_qualifying_2018_2025_top5,4,rpm_min,rpm,0.04545062676798424,0.017688207663429635
long_qualifying_2018_2025_top5,4,rpm_max,rpm,0.041303197779937365,0.023273278162046364
long_qualifying_2018_2025_top5,4,gear_mean,gear,0.2341680084229892,0.019214766674565308
long_qualifying_2018_2025_top5,4,gear_std,gear,0.12087456933674601,0.014053561649647281
long_qualifying_2018_2025_top5,4,gear_min,gear,0.03416237755935707,0.01636471911905003
long_qualifying_2018_2025_top5,4,gear_max,gear,0.0033397637422785563,0.0039739987712886626
long_qualifying_2018_2025_top5,4,gear_change_count,gear,0.09100923577931327,0.02547938267479182
long_qualifying_2018_2025_top5,4,speed_diff_mean,speed,0.007275884554699763,0.005755077624102293
long_qualifying_2018_2025_top5,4,speed_diff_std,speed,0.02165077194662788,0.02202423358656242
long_qualifying_2018_2025_top5,4,speed_diff_abs_mean,speed,0.09420685212431452,0.01468761801260341
long_qualifying_2018_2025_top5,4,throttle_diff_mean,throttle,-0.0048006264366364125,0.004670571828236328
long_qualifying_2018_2025_top5,4,throttle_diff_std,throttle,0.153426439168909,0.015030124515781352
long_qualifying_2018_2025_top5,4,throttle_diff_abs_mean,throttle,0.1334250885390918,0.0312605305526264
long_qualifying_2018_2025_top5,4,rpm_diff_mean,rpm,-1.3228623860084277e-05,0.0069510199553039975
long_qualifying_2018_2025_top5,4,rpm_diff_std,rpm,0.19090924263012915,0.030763783369642177
long_qualifying_2018_2025_top5,4,rpm_diff_abs_mean,rpm,0.09226487446387277,0.02241481385153065
long_qualifying_2018_2025_top5,5,n_samples,other,0.024453021375170247,0.008477231236846771
long_qualifying_2018_2025_top5,5,speed_mean,speed,0.0702588594498216,0.015887029157201877
long_qualifying_2018_2025_top5,5,speed_std,speed,0.1417615243699217,0.021277588433299913
long_qualifying_2018_2025_top5,5,speed_min,speed,0.027322684364310845,0.011907194788150919
long_qualifying_2018_2025_top5,5,speed_max,speed,-0.02410753224401352,0.006080586764273099
long_qualifying_2018_2025_top5,5,speed_q10,speed,-0.00139143550040981,0.009413446080984371
long_qualifying_2018_2025_top5,5,speed_q50,speed,0.029595097341588272,0.019491281359885766
long_qualifying_2018_2025_top5,5,speed_q90,speed,-0.005393544145537432,0.011083401763467525
long_qualifying_2018_2025_top5,5,speed_range,speed,-0.004548000023315013,0.008037774084693678
long_qualifying_2018_2025_top5,5,throttle_mean,throttle,0.03598808235460345,0.012024252851348723
long_qualifying_2018_2025_top5,5,throttle_std,throttle,0.09985630981647005,0.03197564799416243
long_qualifying_2018_2025_top5,5,throttle_max,throttle,0.0029944882585493993,0.004408524755296768
long_qualifying_2018_2025_top5,5,throttle_zero_frac,throttle,0.08419272747524995,0.03192725350791522
long_qualifying_2018_2025_top5,5,throttle_full_frac,throttle,0.055577055055350245,0.02289498465784926
long_qualifying_2018_2025_top5,5,throttle_mid_frac,throttle,0.030278539676506133,0.024067809320874784
long_qualifying_2018_2025_top5,5,brake_mean,brake,0.010604497317816496,0.012607922351233564
long_qualifying_2018_2025_top5,5,brake_std,brake,0.02192513006893726,0.009361974712873984
long_qualifying_2018_2025_top5,5,brake_max,brake,0.0,0.0
long_qualifying_2018_2025_top5,5,brake_active_frac,brake,0.009811741272538055,0.012846285558690208
long_qualifying_2018_2025_top5,5,brake_on_count,brake,0.07996205199162625,0.035144279423325965
long_qualifying_2018_2025_top5,5,first_brake_frac_pos,other,-0.009628589063970395,0.008439499570548337
long_qualifying_2018_2025_top5,5,last_brake_frac_pos,other,-0.0005916946956747049,0.009239094349655612
long_qualifying_2018_2025_top5,5,rpm_mean,rpm,0.09427567731920043,0.014989467985205323
long_qualifying_2018_2025_top5,5,rpm_std,rpm,0.0924331393093613,0.016555657468468522
long_qualifying_2018_2025_top5,5,rpm_min,rpm,0.02103145275985425,0.020525682153985283
long_qualifying_2018_2025_top5,5,rpm_max,rpm,0.047141552708572454,0.009119978176444546
long_qualifying_2018_2025_top5,5,gear_mean,gear,0.1583426332126483,0.018672366784340096
long_qualifying_2018_2025_top5,5,gear_std,gear,0.11488459494881534,0.010781561886843675
long_qualifying_2018_2025_top5,5,gear_min,gear,-0.003586471387322021,0.005856499178223547
long_qualifying_2018_2025_top5,5,gear_max,gear,-6.132973165706712e-05,0.005121089434872399
long_qualifying_2018_2025_top5,5,gear_change_count,gear,0.08508570397766362,0.02157548448146255
long_qualifying_2018_2025_top5,5,speed_diff_mean,speed,0.004640020696510927,0.003908261188912785
long_qualifying_2018_2025_top5,5,speed_diff_std,speed,0.006237591985117552,0.013568236076518794
long_qualifying_2018_2025_top5,5,speed_diff_abs_mean,speed,0.07446706512681671,0.013170402272539832
long_qualifying_2018_2025_top5,5,throttle_diff_mean,throttle,0.00017230702465220737,0.004805509294859179
long_qualifying_2018_2025_top5,5,throttle_diff_std,throttle,0.10113808088441556,0.02544065057631581
long_qualifying_2018_2025_top5,5,throttle_diff_abs_mean,throttle,0.10065283391556626,0.015425845661825914
long_qualifying_2018_2025_top5,5,rpm_diff_mean,rpm,-0.008693423771306752,0.00905485684649624
long_qualifying_2018_2025_top5,5,rpm_diff_std,rpm,0.13274894791370268,0.015609842956211952
long_qualifying_2018_2025_top5,5,rpm_diff_abs_mean,rpm,0.008548518313187526,0.014628433540199826
race_2025_clean_laps_top5,1,n_samples,other,0.04111878901701773,0.0041864702763171925
race_2025_clean_laps_top5,1,speed_mean,speed,0.06300093902036333,0.007896875589691859
race_2025_clean_laps_top5,1,speed_std,speed,0.07955170565548564,0.011665646619200044
race_2025_clean_laps_top5,1,speed_min,speed,0.055200009723468835,0.008982005548318172
race_2025_clean_laps_top5,1,speed_max,speed,0.020769038403009366,0.0057592511469929265
race_2025_clean_laps_top5,1,speed_q10,speed,0.010148430495648642,0.0036467537682570105
race_2025_clean_laps_top5,1,speed_q50,speed,0.04451159263040254,0.007356413937886738
race_2025_clean_laps_top5,1,speed_q90,speed,0.0004481433502671273,0.001738703397741803
race_2025_clean_laps_top5,1,speed_range,speed,-0.0004831355462639131,0.001951553614610806
race_2025_clean_laps_top5,1,throttle_mean,throttle,0.1756484209770165,0.008142056031340357
race_2025_clean_laps_top5,1,throttle_std,throttle,0.1358564422938459,0.008881376598005463
race_2025_clean_laps_top5,1,throttle_max,throttle,0.00023137633852534644,0.001544934138418653
race_2025_clean_laps_top5,1,throttle_zero_frac,throttle,0.08321397403055672,0.008644727579763933
race_2025_clean_laps_top5,1,throttle_full_frac,throttle,0.07223021950181412,0.004674835671345908
race_2025_clean_laps_top5,1,throttle_mid_frac,throttle,0.10003661278869344,0.013823314681897538
race_2025_clean_laps_top5,1,brake_mean,brake,0.011207050212422742,0.005592555016476611
race_2025_clean_laps_top5,1,brake_std,brake,0.06159163340022009,0.004630381422034878
race_2025_clean_laps_top5,1,brake_max,brake,0.0,0.0
race_2025_clean_laps_top5,1,brake_active_frac,brake,0.01715107433587848,0.007050405721216053
race_2025_clean_laps_top5,1,brake_on_count,brake,0.07193522093715672,0.007671820547003982
race_2025_clean_laps_top5,1,first_brake_frac_pos,other,0.0003482330251739274,0.002329741670628405
race_2025_clean_laps_top5,1,last_brake_frac_pos,other,-0.006851397071872323,0.004416402414681817
race_2025_clean_laps_top5,1,rpm_mean,rpm,0.06048634108911888,0.005405533644799937
race_2025_clean_laps_top5,1,rpm_std,rpm,0.11412304067442265,0.005768256498647996
race_2025_clean_laps_top5,1,rpm_min,rpm,0.007701381780953076,0.00875581272888483
race_2025_clean_laps_top5,1,rpm_max,rpm,0.011691213728683958,0.004957799487771039
race_2025_clean_laps_top5,1,gear_mean,gear,0.2071887412418035,0.006091154524649428
race_2025_clean_laps_top5,1,gear_std,gear,0.10466936205378712,0.007476919213203577
race_2025_clean_laps_top5,1,gear_min,gear,-0.004041297100961483,0.0030332482591815045
race_2025_clean_laps_top5,1,gear_max,gear,0.0,0.0
race_2025_clean_laps_top5,1,gear_change_count,gear,0.06600476354458147,0.010066734882720333
race_2025_clean_laps_top5,1,speed_diff_mean,speed,-0.000910278585324642,0.002860990335495497
race_2025_clean_laps_top5,1,speed_diff_std,speed,0.01762332756133391,0.006522267172073062
race_2025_clean_laps_top5,1,speed_diff_abs_mean,speed,0.010777031250437918,0.0029052944776055464
race_2025_clean_laps_top5,1,throttle_diff_mean,throttle,0.0023804312116589175,0.0023615546813785205
race_2025_clean_laps_top5,1,throttle_diff_std,throttle,0.10493319536092453,0.008170301450107683
race_2025_clean_laps_top5,1,throttle_diff_abs_mean,throttle,0.13627739004217615,0.013111864183067859
race_2025_clean_laps_top5,1,rpm_diff_mean,rpm,0.0002790602296032452,0.0010604864969748912
race_2025_clean_laps_top5,1,rpm_diff_std,rpm,0.0025578774028482965,0.00532521095719621
race_2025_clean_laps_top5,1,rpm_diff_abs_mean,rpm,0.009330906444158038,0.002836525800957595
race_2025_clean_laps_top5,2,n_samples,other,0.02871668206629816,0.004886790222430027
race_2025_clean_laps_top5,2,speed_mean,speed,0.018010215764612682,0.012104464716819436
race_2025_clean_laps_top5,2,speed_std,speed,0.048529057566610655,0.00867923744493927
race_2025_clean_laps_top5,2,speed_min,speed,0.01454035181050437,0.0025853950841675916
race_2025_clean_laps_top5,2,speed_max,speed,0.004041207009312075,0.004640234155901589
race_2025_clean_laps_top5,2,speed_q10,speed,0.04480987566196304,0.009648326298373854
race_2025_clean_laps_top5,2,speed_q50,speed,0.0222564447701435,0.005000789076648708
race_2025_clean_laps_top5,2,speed_q90,speed,0.015118471091475794,0.004228635826651836
race_2025_clean_laps_top5,2,speed_range,speed,-0.0018130488692570169,0.0016361933282057668
race_2025_clean_laps_top5,2,throttle_mean,throttle,0.10149523623661971,0.013120330069200874
race_2025_clean_laps_top5,2,throttle_std,throttle,0.12704377447983253,0.012952853389257502
race_2025_clean_laps_top5,2,throttle_max,throttle,-0.00017853738195190428,0.00039922172256930203
race_2025_clean_laps_top5,2,throttle_zero_frac,throttle,0.09423562367293359,0.011624916041290213
race_2025_clean_laps_top5,2,throttle_full_frac,throttle,0.08563407098323798,0.007483568976831637
race_2025_clean_laps_top5,2,throttle_mid_frac,throttle,0.059245830852657666,0.011553149828746442
race_2025_clean_laps_top5,2,brake_mean,brake,0.038250947156821,0.009477058230461296
race_2025_clean_laps_top5,2,brake_std,brake,0.028553567258567725,0.005563208193714727
race_2025_clean_laps_top5,2,brake_max,brake,0.0,0.0
race_2025_clean_laps_top5,2,brake_active_frac,brake,0.03919734955237673,0.008686893741612543
race_2025_clean_laps_top5,2,brake_on_count,brake,0.04768246558254263,0.0037720550921745357
race_2025_clean_laps_top5,2,first_brake_frac_pos,other,0.008207933457457229,0.004231220663910544
race_2025_clean_laps_top5,2,last_brake_frac_pos,other,-0.005150894963516417,0.006343278436661943
race_2025_clean_laps_top5,2,rpm_mean,rpm,0.049046126059911654,0.008302190932214718
race_2025_clean_laps_top5,2,rpm_std,rpm,0.07706522886621436,0.006575616130885094
race_2025_clean_laps_top5,2,rpm_min,rpm,0.023727100560627545,0.005293497724890381
race_2025_clean_laps_top5,2,rpm_max,rpm,0.013536571925346675,0.004435287305997947
race_2025_clean_laps_top5,2,gear_mean,gear,0.12450076130525282,0.008867008875690295
race_2025_clean_laps_top5,2,gear_std,gear,0.06334796036663559,0.008178693577717933
race_2025_clean_laps_top5,2,gear_min,gear,0.019277634711866054,0.007110075344628922
race_2025_clean_laps_top5,2,gear_max,gear,0.0003499633158917881,0.0004852473229657515
race_2025_clean_laps_top5,2,gear_change_count,gear,0.027377765712652158,0.002345474582480519
race_2025_clean_laps_top5,2,speed_diff_mean,speed,-0.0030732290021318943,0.0027547546448458016
race_2025_clean_laps_top5,2,speed_diff_std,speed,-0.0002248573315554836,0.012303080494438904
race_2025_clean_laps_top5,2,speed_diff_abs_mean,speed,0.028715457546723555,0.008231660432748622
race_2025_clean_laps_top5,2,throttle_diff_mean,throttle,0.0009215483393113066,5.9663490066060914e-05
race_2025_clean_laps_top5,2,throttle_diff_std,throttle,0.014551796040766996,0.007562566495782824
race_2025_clean_laps_top5,2,throttle_diff_abs_mean,throttle,0.055396059906365466,0.005496259595986071
race_2025_clean_laps_top5,2,rpm_diff_mean,rpm,-0.0003289868780950389,0.0017660819894829746
race_2025_clean_laps_top5,2,rpm_diff_std,rpm,0.025148494225263617,0.003922840047024534
race_2025_clean_laps_top5,2,rpm_diff_abs_mean,rpm,0.04531193770917112,0.0042063979023483035
race_2025_clean_laps_top5,3,n_samples,other,-0.0043957331974622035,0.0021448393568398645
race_2025_clean_laps_top5,3,speed_mean,speed,0.2199751007908019,0.008138066407870386
race_2025_clean_laps_top5,3,speed_std,speed,0.11092068850391519,0.014268131111500071
race_2025_clean_laps_top5,3,speed_min,speed,0.0018468699985334514,0.006740213791845262
race_2025_clean_laps_top5,3,speed_max,speed,-0.0017095991626455253,0.004116350117710547
race_2025_clean_laps_top5,3,speed_q10,speed,0.07904381079890684,0.006420954533237833
race_2025_clean_laps_top5,3,speed_q50,speed,0.23063696476722284,0.008052502619124017
race_2025_clean_laps_top5,3,speed_q90,speed,0.08461326483496348,0.004013111969077673
race_2025_clean_laps_top5,3,speed_range,speed,-0.0004773177918412586,0.0021228948564768696
race_2025_clean_laps_top5,3,throttle_mean,throttle,0.25671850337544844,0.006021722170285917
race_2025_clean_laps_top5,3,throttle_std,throttle,0.1937768534863411,0.015361000322047694
race_2025_clean_laps_top5,3,throttle_max,throttle,-0.001984616781149673,0.00020804448107513183
race_2025_clean_laps_top5,3,throttle_zero_frac,throttle,0.16093447309541578,0.010498022419859369
race_2025_clean_laps_top5,3,throttle_full_frac,throttle,0.18376838015064176,0.008661517629305263
race_2025_clean_laps_top5,3,throttle_mid_frac,throttle,0.11657045414103977,0.002518514412807021
race_2025_clean_laps_top5,3,brake_mean,brake,0.0525403876464112,0.004497267579035648
race_2025_clean_laps_top5,3,brake_std,brake,0.13684224793818373,0.009109018691487942
race_2025_clean_laps_top5,3,brake_max,brake,0.0,0.0
race_2025_clean_laps_top5,3,brake_active_frac,brake,0.05154696252842317,0.009687752701118303
race_2025_clean_laps_top5,3,brake_on_count,brake,0.05059356979553018,0.006599026121096399
race_2025_clean_laps_top5,3,first_brake_frac_pos,other,-0.028400756507776494,0.0029854111914564547
race_2025_clean_laps_top5,3,last_brake_frac_pos,other,0.001110421276621132,0.0022262128419871085
race_2025_clean_laps_top5,3,rpm_mean,rpm,0.19200848490359845,0.01300392515075351
race_2025_clean_laps_top5,3,rpm_std,rpm,0.10371980032260394,0.006472179136696037
race_2025_clean_laps_top5,3,rpm_min,rpm,0.0005602484291130416,0.004990986479588933
race_2025_clean_laps_top5,3,rpm_max,rpm,0.005187774397605427,0.006043132216687292
race_2025_clean_laps_top5,3,gear_mean,gear,0.3715352652270621,0.011555247422006745
race_2025_clean_laps_top5,3,gear_std,gear,0.03842815757374052,0.01351947652493399
race_2025_clean_laps_top5,3,gear_min,gear,0.01640490766238758,0.0038659449106518153
race_2025_clean_laps_top5,3,gear_max,gear,0.05744201999524945,0.010752769668533021
race_2025_clean_laps_top5,3,gear_change_count,gear,0.007517106142437768,0.006873565438026747
race_2025_clean_laps_top5,3,speed_diff_mean,speed,0.00434255639107497,0.0017779862418966091
race_2025_clean_laps_top5,3,speed_diff_std,speed,0.04222695423056555,0.00429158029774541
race_2025_clean_laps_top5,3,speed_diff_abs_mean,speed,0.07274135692572122,0.007919119846825971
race_2025_clean_laps_top5,3,throttle_diff_mean,throttle,-0.0009690328220035349,0.0015331268965073919
race_2025_clean_laps_top5,3,throttle_diff_std,throttle,0.05345685541613103,0.009419052136631906
race_2025_clean_laps_top5,3,throttle_diff_abs_mean,throttle,0.1760647988869602,0.007882409483230038
race_2025_clean_laps_top5,3,rpm_diff_mean,rpm,0.005416791009261535,0.005586831633120767
race_2025_clean_laps_top5,3,rpm_diff_std,rpm,0.05490844067817811,0.007846365022064197
race_2025_clean_laps_top5,3,rpm_diff_abs_mean,rpm,0.05130379585025084,0.006888897332717199
race_2025_clean_laps_top5,4,n_samples,other,0.056951417840885935,0.006870557803451829
race_2025_clean_laps_top5,4,speed_mean,speed,0.04099138656998291,0.012633901443839989
race_2025_clean_laps_top5,4,speed_std,speed,0.19766634899822752,0.008304643588749574
race_2025_clean_laps_top5,4,speed_min,speed,0.02877613287555043,0.003609773532726685
race_2025_clean_laps_top5,4,speed_max,speed,0.013651357434728829,0.005619050993925872
race_2025_clean_laps_top5,4,speed_q10,speed,0.11637322772007959,0.009638090541319713
race_2025_clean_laps_top5,4,speed_q50,speed,0.005605463656930399,0.0038545584184686574
race_2025_clean_laps_top5,4,speed_q90,speed,-0.004018034447884111,0.004649101981570316
race_2025_clean_laps_top5,4,speed_range,speed,-0.005788156028476976,0.0033008047837678168
race_2025_clean_laps_top5,4,throttle_mean,throttle,0.17411471137668472,0.013799586879184613
race_2025_clean_laps_top5,4,throttle_std,throttle,0.11489886323436468,0.009492206870613836
race_2025_clean_laps_top5,4,throttle_max,throttle,0.0007603687469301512,0.001777479726193187
race_2025_clean_laps_top5,4,throttle_zero_frac,throttle,0.140060418314449,0.006509313650544754
race_2025_clean_laps_top5,4,throttle_full_frac,throttle,0.05333274544261728,0.007713617757870535
race_2025_clean_laps_top5,4,throttle_mid_frac,throttle,0.13086986128224834,0.013377279682478718
race_2025_clean_laps_top5,4,brake_mean,brake,0.0020918130798631917,0.006700410578573268
race_2025_clean_laps_top5,4,brake_std,brake,0.004950674337915628,0.004321162144917969
race_2025_clean_laps_top5,4,brake_max,brake,0.0,0.0
race_2025_clean_laps_top5,4,brake_active_frac,brake,0.0031559957865219925,0.004088553706236474
race_2025_clean_laps_top5,4,brake_on_count,brake,0.060668770374028444,0.007970505617018309
race_2025_clean_laps_top5,4,first_brake_frac_pos,other,-0.005329653492696429,0.0030830810314280014
race_2025_clean_laps_top5,4,last_brake_frac_pos,other,0.0003811783920864009,0.0030604620301715275
race_2025_clean_laps_top5,4,rpm_mean,rpm,0.11898575630178938,0.014766429604364226
race_2025_clean_laps_top5,4,rpm_std,rpm,0.11023501047468501,0.02009250025589864
race_2025_clean_laps_top5,4,rpm_min,rpm,0.062105153518276966,0.005783128764317867
race_2025_clean_laps_top5,4,rpm_max,rpm,0.002730476503011303,0.004319874541680189
race_2025_clean_laps_top5,4,gear_mean,gear,0.14618436087404124,0.011845896261243927
race_2025_clean_laps_top5,4,gear_std,gear,0.17029809470843743,0.004728344544614469
race_2025_clean_laps_top5,4,gear_min,gear,-0.001595331857731619,0.0014461249804674542
race_2025_clean_laps_top5,4,gear_max,gear,0.0,0.0
race_2025_clean_laps_top5,4,gear_change_count,gear,0.03033885320527352,0.005370796558854099
race_2025_clean_laps_top5,4,speed_diff_mean,speed,0.004512732664443986,0.0015866269185503237
race_2025_clean_laps_top5,4,speed_diff_std,speed,-0.0054968497538982804,0.006538143509089134
race_2025_clean_laps_top5,4,speed_diff_abs_mean,speed,0.025717739473788637,0.0052074324879929175
race_2025_clean_laps_top5,4,throttle_diff_mean,throttle,-0.0002959417901726047,0.0006617459602089233
race_2025_clean_laps_top5,4,throttle_diff_std,throttle,0.07758675130494466,0.005984757098374688
race_2025_clean_laps_top5,4,throttle_diff_abs_mean,throttle,0.12431880211691518,0.00969718455248924
race_2025_clean_laps_top5,4,rpm_diff_mean,rpm,-0.0008158962886039012,0.0027069849724095578
race_2025_clean_laps_top5,4,rpm_diff_std,rpm,-0.0018073863503688115,0.0032461706863087005
race_2025_clean_laps_top5,4,rpm_diff_abs_mean,rpm,0.018593056980466628,0.010268073611708915
race_2025_clean_laps_top5,5,n_samples,other,0.04531127663916081,0.010181235243897524
race_2025_clean_laps_top5,5,speed_mean,speed,0.014958427239508377,0.004016067995332534
race_2025_clean_laps_top5,5,speed_std,speed,0.16232635207435267,0.014184930606049433
race_2025_clean_laps_top5,5,speed_min,speed,0.005920151779859895,0.005335664479149204
race_2025_clean_laps_top5,5,speed_max,speed,0.04646400147354766,0.011079792970596785
race_2025_clean_laps_top5,5,speed_q10,speed,-0.0011112698782087538,0.004234002775021428
race_2025_clean_laps_top5,5,speed_q50,speed,0.006298810666378785,0.006247842924579502
race_2025_clean_laps_top5,5,speed_q90,speed,0.055902473494578955,0.015055992299306433
race_2025_clean_laps_top5,5,speed_range,speed,0.01595346672106677,0.0029499390868384275
race_2025_clean_laps_top5,5,throttle_mean,throttle,0.07418483491086936,0.008897054904768494
race_2025_clean_laps_top5,5,throttle_std,throttle,0.042633830696960695,0.007876836028279094
race_2025_clean_laps_top5,5,throttle_max,throttle,0.0,0.0
race_2025_clean_laps_top5,5,throttle_zero_frac,throttle,0.12934598013975993,0.005991689160551106
race_2025_clean_laps_top5,5,throttle_full_frac,throttle,0.08320011181983637,0.01139950768666329
race_2025_clean_laps_top5,5,throttle_mid_frac,throttle,0.1210930566238699,0.01163782853901102
race_2025_clean_laps_top5,5,brake_mean,brake,0.018529635296356494,0.006744943769643918
race_2025_clean_laps_top5,5,brake_std,brake,0.01098803286170027,0.008583757041734174
race_2025_clean_laps_top5,5,brake_max,brake,0.0,0.0
race_2025_clean_laps_top5,5,brake_active_frac,brake,0.018442894329272975,0.007591794921917732
race_2025_clean_laps_top5,5,brake_on_count,brake,0.08808679868541289,0.009476009767187574
race_2025_clean_laps_top5,5,first_brake_frac_pos,other,0.0010634745733024919,0.001670485917530173
race_2025_clean_laps_top5,5,last_brake_frac_pos,other,0.0012094119558123451,0.006719445519941
race_2025_clean_laps_top5,5,rpm_mean,rpm,0.07698408278640315,0.013331747476369017
race_2025_clean_laps_top5,5,rpm_std,rpm,0.07144786347434792,0.009325102340459582
race_2025_clean_laps_top5,5,rpm_min,rpm,0.014374157161493085,0.004153314797876096
race_2025_clean_laps_top5,5,rpm_max,rpm,0.01233284135607513,0.006382295136496425
race_2025_clean_laps_top5,5,gear_mean,gear,0.15848103947368758,0.01306829571458099
race_2025_clean_laps_top5,5,gear_std,gear,0.18266181396866993,0.016325733704031155
race_2025_clean_laps_top5,5,gear_min,gear,0.004182416594663096,0.0016799401238463485
race_2025_clean_laps_top5,5,gear_max,gear,0.013480347114680446,0.006239395219535344
race_2025_clean_laps_top5,5,gear_change_count,gear,0.1308229538590052,0.01224044786926345
race_2025_clean_laps_top5,5,speed_diff_mean,speed,0.002713446095600558,0.0020363459963888128
race_2025_clean_laps_top5,5,speed_diff_std,speed,0.01899723602027603,0.006141489392484539
race_2025_clean_laps_top5,5,speed_diff_abs_mean,speed,0.040025643354334825,0.010609012449535733
race_2025_clean_laps_top5,5,throttle_diff_mean,throttle,0.00023241420354938035,0.0006890266194208637
race_2025_clean_laps_top5,5,throttle_diff_std,throttle,0.11345702239804697,0.0158089527928484
race_2025_clean_laps_top5,5,throttle_diff_abs_mean,throttle,0.1214413501869737,0.014033605828272493
race_2025_clean_laps_top5,5,rpm_diff_mean,rpm,5.651734930727237e-05,0.003973190239733959
race_2025_clean_laps_top5,5,rpm_diff_std,rpm,0.005616356437869552,0.0018958314803727088
race_2025_clean_laps_top5,5,rpm_diff_abs_mean,rpm,0.011569170280065499,0.004312412370592437
