dataset,model,context_type,context_value,n_samples,accuracy,macro_f1
long_qualifying_2018_2025_top5,cnn,season,2018,85,0.7058823529411765,0.6913029416976786
long_qualifying_2018_2025_top5,cnn,season,2019,82,0.9878048780487805,0.9878048780487805
long_qualifying_2018_2025_top5,cnn,season,2020,74,0.8918918918918919,0.8884698097601325
long_qualifying_2018_2025_top5,cnn,season,2021,100,0.85,0.8479143595422665
long_qualifying_2018_2025_top5,cnn,season,2022,84,0.9166666666666666,0.9163273147096677
long_qualifying_2018_2025_top5,cnn,season,2023,75,0.9333333333333333,0.9327188940092167
long_qualifying_2018_2025_top5,cnn,season,2024,88,0.9090909090909091,0.9085061202708262
long_qualifying_2018_2025_top5,cnn,season,2025,110,0.6636363636363637,0.6384276859239378
long_qualifying_2018_2025_top5,gru,season,2018,85,0.29411764705882354,0.26035886818495513
long_qualifying_2018_2025_top5,gru,season,2019,82,0.35365853658536583,0.3052894392429276
long_qualifying_2018_2025_top5,gru,season,2020,74,0.4189189189189189,0.4161066679911908
long_qualifying_2018_2025_top5,gru,season,2021,100,0.34,0.3233474945533769
long_qualifying_2018_2025_top5,gru,season,2022,84,0.2619047619047619,0.26725718459951464
long_qualifying_2018_2025_top5,gru,season,2023,75,0.25333333333333335,0.21500000000000002
long_qualifying_2018_2025_top5,gru,season,2024,88,0.3068181818181818,0.2974529914529914
long_qualifying_2018_2025_top5,gru,season,2025,110,0.21818181818181817,0.1892559551926581
long_qualifying_2018_2025_top5,hybrid_cnn_tabular,season,2018,85,0.7529411764705882,0.7363492971144885
long_qualifying_2018_2025_top5,hybrid_cnn_tabular,season,2019,82,0.9878048780487805,0.9877757901013715
long_qualifying_2018_2025_top5,hybrid_cnn_tabular,season,2020,74,0.9594594594594594,0.9604152762328514
long_qualifying_2018_2025_top5,hybrid_cnn_tabular,season,2021,100,0.95,0.9503919907102281
long_qualifying_2018_2025_top5,hybrid_cnn_tabular,season,2022,84,0.9523809523809523,0.953513071895425
long_qualifying_2018_2025_top5,hybrid_cnn_tabular,season,2023,75,0.9333333333333333,0.9336712749615976
long_qualifying_2018_2025_top5,hybrid_cnn_tabular,season,2024,88,0.9090909090909091,0.9073815751235106
long_qualifying_2018_2025_top5,hybrid_cnn_tabular,season,2025,110,0.8363636363636363,0.8294603876366795
long_qualifying_2018_2025_top5,lstm,season,2018,85,0.32941176470588235,0.3197368421052632
long_qualifying_2018_2025_top5,lstm,season,2019,82,0.36585365853658536,0.29152536364812576
long_qualifying_2018_2025_top5,lstm,season,2020,74,0.3918918918918919,0.36046659597030756
long_qualifying_2018_2025_top5,lstm,season,2021,100,0.34,0.34481914504932404
long_qualifying_2018_2025_top5,lstm,season,2022,84,0.2857142857142857,0.28372088991457833
long_qualifying_2018_2025_top5,lstm,season,2023,75,0.3333333333333333,0.3430508248180057
long_qualifying_2018_2025_top5,lstm,season,2024,88,0.3522727272727273,0.34571186010485133
long_qualifying_2018_2025_top5,lstm,season,2025,110,0.24545454545454545,0.25148629148629154
long_qualifying_2018_2025_top5,cnn,round,1,37,0.9459459459459459,0.946184012066365
long_qualifying_2018_2025_top5,cnn,round,2,33,0.8787878787878788,0.8824775224775225
long_qualifying_2018_2025_top5,cnn,round,3,29,0.8275862068965517,0.8223310023310024
long_qualifying_2018_2025_top5,cnn,round,4,34,0.8823529411764706,0.8813186813186814
long_qualifying_2018_2025_top5,cnn,round,5,38,0.8947368421052632,0.8969059011164274
long_qualifying_2018_2025_top5,cnn,round,6,38,0.7105263157894737,0.7182905982905983
long_qualifying_2018_2025_top5,cnn,round,7,34,0.8529411764705882,0.8533333333333335
long_qualifying_2018_2025_top5,cnn,round,8,34,0.7647058823529411,0.7587662337662338
long_qualifying_2018_2025_top5,cnn,round,9,29,0.8275862068965517,0.82012987012987
long_qualifying_2018_2025_top5,cnn,round,10,29,0.7931034482758621,0.7887878787878788
long_qualifying_2018_2025_top5,cnn,round,11,37,0.9459459459459459,0.9415686274509805
long_qualifying_2018_2025_top5,cnn,round,12,19,0.8421052631578947,0.8317460317460317
long_qualifying_2018_2025_top5,cnn,round,13,24,0.8333333333333334,0.8425396825396826
long_qualifying_2018_2025_top5,cnn,round,14,28,0.8928571428571429,0.8831002331002331
long_qualifying_2018_2025_top5,cnn,round,15,34,0.8823529411764706,0.8808058608058609
long_qualifying_2018_2025_top5,cnn,round,16,38,0.8947368421052632,0.8912393162393162
long_qualifying_2018_2025_top5,cnn,round,17,24,0.875,0.8695959595959597
long_qualifying_2018_2025_top5,cnn,round,18,34,0.7941176470588235,0.7833333333333333
long_qualifying_2018_2025_top5,cnn,round,19,34,0.9117647058823529,0.9093772893772893
long_qualifying_2018_2025_top5,cnn,round,20,28,0.7857142857142857,0.767092907092907
long_qualifying_2018_2025_top5,cnn,round,21,24,0.7916666666666666,0.7757575757575758
long_qualifying_2018_2025_top5,cnn,round,22,20,0.9,0.8984126984126984
long_qualifying_2018_2025_top5,cnn,round,23,10,0.6,0.5533333333333333
long_qualifying_2018_2025_top5,cnn,round,24,9,0.7777777777777778,0.6533333333333333
long_qualifying_2018_2025_top5,gru,round,1,37,0.2702702702702703,0.24330400782013686
long_qualifying_2018_2025_top5,gru,round,2,33,0.30303030303030304,0.29444444444444445
long_qualifying_2018_2025_top5,gru,round,3,29,0.2413793103448276,0.17744360902255638
long_qualifying_2018_2025_top5,gru,round,4,34,0.2647058823529412,0.23399999999999999
long_qualifying_2018_2025_top5,gru,round,5,38,0.2894736842105263,0.29615384615384616
long_qualifying_2018_2025_top5,gru,round,6,38,0.3157894736842105,0.2898425246251334
long_qualifying_2018_2025_top5,gru,round,7,34,0.38235294117647056,0.3701587301587302
long_qualifying_2018_2025_top5,gru,round,8,34,0.35294117647058826,0.35666438824333563
long_qualifying_2018_2025_top5,gru,round,9,29,0.20689655172413793,0.18888888888888888
long_qualifying_2018_2025_top5,gru,round,10,29,0.1724137931034483,0.14444444444444443
long_qualifying_2018_2025_top5,gru,round,11,37,0.2972972972972973,0.26777222777222776
long_qualifying_2018_2025_top5,gru,round,12,19,0.2631578947368421,0.2253968253968254
long_qualifying_2018_2025_top5,gru,round,13,24,0.375,0.38095238095238093
long_qualifying_2018_2025_top5,gru,round,14,28,0.42857142857142855,0.4321778221778222
long_qualifying_2018_2025_top5,gru,round,15,34,0.29411764705882354,0.29646464646464643
long_qualifying_2018_2025_top5,gru,round,16,38,0.3157894736842105,0.2988244766505636
long_qualifying_2018_2025_top5,gru,round,17,24,0.375,0.34111111111111103
long_qualifying_2018_2025_top5,gru,round,18,34,0.3235294117647059,0.2947008547008547
long_qualifying_2018_2025_top5,gru,round,19,34,0.23529411764705882,0.22705882352941176
long_qualifying_2018_2025_top5,gru,round,20,28,0.42857142857142855,0.4416161616161617
long_qualifying_2018_2025_top5,gru,round,21,24,0.2916666666666667,0.32630036630036624
long_qualifying_2018_2025_top5,gru,round,22,20,0.35,0.32
long_qualifying_2018_2025_top5,gru,round,23,10,0.3,0.24666666666666667
long_qualifying_2018_2025_top5,gru,round,24,9,0.0,0.0
long_qualifying_2018_2025_top5,hybrid_cnn_tabular,round,1,37,0.972972972972973,0.9749019607843138
long_qualifying_2018_2025_top5,hybrid_cnn_tabular,round,2,33,0.8484848484848485,0.8501831501831502
long_qualifying_2018_2025_top5,hybrid_cnn_tabular,round,3,29,0.9310344827586207,0.9288267288267289
long_qualifying_2018_2025_top5,hybrid_cnn_tabular,round,4,34,0.9411764705882353,0.937948717948718
long_qualifying_2018_2025_top5,hybrid_cnn_tabular,round,5,38,0.9210526315789473,0.92116458704694
long_qualifying_2018_2025_top5,hybrid_cnn_tabular,round,6,38,0.9210526315789473,0.924705882352941
long_qualifying_2018_2025_top5,hybrid_cnn_tabular,round,7,34,0.9117647058823529,0.9098901098901099
long_qualifying_2018_2025_top5,hybrid_cnn_tabular,round,8,34,0.7352941176470589,0.7221861471861472
long_qualifying_2018_2025_top5,hybrid_cnn_tabular,round,9,29,0.9655172413793104,0.9664335664335665
long_qualifying_2018_2025_top5,hybrid_cnn_tabular,round,10,29,0.8275862068965517,0.8217948717948719
long_qualifying_2018_2025_top5,hybrid_cnn_tabular,round,11,37,0.8918918918918919,0.8961344537815126
long_qualifying_2018_2025_top5,hybrid_cnn_tabular,round,12,19,0.8421052631578947,0.8406349206349206
long_qualifying_2018_2025_top5,hybrid_cnn_tabular,round,13,24,1.0,1.0
long_qualifying_2018_2025_top5,hybrid_cnn_tabular,round,14,28,0.8928571428571429,0.8926961926961926
long_qualifying_2018_2025_top5,hybrid_cnn_tabular,round,15,34,0.9411764705882353,0.937948717948718
long_qualifying_2018_2025_top5,hybrid_cnn_tabular,round,16,38,0.9210526315789473,0.9149321266968327
long_qualifying_2018_2025_top5,hybrid_cnn_tabular,round,17,24,0.9166666666666666,0.9155555555555555
long_qualifying_2018_2025_top5,hybrid_cnn_tabular,round,18,34,0.9117647058823529,0.9128621378621379
long_qualifying_2018_2025_top5,hybrid_cnn_tabular,round,19,34,0.9411764705882353,0.9405128205128206
long_qualifying_2018_2025_top5,hybrid_cnn_tabular,round,20,28,0.9285714285714286,0.9192307692307693
long_qualifying_2018_2025_top5,hybrid_cnn_tabular,round,21,24,0.9583333333333334,0.9595959595959596
long_qualifying_2018_2025_top5,hybrid_cnn_tabular,round,22,20,0.95,0.9492063492063492
long_qualifying_2018_2025_top5,hybrid_cnn_tabular,round,23,10,0.7,0.6266666666666666
long_qualifying_2018_2025_top5,hybrid_cnn_tabular,round,24,9,0.7777777777777778,0.6533333333333333
long_qualifying_2018_2025_top5,lstm,round,1,37,0.24324324324324326,0.2141467727674624
long_qualifying_2018_2025_top5,lstm,round,2,33,0.42424242424242425,0.3980859010270775
long_qualifying_2018_2025_top5,lstm,round,3,29,0.27586206896551724,0.24294068504594818
long_qualifying_2018_2025_top5,lstm,round,4,34,0.35294117647058826,0.3622236586942469
long_qualifying_2018_2025_top5,lstm,round,5,38,0.34210526315789475,0.315153452685422
long_qualifying_2018_2025_top5,lstm,round,6,38,0.2631578947368421,0.22664224664224664
long_qualifying_2018_2025_top5,lstm,round,7,34,0.35294117647058826,0.3183304414883362
long_qualifying_2018_2025_top5,lstm,round,8,34,0.29411764705882354,0.2833155080213904
long_qualifying_2018_2025_top5,lstm,round,9,29,0.2413793103448276,0.1987301587301587
long_qualifying_2018_2025_top5,lstm,round,10,29,0.27586206896551724,0.2662237762237762
long_qualifying_2018_2025_top5,lstm,round,11,37,0.40540540540540543,0.4149816849816849
long_qualifying_2018_2025_top5,lstm,round,12,19,0.2631578947368421,0.22380952380952382
long_qualifying_2018_2025_top5,lstm,round,13,24,0.2916666666666667,0.2715873015873016
long_qualifying_2018_2025_top5,lstm,round,14,28,0.42857142857142855,0.39887955182072826
long_qualifying_2018_2025_top5,lstm,round,15,34,0.4411764705882353,0.3907843137254902
long_qualifying_2018_2025_top5,lstm,round,16,38,0.39473684210526316,0.40391713549608294
long_qualifying_2018_2025_top5,lstm,round,17,24,0.3333333333333333,0.34303030303030296
long_qualifying_2018_2025_top5,lstm,round,18,34,0.20588235294117646,0.20047619047619047
long_qualifying_2018_2025_top5,lstm,round,19,34,0.4117647058823529,0.4238961038961039
long_qualifying_2018_2025_top5,lstm,round,20,28,0.2857142857142857,0.2741235888294712
long_qualifying_2018_2025_top5,lstm,round,21,24,0.3333333333333333,0.3416161616161616
long_qualifying_2018_2025_top5,lstm,round,22,20,0.35,0.2871428571428571
long_qualifying_2018_2025_top5,lstm,round,23,10,0.3,0.26
long_qualifying_2018_2025_top5,lstm,round,24,9,0.1111111111111111,0.05
race_2025_clean_laps_top5,cnn,season,2025,4334,0.8497923396400554,0.8499692222215847
race_2025_clean_laps_top5,gru,season,2025,4334,0.5752191970466082,0.5863949344232947
race_2025_clean_laps_top5,hybrid_cnn_tabular,season,2025,4334,0.8527918781725888,0.8524259154561872
race_2025_clean_laps_top5,lstm,season,2025,4334,0.3555606829718505,0.3162368283190376
race_2025_clean_laps_top5,cnn,round,2,251,0.9442231075697212,0.9430277409763448
race_2025_clean_laps_top5,cnn,round,3,249,0.963855421686747,0.9637892697532088
race_2025_clean_laps_top5,cnn,round,4,230,0.808695652173913,0.8011327125751958
race_2025_clean_laps_top5,cnn,round,5,225,0.8266666666666667,0.8226272093857625
race_2025_clean_laps_top5,cnn,round,7,220,0.9590909090909091,0.946460778153287
race_2025_clean_laps_top5,cnn,round,8,289,0.44982698961937717,0.40128458358059876
race_2025_clean_laps_top5,cnn,round,9,271,0.8228782287822878,0.8241666688140828
race_2025_clean_laps_top5,cnn,round,11,184,0.5217391304347826,0.4776929664289269
race_2025_clean_laps_top5,cnn,round,14,319,0.9278996865203761,0.929193894287112
race_2025_clean_laps_top5,cnn,round,15,220,0.9363636363636364,0.9138873914345613
race_2025_clean_laps_top5,cnn,round,16,243,0.9465020576131687,0.9457525032484904
race_2025_clean_laps_top5,cnn,round,17,204,0.8480392156862745,0.8373522662076878
race_2025_clean_laps_top5,cnn,round,19,194,0.8711340206185567,0.882763696033216
race_2025_clean_laps_top5,cnn,round,20,307,0.8078175895765473,0.7625642144914042
race_2025_clean_laps_top5,cnn,round,21,198,0.9747474747474747,0.783181493556901
race_2025_clean_laps_top5,cnn,round,22,211,0.9241706161137441,0.9226800543083578
race_2025_clean_laps_top5,cnn,round,23,249,0.8072289156626506,0.7595822167250739
race_2025_clean_laps_top5,cnn,round,24,270,0.9740740740740741,0.973944163944164
race_2025_clean_laps_top5,gru,round,2,251,0.6454183266932271,0.6268533958846894
race_2025_clean_laps_top5,gru,round,3,249,0.3654618473895582,0.2923855092276145
race_2025_clean_laps_top5,gru,round,4,230,0.24782608695652175,0.13607801349736834
race_2025_clean_laps_top5,gru,round,5,225,0.1511111111111111,0.10089734554850834
race_2025_clean_laps_top5,gru,round,7,220,0.7545454545454545,0.7129337781008255
race_2025_clean_laps_top5,gru,round,8,289,0.6643598615916955,0.6596969681785003
race_2025_clean_laps_top5,gru,round,9,271,0.3985239852398524,0.30129913710450623
race_2025_clean_laps_top5,gru,round,11,184,0.4945652173913043,0.27733042283127174
race_2025_clean_laps_top5,gru,round,14,319,0.8652037617554859,0.8608760581662736
race_2025_clean_laps_top5,gru,round,15,220,0.7727272727272727,0.7022359229255781
race_2025_clean_laps_top5,gru,round,16,243,0.48559670781893005,0.4493871042007086
race_2025_clean_laps_top5,gru,round,17,204,0.75,0.6938089428476513
race_2025_clean_laps_top5,gru,round,19,194,0.5567010309278351,0.5244666660846435
race_2025_clean_laps_top5,gru,round,20,307,0.5635179153094463,0.5811310670156502
race_2025_clean_laps_top5,gru,round,21,198,0.9191919191919192,0.7091251410703249
race_2025_clean_laps_top5,gru,round,22,211,0.6682464454976303,0.6417340829105534
race_2025_clean_laps_top5,gru,round,23,249,0.5100401606425703,0.448358306722345
race_2025_clean_laps_top5,gru,round,24,270,0.5333333333333333,0.5308518890517038
race_2025_clean_laps_top5,hybrid_cnn_tabular,round,2,251,0.9402390438247012,0.9400307050158945
race_2025_clean_laps_top5,hybrid_cnn_tabular,round,3,249,0.7751004016064257,0.7200457963089543
race_2025_clean_laps_top5,hybrid_cnn_tabular,round,4,230,0.7391304347826086,0.7230841922595183
race_2025_clean_laps_top5,hybrid_cnn_tabular,round,5,225,0.9111111111111111,0.9115351264776785
race_2025_clean_laps_top5,hybrid_cnn_tabular,round,7,220,0.9454545454545454,0.9267143945163747
race_2025_clean_laps_top5,hybrid_cnn_tabular,round,8,289,0.726643598615917,0.6879902480924053
race_2025_clean_laps_top5,hybrid_cnn_tabular,round,9,271,0.8044280442804428,0.8021213398084974
race_2025_clean_laps_top5,hybrid_cnn_tabular,round,11,184,0.6793478260869565,0.46014631043257
race_2025_clean_laps_top5,hybrid_cnn_tabular,round,14,319,0.9655172413793104,0.9658424044597147
race_2025_clean_laps_top5,hybrid_cnn_tabular,round,15,220,0.95,0.9408505738940521
race_2025_clean_laps_top5,hybrid_cnn_tabular,round,16,243,0.8065843621399177,0.7588739711644328
race_2025_clean_laps_top5,hybrid_cnn_tabular,round,17,204,0.7598039215686274,0.7490615276964111
race_2025_clean_laps_top5,hybrid_cnn_tabular,round,19,194,0.9896907216494846,0.9916630481980026
race_2025_clean_laps_top5,hybrid_cnn_tabular,round,20,307,0.8175895765472313,0.820696518315148
race_2025_clean_laps_top5,hybrid_cnn_tabular,round,21,198,0.9090909090909091,0.7581264008593201
race_2025_clean_laps_top5,hybrid_cnn_tabular,round,22,211,0.8815165876777251,0.8802761258796579
race_2025_clean_laps_top5,hybrid_cnn_tabular,round,23,249,0.7831325301204819,0.7676394535965074
race_2025_clean_laps_top5,hybrid_cnn_tabular,round,24,270,0.9592592592592593,0.9594532303909122
race_2025_clean_laps_top5,lstm,round,2,251,0.199203187250996,0.07168458781362007
race_2025_clean_laps_top5,lstm,round,3,249,0.28112449799196787,0.17681185451279752
race_2025_clean_laps_top5,lstm,round,4,230,0.2782608695652174,0.1699409927108643
race_2025_clean_laps_top5,lstm,round,5,225,0.24888888888888888,0.14696042431660547
race_2025_clean_laps_top5,lstm,round,7,220,0.2636363636363636,0.1367270288397049
race_2025_clean_laps_top5,lstm,round,8,289,0.45674740484429066,0.3725826792255364
race_2025_clean_laps_top5,lstm,round,9,271,0.24354243542435425,0.14081632653061224
race_2025_clean_laps_top5,lstm,round,11,184,0.30434782608695654,0.12005547850208045
race_2025_clean_laps_top5,lstm,round,14,319,0.664576802507837,0.6202198446217786
race_2025_clean_laps_top5,lstm,round,15,220,0.33636363636363636,0.24197575757575757
race_2025_clean_laps_top5,lstm,round,16,243,0.38271604938271603,0.27164010065502603
race_2025_clean_laps_top5,lstm,round,17,204,0.5637254901960784,0.5447625829837179
race_2025_clean_laps_top5,lstm,round,19,194,0.25257731958762886,0.08783131509865356
race_2025_clean_laps_top5,lstm,round,20,307,0.3257328990228013,0.23796736123143428
race_2025_clean_laps_top5,lstm,round,21,198,0.4797979797979798,0.43196235496964686
race_2025_clean_laps_top5,lstm,round,22,211,0.3791469194312796,0.2630622457428808
race_2025_clean_laps_top5,lstm,round,23,249,0.3333333333333333,0.20747206349528552
race_2025_clean_laps_top5,lstm,round,24,270,0.32592592592592595,0.20268122088234933
race_2025_clean_laps_top5,cnn,event_name,Abu Dhabi Grand Prix,270,0.9740740740740741,0.973944163944164
race_2025_clean_laps_top5,cnn,event_name,Austrian Grand Prix,184,0.5217391304347826,0.4776929664289269
race_2025_clean_laps_top5,cnn,event_name,Azerbaijan Grand Prix,204,0.8480392156862745,0.8373522662076878
race_2025_clean_laps_top5,cnn,event_name,Bahrain Grand Prix,230,0.808695652173913,0.8011327125751958
race_2025_clean_laps_top5,cnn,event_name,Chinese Grand Prix,251,0.9442231075697212,0.9430277409763448
race_2025_clean_laps_top5,cnn,event_name,Dutch Grand Prix,220,0.9363636363636364,0.9138873914345613
race_2025_clean_laps_top5,cnn,event_name,Emilia Romagna Grand Prix,220,0.9590909090909091,0.946460778153287
race_2025_clean_laps_top5,cnn,event_name,Hungarian Grand Prix,319,0.9278996865203761,0.929193894287112
race_2025_clean_laps_top5,cnn,event_name,Italian Grand Prix,243,0.9465020576131687,0.9457525032484904
race_2025_clean_laps_top5,cnn,event_name,Japanese Grand Prix,249,0.963855421686747,0.9637892697532088
race_2025_clean_laps_top5,cnn,event_name,Las Vegas Grand Prix,211,0.9241706161137441,0.9226800543083578
race_2025_clean_laps_top5,cnn,event_name,Mexico City Grand Prix,307,0.8078175895765473,0.7625642144914042
race_2025_clean_laps_top5,cnn,event_name,Monaco Grand Prix,289,0.44982698961937717,0.40128458358059876
race_2025_clean_laps_top5,cnn,event_name,Qatar Grand Prix,249,0.8072289156626506,0.7595822167250739
race_2025_clean_laps_top5,cnn,event_name,Saudi Arabian Grand Prix,225,0.8266666666666667,0.8226272093857625
race_2025_clean_laps_top5,cnn,event_name,Spanish Grand Prix,271,0.8228782287822878,0.8241666688140828
race_2025_clean_laps_top5,cnn,event_name,São Paulo Grand Prix,198,0.9747474747474747,0.783181493556901
race_2025_clean_laps_top5,cnn,event_name,United States Grand Prix,194,0.8711340206185567,0.882763696033216
race_2025_clean_laps_top5,gru,event_name,Abu Dhabi Grand Prix,270,0.5333333333333333,0.5308518890517038
race_2025_clean_laps_top5,gru,event_name,Austrian Grand Prix,184,0.4945652173913043,0.27733042283127174
race_2025_clean_laps_top5,gru,event_name,Azerbaijan Grand Prix,204,0.75,0.6938089428476513
race_2025_clean_laps_top5,gru,event_name,Bahrain Grand Prix,230,0.24782608695652175,0.13607801349736834
race_2025_clean_laps_top5,gru,event_name,Chinese Grand Prix,251,0.6454183266932271,0.6268533958846894
race_2025_clean_laps_top5,gru,event_name,Dutch Grand Prix,220,0.7727272727272727,0.7022359229255781
race_2025_clean_laps_top5,gru,event_name,Emilia Romagna Grand Prix,220,0.7545454545454545,0.7129337781008255
race_2025_clean_laps_top5,gru,event_name,Hungarian Grand Prix,319,0.8652037617554859,0.8608760581662736
race_2025_clean_laps_top5,gru,event_name,Italian Grand Prix,243,0.48559670781893005,0.4493871042007086
race_2025_clean_laps_top5,gru,event_name,Japanese Grand Prix,249,0.3654618473895582,0.2923855092276145
race_2025_clean_laps_top5,gru,event_name,Las Vegas Grand Prix,211,0.6682464454976303,0.6417340829105534
race_2025_clean_laps_top5,gru,event_name,Mexico City Grand Prix,307,0.5635179153094463,0.5811310670156502
race_2025_clean_laps_top5,gru,event_name,Monaco Grand Prix,289,0.6643598615916955,0.6596969681785003
race_2025_clean_laps_top5,gru,event_name,Qatar Grand Prix,249,0.5100401606425703,0.448358306722345
race_2025_clean_laps_top5,gru,event_name,Saudi Arabian Grand Prix,225,0.1511111111111111,0.10089734554850834
race_2025_clean_laps_top5,gru,event_name,Spanish Grand Prix,271,0.3985239852398524,0.30129913710450623
race_2025_clean_laps_top5,gru,event_name,São Paulo Grand Prix,198,0.9191919191919192,0.7091251410703249
race_2025_clean_laps_top5,gru,event_name,United States Grand Prix,194,0.5567010309278351,0.5244666660846435
race_2025_clean_laps_top5,hybrid_cnn_tabular,event_name,Abu Dhabi Grand Prix,270,0.9592592592592593,0.9594532303909122
race_2025_clean_laps_top5,hybrid_cnn_tabular,event_name,Austrian Grand Prix,184,0.6793478260869565,0.46014631043257
race_2025_clean_laps_top5,hybrid_cnn_tabular,event_name,Azerbaijan Grand Prix,204,0.7598039215686274,0.7490615276964111
race_2025_clean_laps_top5,hybrid_cnn_tabular,event_name,Bahrain Grand Prix,230,0.7391304347826086,0.7230841922595183
race_2025_clean_laps_top5,hybrid_cnn_tabular,event_name,Chinese Grand Prix,251,0.9402390438247012,0.9400307050158945
race_2025_clean_laps_top5,hybrid_cnn_tabular,event_name,Dutch Grand Prix,220,0.95,0.9408505738940521
race_2025_clean_laps_top5,hybrid_cnn_tabular,event_name,Emilia Romagna Grand Prix,220,0.9454545454545454,0.9267143945163747
race_2025_clean_laps_top5,hybrid_cnn_tabular,event_name,Hungarian Grand Prix,319,0.9655172413793104,0.9658424044597147
race_2025_clean_laps_top5,hybrid_cnn_tabular,event_name,Italian Grand Prix,243,0.8065843621399177,0.7588739711644328
race_2025_clean_laps_top5,hybrid_cnn_tabular,event_name,Japanese Grand Prix,249,0.7751004016064257,0.7200457963089543
race_2025_clean_laps_top5,hybrid_cnn_tabular,event_name,Las Vegas Grand Prix,211,0.8815165876777251,0.8802761258796579
race_2025_clean_laps_top5,hybrid_cnn_tabular,event_name,Mexico City Grand Prix,307,0.8175895765472313,0.820696518315148
race_2025_clean_laps_top5,hybrid_cnn_tabular,event_name,Monaco Grand Prix,289,0.726643598615917,0.6879902480924053
race_2025_clean_laps_top5,hybrid_cnn_tabular,event_name,Qatar Grand Prix,249,0.7831325301204819,0.7676394535965074
race_2025_clean_laps_top5,hybrid_cnn_tabular,event_name,Saudi Arabian Grand Prix,225,0.9111111111111111,0.9115351264776785
race_2025_clean_laps_top5,hybrid_cnn_tabular,event_name,Spanish Grand Prix,271,0.8044280442804428,0.8021213398084974
race_2025_clean_laps_top5,hybrid_cnn_tabular,event_name,São Paulo Grand Prix,198,0.9090909090909091,0.7581264008593201
race_2025_clean_laps_top5,hybrid_cnn_tabular,event_name,United States Grand Prix,194,0.9896907216494846,0.9916630481980026
race_2025_clean_laps_top5,lstm,event_name,Abu Dhabi Grand Prix,270,0.32592592592592595,0.20268122088234933
race_2025_clean_laps_top5,lstm,event_name,Austrian Grand Prix,184,0.30434782608695654,0.12005547850208045
race_2025_clean_laps_top5,lstm,event_name,Azerbaijan Grand Prix,204,0.5637254901960784,0.5447625829837179
race_2025_clean_laps_top5,lstm,event_name,Bahrain Grand Prix,230,0.2782608695652174,0.1699409927108643
race_2025_clean_laps_top5,lstm,event_name,Chinese Grand Prix,251,0.199203187250996,0.07168458781362007
race_2025_clean_laps_top5,lstm,event_name,Dutch Grand Prix,220,0.33636363636363636,0.24197575757575757
race_2025_clean_laps_top5,lstm,event_name,Emilia Romagna Grand Prix,220,0.2636363636363636,0.1367270288397049
race_2025_clean_laps_top5,lstm,event_name,Hungarian Grand Prix,319,0.664576802507837,0.6202198446217786
race_2025_clean_laps_top5,lstm,event_name,Italian Grand Prix,243,0.38271604938271603,0.27164010065502603
race_2025_clean_laps_top5,lstm,event_name,Japanese Grand Prix,249,0.28112449799196787,0.17681185451279752
race_2025_clean_laps_top5,lstm,event_name,Las Vegas Grand Prix,211,0.3791469194312796,0.2630622457428808
race_2025_clean_laps_top5,lstm,event_name,Mexico City Grand Prix,307,0.3257328990228013,0.23796736123143428
race_2025_clean_laps_top5,lstm,event_name,Monaco Grand Prix,289,0.45674740484429066,0.3725826792255364
race_2025_clean_laps_top5,lstm,event_name,Qatar Grand Prix,249,0.3333333333333333,0.20747206349528552
race_2025_clean_laps_top5,lstm,event_name,Saudi Arabian Grand Prix,225,0.24888888888888888,0.14696042431660547
race_2025_clean_laps_top5,lstm,event_name,Spanish Grand Prix,271,0.24354243542435425,0.14081632653061224
race_2025_clean_laps_top5,lstm,event_name,São Paulo Grand Prix,198,0.4797979797979798,0.43196235496964686
race_2025_clean_laps_top5,lstm,event_name,United States Grand Prix,194,0.25257731958762886,0.08783131509865356
