dataset,feature,feature_family,importance_macro_f1_drop_mean,importance_macro_f1_drop_std,n_folds
race_2025_clean_laps_top5,gear_mean,gear,0.20157803362436946,0.09972920385695615,5
long_qualifying_2018_2025_top5,gear_mean,gear,0.20006080180437275,0.042593018520945936,5
short_qualifying_2023_2025_top5,gear_mean,gear,0.19336675259258404,0.02300593915001291,5
short_qualifying_2023_2025_top5,throttle_zero_frac,throttle,0.18098330033481352,0.031226777673126736,5
long_qualifying_2018_2025_top5,rpm_diff_std,rpm,0.16361341812716262,0.03518421072167341,5
race_2025_clean_laps_top5,throttle_mean,throttle,0.15643234137532774,0.07162746689203864,5
long_qualifying_2018_2025_top5,throttle_std,throttle,0.14420647622923718,0.0412169760740881,5
long_qualifying_2018_2025_top5,speed_std,speed,0.1358539740321813,0.04863498177126522,5
long_qualifying_2018_2025_top5,gear_std,gear,0.1279446931889861,0.037745194610754755,5
short_qualifying_2023_2025_top5,rpm_diff_std,rpm,0.12684793994696647,0.037230091528482556,5
long_qualifying_2018_2025_top5,rpm_std,rpm,0.1249688909789501,0.025386707152859154,5
race_2025_clean_laps_top5,throttle_std,throttle,0.12284195283826897,0.0541184531854417,5
race_2025_clean_laps_top5,throttle_diff_abs_mean,throttle,0.12269968022787814,0.04349187381530292,5
long_qualifying_2018_2025_top5,throttle_mean,throttle,0.12238339033428991,0.05685152207846846,5
race_2025_clean_laps_top5,throttle_zero_frac,throttle,0.121558093850623,0.03228883447584202,5
race_2025_clean_laps_top5,speed_std,speed,0.11979883055971834,0.060518537502690616,5
long_qualifying_2018_2025_top5,throttle_diff_std,throttle,0.11924723313606285,0.029626959521366167,5
long_qualifying_2018_2025_top5,rpm_mean,rpm,0.11489318420529251,0.030092399599544354,5
short_qualifying_2023_2025_top5,throttle_diff_abs_mean,throttle,0.11418232251588019,0.0507422645195788,5
long_qualifying_2018_2025_top5,throttle_diff_abs_mean,throttle,0.11312057856053044,0.022275652161082734,5
race_2025_clean_laps_top5,gear_std,gear,0.11188107773425413,0.06368921474360803,5
short_qualifying_2023_2025_top5,throttle_diff_std,throttle,0.11098601630303265,0.039848753779469955,5
long_qualifying_2018_2025_top5,speed_mean,speed,0.10928476442811488,0.03293215069856326,5
race_2025_clean_laps_top5,throttle_mid_frac,throttle,0.10556316313770182,0.028189559444351035,5
long_qualifying_2018_2025_top5,throttle_zero_frac,throttle,0.10352509935921808,0.025256216972936965,5
long_qualifying_2018_2025_top5,brake_on_count,brake,0.10231484482523634,0.024039607286611708,5
short_qualifying_2023_2025_top5,throttle_mid_frac,throttle,0.10202097785933026,0.034939824999431594,5
race_2025_clean_laps_top5,rpm_mean,rpm,0.0995021582281643,0.05812086535760787,5
short_qualifying_2023_2025_top5,throttle_full_frac,throttle,0.09729939548766232,0.0633758012325523,5
race_2025_clean_laps_top5,throttle_full_frac,throttle,0.0956331055796295,0.05089057426206436,5
race_2025_clean_laps_top5,rpm_std,rpm,0.09531818876245478,0.019683013466990588,5
long_qualifying_2018_2025_top5,speed_diff_abs_mean,speed,0.0929666236107332,0.044603402856510196,5
long_qualifying_2018_2025_top5,n_samples,other,0.08675444226303888,0.04607634129612239,5
long_qualifying_2018_2025_top5,gear_change_count,gear,0.07860351449082095,0.011348628864998456,5
short_qualifying_2023_2025_top5,throttle_std,throttle,0.07475087635745598,0.026658200703897374,5
long_qualifying_2018_2025_top5,throttle_full_frac,throttle,0.07410046507750435,0.020141474813519394,5
long_qualifying_2018_2025_top5,speed_q50,speed,0.07356278349850238,0.03472675868631951,5
race_2025_clean_laps_top5,throttle_diff_std,throttle,0.07279712410416284,0.0402351188886929,5
race_2025_clean_laps_top5,speed_mean,speed,0.07138721387705384,0.08530226836085192,5
race_2025_clean_laps_top5,brake_on_count,brake,0.06379336507493417,0.01658327096342117,5
race_2025_clean_laps_top5,speed_q50,speed,0.06186185529821562,0.0956643758972897,5
short_qualifying_2023_2025_top5,rpm_max,rpm,0.05810673155596693,0.017064360983473595,5
short_qualifying_2023_2025_top5,brake_diff_std,brake,0.05606390757435582,0.025506344434221458,5
race_2025_clean_laps_top5,gear_change_count,gear,0.052412288492790025,0.04863776592242634,5
long_qualifying_2018_2025_top5,rpm_min,rpm,0.051848815835085604,0.025366723431676116,5
short_qualifying_2023_2025_top5,speed_std,speed,0.05172037826060709,0.05610217916056217,5
race_2025_clean_laps_top5,speed_q10,speed,0.049852814959677874,0.048673110845957046,5
long_qualifying_2018_2025_top5,throttle_mid_frac,throttle,0.04891610362478145,0.014282911231962481,5
race_2025_clean_laps_top5,brake_std,brake,0.04858523115931749,0.05403068326752016,5
short_qualifying_2023_2025_top5,brake_active_frac,brake,0.046988204795608224,0.012881501649776748,5
short_qualifying_2023_2025_top5,throttle_p25,throttle,0.04377677582506744,0.040228848913759954,5
long_qualifying_2018_2025_top5,rpm_diff_abs_mean,rpm,0.042784951626718734,0.037561003383863624,5
long_qualifying_2018_2025_top5,rpm_max,rpm,0.04235893812842054,0.020924206092530685,5
long_qualifying_2018_2025_top5,speed_q90,speed,0.03872917015679937,0.03142499117302092,5
short_qualifying_2023_2025_top5,throttle_p10,throttle,0.03827438830952628,0.02955797956202393,5
short_qualifying_2023_2025_top5,gear_std,gear,0.03596190362396309,0.04027146704202687,5
race_2025_clean_laps_top5,speed_diff_abs_mean,speed,0.03559544571020123,0.02323952659326576,5
short_qualifying_2023_2025_top5,brake_mean,brake,0.034540665808120374,0.01731585935011703,5
short_qualifying_2023_2025_top5,rpm_median,rpm,0.03437655522543393,0.014479239792906206,5
race_2025_clean_laps_top5,n_samples,other,0.03354048647318009,0.023486590482315644,5
long_qualifying_2018_2025_top5,speed_q10,speed,0.03279137606354219,0.02954069922563103,5
long_qualifying_2018_2025_top5,brake_std,brake,0.031421200630926654,0.024036609453865994,5
short_qualifying_2023_2025_top5,rpm_diff_abs_mean,rpm,0.031124927368588684,0.043657723659650025,5
short_qualifying_2023_2025_top5,brake_diff_abs_mean,brake,0.03065160480735122,0.01522158372713455,5
long_qualifying_2018_2025_top5,brake_active_frac,brake,0.030469682567837247,0.030101972153494874,5
race_2025_clean_laps_top5,speed_q90,speed,0.03041286366468025,0.03842100125205677,5
long_qualifying_2018_2025_top5,brake_mean,brake,0.02989193786375982,0.02619372078823217,5
long_qualifying_2018_2025_top5,speed_min,speed,0.029466462855478832,0.006964162317639984,5
race_2025_clean_laps_top5,rpm_diff_abs_mean,rpm,0.027221773452822423,0.0196643058734458,5
short_qualifying_2023_2025_top5,gear_change_count,gear,0.027052349179763367,0.03585702396302443,5
short_qualifying_2023_2025_top5,throttle_high_frac,throttle,0.02674880532837192,0.031662362936183755,5
short_qualifying_2023_2025_top5,throttle_diff_abs_max,throttle,0.02638482820978444,0.008458724303009788,5
race_2025_clean_laps_top5,brake_active_frac,brake,0.02589885530649467,0.019261542243705708,5
race_2025_clean_laps_top5,brake_mean,brake,0.024523966678374927,0.020553732172404145,5
race_2025_clean_laps_top5,rpm_min,rpm,0.02169360829009274,0.024151623884661473,5
race_2025_clean_laps_top5,speed_min,speed,0.021256703237583396,0.021597168163617217,5
short_qualifying_2023_2025_top5,rpm_min,rpm,0.01888051998952526,0.030305813945764308,5
short_qualifying_2023_2025_top5,brake_on_count,brake,0.01857893468511316,0.014678660870565904,5
long_qualifying_2018_2025_top5,speed_diff_std,speed,0.017492653133726492,0.011125042908806093,5
race_2025_clean_laps_top5,rpm_diff_std,rpm,0.017284756478758153,0.02342499961964761,5
race_2025_clean_laps_top5,speed_max,speed,0.016643201031590484,0.018780903395667646,5
short_qualifying_2023_2025_top5,gear_min,gear,0.014733068250505316,0.009049430430489534,5
race_2025_clean_laps_top5,speed_diff_std,speed,0.014625162145344345,0.018810777452585806,5
short_qualifying_2023_2025_top5,speed_p75,speed,0.014514265901908938,0.023042062859435945,5
race_2025_clean_laps_top5,gear_max,gear,0.014254466085164336,0.024826794380889566,5
short_qualifying_2023_2025_top5,rpm_mean,rpm,0.01144080277718722,0.02573841627014784,5
short_qualifying_2023_2025_top5,gear_median,gear,0.010734138681049384,0.01684229681861304,5
long_qualifying_2018_2025_top5,speed_diff_mean,speed,0.0105590096437391,0.014843667365590145,5
long_qualifying_2018_2025_top5,speed_max,speed,0.010511213058685928,0.024577640935115268,5
race_2025_clean_laps_top5,rpm_max,rpm,0.009095775582144498,0.004814692923339863,5
short_qualifying_2023_2025_top5,throttle_p75,throttle,0.00895989459815547,0.007862985749740781,5
short_qualifying_2023_2025_top5,speed_diff_std,speed,0.008753850957226916,0.00846185992319329,5
short_qualifying_2023_2025_top5,speed_p10,speed,0.00787214742711309,0.018187133416512,5
long_qualifying_2018_2025_top5,speed_range,speed,0.007290507539215371,0.010800277602460426,5
long_qualifying_2018_2025_top5,gear_min,gear,0.00708059435360354,0.016212661732171302,5
short_qualifying_2023_2025_top5,speed_diff_abs_mean,speed,0.007050317798143859,0.019403632012535938,5
race_2025_clean_laps_top5,gear_min,gear,0.006845666002044726,0.010521433540678964,5
short_qualifying_2023_2025_top5,throttle_low_frac,throttle,0.0062623277222819546,0.016230872474163834,5
short_qualifying_2023_2025_top5,rpm_std,rpm,0.006142906856682569,0.015450856704462529,5
long_qualifying_2018_2025_top5,throttle_max,throttle,0.006044546613060411,0.00753230120417663,5
short_qualifying_2023_2025_top5,throttle_median,throttle,0.00596465491384322,0.01190421832959758,5
short_qualifying_2023_2025_top5,speed_p25,speed,0.005711051846704023,0.012753472126743964,5
short_qualifying_2023_2025_top5,rpm_diff_abs_max,rpm,0.005604453822302795,0.0074191091193632885,5
short_qualifying_2023_2025_top5,rpm_cv,rpm,0.005406672656100575,0.011118232232262487,5
short_qualifying_2023_2025_top5,throttle_max,throttle,0.004702086319477621,0.004190323037586179,5
long_qualifying_2018_2025_top5,last_brake_frac_pos,other,0.0029931891860227287,0.0069774636104257305,5
short_qualifying_2023_2025_top5,throttle_mean,throttle,0.0026517319930484495,0.00813300751473687,5
long_qualifying_2018_2025_top5,rpm_diff_mean,rpm,0.0025139909537115956,0.010427846724924698,5
short_qualifying_2023_2025_top5,gear_max,gear,0.0016631881314718821,0.003643797223704149,5
short_qualifying_2023_2025_top5,brake_std,brake,0.0015245623941276066,0.006491244564403379,5
race_2025_clean_laps_top5,speed_diff_mean,speed,0.0015170455127325954,0.003367177972281478,5
race_2025_clean_laps_top5,speed_range,speed,0.0014783616970455208,0.008379088293581062,5
short_qualifying_2023_2025_top5,speed_diff_abs_max,speed,0.0013875292061104275,0.02026486285076475,5
race_2025_clean_laps_top5,rpm_diff_mean,rpm,0.0009214970842946225,0.002547097779750241,5
long_qualifying_2018_2025_top5,gear_max,gear,0.0008631034275245275,0.0021209487076271805,5
short_qualifying_2023_2025_top5,speed_p90,speed,0.0007265198569546439,0.001624547787154007,5
short_qualifying_2023_2025_top5,speed_diff_mean,speed,0.0007092733353602743,0.0012322988342680491,5
short_qualifying_2023_2025_top5,speed_median,speed,0.0005336991002894865,0.009519864509252445,5
race_2025_clean_laps_top5,throttle_diff_mean,throttle,0.00045388382846869304,0.001281237093759638,5
long_qualifying_2018_2025_top5,throttle_diff_mean,throttle,0.00039734669213645544,0.004129158936579097,5
short_qualifying_2023_2025_top5,rpm_diff_mean,rpm,0.00011031866684041887,0.013524566659357065,5
short_qualifying_2023_2025_top5,speed_mean,speed,0.0,0.0,5
long_qualifying_2018_2025_top5,brake_max,brake,0.0,0.0,5
race_2025_clean_laps_top5,brake_max,brake,0.0,0.0,5
short_qualifying_2023_2025_top5,speed_max,speed,0.0,0.0,5
short_qualifying_2023_2025_top5,throttle_p90,throttle,0.0,0.0,5
short_qualifying_2023_2025_top5,brake_max,brake,0.0,0.0,5
short_qualifying_2023_2025_top5,brake_p90,brake,0.0,0.0,5
short_qualifying_2023_2025_top5,brake_diff_abs_max,brake,0.0,0.0,5
short_qualifying_2023_2025_top5,throttle_diff_mean,throttle,-4.398268398269961e-05,0.0025775319582249765,5
race_2025_clean_laps_top5,throttle_max,throttle,-0.00023428181552921594,0.0010401724809706232,5
short_qualifying_2023_2025_top5,speed_range,speed,-0.00024685398506913044,0.011769659796773958,5
short_qualifying_2023_2025_top5,speed_cv,speed,-0.0006822510822510841,0.0015255597976362241,5
short_qualifying_2023_2025_top5,speed_min,speed,-0.0007802827226168276,0.004901725918548368,5
race_2025_clean_laps_top5,last_brake_frac_pos,other,-0.0018602560821737724,0.0038409506298032908,5
race_2025_clean_laps_top5,first_brake_frac_pos,other,-0.004822153788907856,0.01403001030645342,5
long_qualifying_2018_2025_top5,first_brake_frac_pos,other,-0.00765220983416981,0.007101416434954405,5
